TraceName,ExpName,ipc,precision,recall,Filter
801.xz_s-cld_2700-17B,proj_nopf,1.87578,0,0,1
801.xz_s-cld_2700-17B,proj_pythia,1.88474,0,0,1
801.xz_s-cld_2700-17B,proj_normal,1.88463,93.87,88.11,1
801.xz_s-cld_2700-17B,proj_normal_pythia,1.88867,87.02,74.2,1
801.xz_s-cld_2700-17B,proj_xpt,1.87584,98.97,15.54,1
801.xz_s-cld_2700-17B,proj_xpt_pythia,1.88458,98.03,18.43,1
801.xz_s-cld_2700-199B,proj_nopf,1.8907,0,0,1
801.xz_s-cld_2700-199B,proj_pythia,1.90424,0,0,1
801.xz_s-cld_2700-199B,proj_normal,1.90718,92.59,99.44,1
801.xz_s-cld_2700-199B,proj_normal_pythia,1.91561,88.56,90.25,1
801.xz_s-cld_2700-199B,proj_xpt,1.89087,99.97,11.38,1
801.xz_s-cld_2700-199B,proj_xpt_pythia,1.9042,98.2,13.09,1
801.xz_s-cld_2700-414B,proj_nopf,1.88716,0,0,1
801.xz_s-cld_2700-414B,proj_pythia,1.90395,0,0,1
801.xz_s-cld_2700-414B,proj_normal,1.90491,92.99,99.41,1
801.xz_s-cld_2700-414B,proj_normal_pythia,1.91536,88.71,90.13,1
801.xz_s-cld_2700-414B,proj_xpt,1.88733,99.96,11.11,1
801.xz_s-cld_2700-414B,proj_xpt_pythia,1.90394,98.14,13.42,1
801.xz_s-cld_2700-49B,proj_nopf,1.87605,0,0,1
801.xz_s-cld_2700-49B,proj_pythia,1.8937,0,0,1
801.xz_s-cld_2700-49B,proj_normal,1.89511,94.59,99.63,1
801.xz_s-cld_2700-49B,proj_normal_pythia,1.90671,91.71,91.91,1
801.xz_s-cld_2700-49B,proj_xpt,1.87631,99.99,11.01,1
801.xz_s-cld_2700-49B,proj_xpt_pythia,1.89369,98.28,12.36,1
817.flac_s-compiler_puzzles_lvl6-161B,proj_nopf,1.7333,0,0,1
817.flac_s-compiler_puzzles_lvl6-161B,proj_pythia,1.73332,0,0,1
817.flac_s-compiler_puzzles_lvl6-161B,proj_normal,1.73332,100.0,97.74,1
817.flac_s-compiler_puzzles_lvl6-161B,proj_normal_pythia,1.73333,88.35,72.42,1
817.flac_s-compiler_puzzles_lvl6-161B,proj_xpt,1.7333,100.0,40.37,1
817.flac_s-compiler_puzzles_lvl6-161B,proj_xpt_pythia,1.73332,89.26,25.95,1
817.flac_s-compiler_puzzles_lvl6-391B,proj_nopf,1.73127,0,0,1
817.flac_s-compiler_puzzles_lvl6-391B,proj_pythia,1.73129,0,0,1
817.flac_s-compiler_puzzles_lvl6-391B,proj_normal,1.73128,100.0,97.72,1
817.flac_s-compiler_puzzles_lvl6-391B,proj_normal_pythia,1.7313,93.65,84.31,1
817.flac_s-compiler_puzzles_lvl6-391B,proj_xpt,1.73127,100.0,39.54,1
817.flac_s-compiler_puzzles_lvl6-391B,proj_xpt_pythia,1.73129,94.4,35.08,1
817.flac_s-compiler_puzzles_lvl6-49B,proj_nopf,1.73227,0,0,1
817.flac_s-compiler_puzzles_lvl6-49B,proj_pythia,1.73229,0,0,1
817.flac_s-compiler_puzzles_lvl6-49B,proj_normal,1.73228,100.0,97.8,1
817.flac_s-compiler_puzzles_lvl6-49B,proj_normal_pythia,1.7323,90.57,74.2,1
817.flac_s-compiler_puzzles_lvl6-49B,proj_xpt,1.73227,100.0,39.85,1
817.flac_s-compiler_puzzles_lvl6-49B,proj_xpt_pythia,1.73229,88.89,25.27,1
817.flac_s-compiler_puzzles_lvl7-189B,proj_nopf,1.83422,0,0,1
817.flac_s-compiler_puzzles_lvl7-189B,proj_pythia,1.83425,0,0,1
817.flac_s-compiler_puzzles_lvl7-189B,proj_normal,1.83422,100.0,97.89,1
817.flac_s-compiler_puzzles_lvl7-189B,proj_normal_pythia,1.83425,90.04,71.87,1
817.flac_s-compiler_puzzles_lvl7-189B,proj_xpt,1.83422,100.0,38.18,1
817.flac_s-compiler_puzzles_lvl7-189B,proj_xpt_pythia,1.83425,85.03,25.77,1
817.flac_s-compiler_puzzles_lvl7-216B,proj_nopf,1.83235,0,0,1
817.flac_s-compiler_puzzles_lvl7-216B,proj_pythia,1.83238,0,0,1
817.flac_s-compiler_puzzles_lvl7-216B,proj_normal,1.83235,100.0,97.77,1
817.flac_s-compiler_puzzles_lvl7-216B,proj_normal_pythia,1.83239,90.79,74.83,1
817.flac_s-compiler_puzzles_lvl7-216B,proj_xpt,1.83235,100.0,38.54,1
817.flac_s-compiler_puzzles_lvl7-216B,proj_xpt_pythia,1.83238,92.1,28.94,1
817.flac_s-compiler_puzzles_lvl7-279B,proj_nopf,1.83666,0,0,1
817.flac_s-compiler_puzzles_lvl7-279B,proj_pythia,1.83671,0,0,1
817.flac_s-compiler_puzzles_lvl7-279B,proj_normal,1.83666,100.0,97.79,1
817.flac_s-compiler_puzzles_lvl7-279B,proj_normal_pythia,1.83671,90.17,72.32,1
817.flac_s-compiler_puzzles_lvl7-279B,proj_xpt,1.83666,100.0,39.16,1
817.flac_s-compiler_puzzles_lvl7-279B,proj_xpt_pythia,1.83671,91.69,28.25,1
817.flac_s-compiler_puzzles_lvl8-1200B,proj_nopf,1.8797,0,0,1
817.flac_s-compiler_puzzles_lvl8-1200B,proj_pythia,1.87973,0,0,1
817.flac_s-compiler_puzzles_lvl8-1200B,proj_normal,1.8797,100.0,97.93,1
817.flac_s-compiler_puzzles_lvl8-1200B,proj_normal_pythia,1.87974,90.76,72.22,1
817.flac_s-compiler_puzzles_lvl8-1200B,proj_xpt,1.8797,100.0,41.38,1
817.flac_s-compiler_puzzles_lvl8-1200B,proj_xpt_pythia,1.87973,93.33,27.51,1
817.flac_s-compiler_puzzles_lvl8-2280B,proj_nopf,1.8787,0,0,1
817.flac_s-compiler_puzzles_lvl8-2280B,proj_pythia,1.87873,0,0,1
817.flac_s-compiler_puzzles_lvl8-2280B,proj_normal,1.87871,100.0,98.14,1
817.flac_s-compiler_puzzles_lvl8-2280B,proj_normal_pythia,1.87873,90.72,73.88,1
817.flac_s-compiler_puzzles_lvl8-2280B,proj_xpt,1.8787,100.0,42.41,1
817.flac_s-compiler_puzzles_lvl8-2280B,proj_xpt_pythia,1.87873,89.82,28.28,1
817.flac_s-designing_motherboard_lvl6-198B,proj_nopf,1.77061,0,0,1
817.flac_s-designing_motherboard_lvl6-198B,proj_pythia,1.77063,0,0,1
817.flac_s-designing_motherboard_lvl6-198B,proj_normal,1.77062,100.0,98.15,1
817.flac_s-designing_motherboard_lvl6-198B,proj_normal_pythia,1.77064,87.09,72.85,1
817.flac_s-designing_motherboard_lvl6-198B,proj_xpt,1.77061,100.0,42.17,1
817.flac_s-designing_motherboard_lvl6-198B,proj_xpt_pythia,1.77063,88.47,25.05,1
817.flac_s-designing_motherboard_lvl6-637B,proj_nopf,1.77093,0,0,1
817.flac_s-designing_motherboard_lvl6-637B,proj_pythia,1.77095,0,0,1
817.flac_s-designing_motherboard_lvl6-637B,proj_normal,1.77094,100.0,98.24,1
817.flac_s-designing_motherboard_lvl6-637B,proj_normal_pythia,1.77095,91.08,71.91,1
817.flac_s-designing_motherboard_lvl6-637B,proj_xpt,1.77093,100.0,42.04,1
817.flac_s-designing_motherboard_lvl6-637B,proj_xpt_pythia,1.77095,88.32,27.24,1
817.flac_s-designing_motherboard_lvl6-823B,proj_nopf,1.7713,0,0,1
817.flac_s-designing_motherboard_lvl6-823B,proj_pythia,1.77132,0,0,1
817.flac_s-designing_motherboard_lvl6-823B,proj_normal,1.7713,100.0,98.17,1
817.flac_s-designing_motherboard_lvl6-823B,proj_normal_pythia,1.77132,91.51,74.17,1
817.flac_s-designing_motherboard_lvl6-823B,proj_xpt,1.7713,100.0,42.25,1
817.flac_s-designing_motherboard_lvl6-823B,proj_xpt_pythia,1.77132,89.97,28.24,1
817.flac_s-designing_motherboard_lvl6-957B,proj_nopf,1.77114,0,0,1
817.flac_s-designing_motherboard_lvl6-957B,proj_pythia,1.77117,0,0,1
817.flac_s-designing_motherboard_lvl6-957B,proj_normal,1.77115,100.0,98.13,1
817.flac_s-designing_motherboard_lvl6-957B,proj_normal_pythia,1.77117,92.5,76.53,1
817.flac_s-designing_motherboard_lvl6-957B,proj_xpt,1.77114,100.0,41.61,1
817.flac_s-designing_motherboard_lvl6-957B,proj_xpt_pythia,1.77117,87.57,29.11,1
817.flac_s-designing_motherboard_lvl7-122B,proj_nopf,1.75483,0,0,1
817.flac_s-designing_motherboard_lvl7-122B,proj_pythia,1.75485,0,0,1
817.flac_s-designing_motherboard_lvl7-122B,proj_normal,1.75483,100.0,98.23,1
817.flac_s-designing_motherboard_lvl7-122B,proj_normal_pythia,1.75485,89.24,69.7,1
817.flac_s-designing_motherboard_lvl7-122B,proj_xpt,1.75483,100.0,40.1,1
817.flac_s-designing_motherboard_lvl7-122B,proj_xpt_pythia,1.75485,77.23,26.12,1
817.flac_s-designing_motherboard_lvl7-408B,proj_nopf,1.75426,0,0,1
817.flac_s-designing_motherboard_lvl7-408B,proj_pythia,1.75429,0,0,1
817.flac_s-designing_motherboard_lvl7-408B,proj_normal,1.75427,100.0,98.15,1
817.flac_s-designing_motherboard_lvl7-408B,proj_normal_pythia,1.75429,92.61,75.79,1
817.flac_s-designing_motherboard_lvl7-408B,proj_xpt,1.75426,100.0,39.93,1
817.flac_s-designing_motherboard_lvl7-408B,proj_xpt_pythia,1.75429,90.27,28.61,1
817.flac_s-designing_motherboard_lvl7-452B,proj_nopf,1.75554,0,0,1
817.flac_s-designing_motherboard_lvl7-452B,proj_pythia,1.75556,0,0,1
817.flac_s-designing_motherboard_lvl7-452B,proj_normal,1.75554,100.0,98.2,1
817.flac_s-designing_motherboard_lvl7-452B,proj_normal_pythia,1.75556,92.28,73.79,1
817.flac_s-designing_motherboard_lvl7-452B,proj_xpt,1.75554,100.0,40.25,1
817.flac_s-designing_motherboard_lvl7-452B,proj_xpt_pythia,1.75556,85.03,29.69,1
817.flac_s-designing_motherboard_lvl7-456B,proj_nopf,1.75487,0,0,1
817.flac_s-designing_motherboard_lvl7-456B,proj_pythia,1.7549,0,0,1
817.flac_s-designing_motherboard_lvl7-456B,proj_normal,1.75487,100.0,97.8,1
817.flac_s-designing_motherboard_lvl7-456B,proj_normal_pythia,1.7549,92.31,75.57,1
817.flac_s-designing_motherboard_lvl7-456B,proj_xpt,1.75487,100.0,39.31,1
817.flac_s-designing_motherboard_lvl7-456B,proj_xpt_pythia,1.7549,87.68,29.47,1
817.flac_s-designing_motherboard_lvl8-1550B,proj_nopf,1.88014,0,0,1
817.flac_s-designing_motherboard_lvl8-1550B,proj_pythia,1.88016,0,0,1
817.flac_s-designing_motherboard_lvl8-1550B,proj_normal,1.88015,100.0,97.75,1
817.flac_s-designing_motherboard_lvl8-1550B,proj_normal_pythia,1.88016,91.62,67.87,1
817.flac_s-designing_motherboard_lvl8-1550B,proj_xpt,1.88014,100.0,40.82,1
817.flac_s-designing_motherboard_lvl8-1550B,proj_xpt_pythia,1.88016,85.43,25.9,1
817.flac_s-designing_motherboard_lvl8-512B,proj_nopf,1.88014,0,0,1
817.flac_s-designing_motherboard_lvl8-512B,proj_pythia,1.88015,0,0,1
817.flac_s-designing_motherboard_lvl8-512B,proj_normal,1.88014,100.0,97.46,1
817.flac_s-designing_motherboard_lvl8-512B,proj_normal_pythia,1.88015,90.4,73.22,1
817.flac_s-designing_motherboard_lvl8-512B,proj_xpt,1.88014,100.0,40.9,1
817.flac_s-designing_motherboard_lvl8-512B,proj_xpt_pythia,1.88015,86.17,28.02,1
817.flac_s-git_etiquette_lvl6-241B,proj_nopf,1.72357,0,0,1
817.flac_s-git_etiquette_lvl6-241B,proj_pythia,1.72358,0,0,1
817.flac_s-git_etiquette_lvl6-241B,proj_normal,1.72357,100.0,97.87,1
817.flac_s-git_etiquette_lvl6-241B,proj_normal_pythia,1.72358,91.73,76.49,1
817.flac_s-git_etiquette_lvl6-241B,proj_xpt,1.72357,100.0,39.47,1
817.flac_s-git_etiquette_lvl6-241B,proj_xpt_pythia,1.72358,91.47,29.34,1
817.flac_s-git_etiquette_lvl6-298B,proj_nopf,1.72114,0,0,1
817.flac_s-git_etiquette_lvl6-298B,proj_pythia,1.72115,0,0,1
817.flac_s-git_etiquette_lvl6-298B,proj_normal,1.72114,100.0,98.08,1
817.flac_s-git_etiquette_lvl6-298B,proj_normal_pythia,1.72115,90.84,71.33,1
817.flac_s-git_etiquette_lvl6-298B,proj_xpt,1.72114,100.0,42.85,1
817.flac_s-git_etiquette_lvl6-298B,proj_xpt_pythia,1.72115,88.89,27.64,1
817.flac_s-git_etiquette_lvl6-329B,proj_nopf,1.72135,0,0,1
817.flac_s-git_etiquette_lvl6-329B,proj_pythia,1.72136,0,0,1
817.flac_s-git_etiquette_lvl6-329B,proj_normal,1.72135,100.0,97.81,1
817.flac_s-git_etiquette_lvl6-329B,proj_normal_pythia,1.72136,91.4,74.19,1
817.flac_s-git_etiquette_lvl6-329B,proj_xpt,1.72135,100.0,40.63,1
817.flac_s-git_etiquette_lvl6-329B,proj_xpt_pythia,1.72136,86.13,27.5,1
817.flac_s-git_etiquette_lvl7-305B,proj_nopf,1.85199,0,0,1
817.flac_s-git_etiquette_lvl7-305B,proj_pythia,1.85206,0,0,1
817.flac_s-git_etiquette_lvl7-305B,proj_normal,1.85199,100.0,98.14,1
817.flac_s-git_etiquette_lvl7-305B,proj_normal_pythia,1.85207,89.52,73.16,1
817.flac_s-git_etiquette_lvl7-305B,proj_xpt,1.85199,100.0,40.24,1
817.flac_s-git_etiquette_lvl7-305B,proj_xpt_pythia,1.85206,84.9,26.33,1
817.flac_s-git_etiquette_lvl7-597B,proj_nopf,1.85412,0,0,1
817.flac_s-git_etiquette_lvl7-597B,proj_pythia,1.85414,0,0,1
817.flac_s-git_etiquette_lvl7-597B,proj_normal,1.85412,100.0,98.06,1
817.flac_s-git_etiquette_lvl7-597B,proj_normal_pythia,1.85415,89.41,74.37,1
817.flac_s-git_etiquette_lvl7-597B,proj_xpt,1.85412,100.0,39.52,1
817.flac_s-git_etiquette_lvl7-597B,proj_xpt_pythia,1.85414,87.98,26.69,1
817.flac_s-git_etiquette_lvl7-628B,proj_nopf,1.8543,0,0,1
817.flac_s-git_etiquette_lvl7-628B,proj_pythia,1.85431,0,0,1
817.flac_s-git_etiquette_lvl7-628B,proj_normal,1.8543,100.0,97.79,1
817.flac_s-git_etiquette_lvl7-628B,proj_normal_pythia,1.85432,90.5,75.07,1
817.flac_s-git_etiquette_lvl7-628B,proj_xpt,1.8543,100.0,39.69,1
817.flac_s-git_etiquette_lvl7-628B,proj_xpt_pythia,1.85431,86.03,27.1,1
817.flac_s-git_etiquette_lvl8-351B,proj_nopf,1.87948,0,0,1
817.flac_s-git_etiquette_lvl8-351B,proj_pythia,1.8795,0,0,1
817.flac_s-git_etiquette_lvl8-351B,proj_normal,1.87948,100.0,97.91,1
817.flac_s-git_etiquette_lvl8-351B,proj_normal_pythia,1.8795,88.59,70.08,1
817.flac_s-git_etiquette_lvl8-351B,proj_xpt,1.87948,100.0,42.0,1
817.flac_s-git_etiquette_lvl8-351B,proj_xpt_pythia,1.8795,83.02,26.67,1
817.flac_s-git_etiquette_lvl8-49B,proj_nopf,1.8784,0,0,1
817.flac_s-git_etiquette_lvl8-49B,proj_pythia,1.87841,0,0,1
817.flac_s-git_etiquette_lvl8-49B,proj_normal,1.8784,100.0,97.55,1
817.flac_s-git_etiquette_lvl8-49B,proj_normal_pythia,1.87841,91.68,75.53,1
817.flac_s-git_etiquette_lvl8-49B,proj_xpt,1.8784,100.0,41.06,1
817.flac_s-git_etiquette_lvl8-49B,proj_xpt_pythia,1.87841,80.11,27.12,1
817.flac_s-learning_lvl6-204B,proj_nopf,1.7364,0,0,1
817.flac_s-learning_lvl6-204B,proj_pythia,1.73641,0,0,1
817.flac_s-learning_lvl6-204B,proj_normal,1.73641,100.0,97.6,1
817.flac_s-learning_lvl6-204B,proj_normal_pythia,1.73642,91.84,76.25,1
817.flac_s-learning_lvl6-204B,proj_xpt,1.7364,100.0,39.05,1
817.flac_s-learning_lvl6-204B,proj_xpt_pythia,1.73641,93.18,26.9,1
817.flac_s-learning_lvl6-467B,proj_nopf,1.73627,0,0,1
817.flac_s-learning_lvl6-467B,proj_pythia,1.73627,0,0,1
817.flac_s-learning_lvl6-467B,proj_normal,1.73628,100.0,97.43,1
817.flac_s-learning_lvl6-467B,proj_normal_pythia,1.73628,89.34,72.81,1
817.flac_s-learning_lvl6-467B,proj_xpt,1.73627,100.0,39.38,1
817.flac_s-learning_lvl6-467B,proj_xpt_pythia,1.73627,91.19,25.62,1
817.flac_s-learning_lvl6-548B,proj_nopf,1.73505,0,0,1
817.flac_s-learning_lvl6-548B,proj_pythia,1.73507,0,0,1
817.flac_s-learning_lvl6-548B,proj_normal,1.73506,100.0,98.07,1
817.flac_s-learning_lvl6-548B,proj_normal_pythia,1.73507,91.61,73.57,1
817.flac_s-learning_lvl6-548B,proj_xpt,1.73505,100.0,40.69,1
817.flac_s-learning_lvl6-548B,proj_xpt_pythia,1.73507,96.7,27.2,1
817.flac_s-learning_lvl7-132B,proj_nopf,1.85359,0,0,1
817.flac_s-learning_lvl7-132B,proj_pythia,1.85362,0,0,1
817.flac_s-learning_lvl7-132B,proj_normal,1.85359,100.0,98.05,1
817.flac_s-learning_lvl7-132B,proj_normal_pythia,1.85362,93.16,74.74,1
817.flac_s-learning_lvl7-132B,proj_xpt,1.85359,100.0,43.08,1
817.flac_s-learning_lvl7-132B,proj_xpt_pythia,1.85362,93.15,28.59,1
817.flac_s-learning_lvl7-1542B,proj_nopf,1.85456,0,0,1
817.flac_s-learning_lvl7-1542B,proj_pythia,1.8546,0,0,1
817.flac_s-learning_lvl7-1542B,proj_normal,1.85457,100.0,98.16,1
817.flac_s-learning_lvl7-1542B,proj_normal_pythia,1.8546,91.59,71.52,1
817.flac_s-learning_lvl7-1542B,proj_xpt,1.85456,100.0,42.31,1
817.flac_s-learning_lvl7-1542B,proj_xpt_pythia,1.8546,96.33,27.21,1
817.flac_s-learning_lvl7-329B,proj_nopf,1.85284,0,0,1
817.flac_s-learning_lvl7-329B,proj_pythia,1.85285,0,0,1
817.flac_s-learning_lvl7-329B,proj_normal,1.85285,100.0,98.28,1
817.flac_s-learning_lvl7-329B,proj_normal_pythia,1.85286,85.47,70.49,1
817.flac_s-learning_lvl7-329B,proj_xpt,1.85284,100.0,43.38,1
817.flac_s-learning_lvl7-329B,proj_xpt_pythia,1.85285,84.48,23.88,1
817.flac_s-learning_lvl8-1442B,proj_nopf,1.88104,0,0,1
817.flac_s-learning_lvl8-1442B,proj_pythia,1.88107,0,0,1
817.flac_s-learning_lvl8-1442B,proj_normal,1.88105,100.0,98.18,1
817.flac_s-learning_lvl8-1442B,proj_normal_pythia,1.88107,88.39,73.55,1
817.flac_s-learning_lvl8-1442B,proj_xpt,1.88104,100.0,43.34,1
817.flac_s-learning_lvl8-1442B,proj_xpt_pythia,1.88107,91.97,25.66,1
817.flac_s-working_for_team_lvl6-125B,proj_nopf,1.73471,0,0,1
817.flac_s-working_for_team_lvl6-125B,proj_pythia,1.73473,0,0,1
817.flac_s-working_for_team_lvl6-125B,proj_normal,1.73472,100.0,97.92,1
817.flac_s-working_for_team_lvl6-125B,proj_normal_pythia,1.73474,92.78,73.36,1
817.flac_s-working_for_team_lvl6-125B,proj_xpt,1.73471,100.0,41.45,1
817.flac_s-working_for_team_lvl6-125B,proj_xpt_pythia,1.73473,87.75,28.84,1
817.flac_s-working_for_team_lvl6-162B,proj_nopf,1.73451,0,0,1
817.flac_s-working_for_team_lvl6-162B,proj_pythia,1.73453,0,0,1
817.flac_s-working_for_team_lvl6-162B,proj_normal,1.73452,100.0,97.78,1
817.flac_s-working_for_team_lvl6-162B,proj_normal_pythia,1.73454,92.49,75.47,1
817.flac_s-working_for_team_lvl6-162B,proj_xpt,1.73451,100.0,39.76,1
817.flac_s-working_for_team_lvl6-162B,proj_xpt_pythia,1.73453,87.63,29.81,1
817.flac_s-working_for_team_lvl6-303B,proj_nopf,1.73518,0,0,1
817.flac_s-working_for_team_lvl6-303B,proj_pythia,1.7352,0,0,1
817.flac_s-working_for_team_lvl6-303B,proj_normal,1.7352,100.0,97.91,1
817.flac_s-working_for_team_lvl6-303B,proj_normal_pythia,1.7352,92.94,73.96,1
817.flac_s-working_for_team_lvl6-303B,proj_xpt,1.73519,100.0,41.07,1
817.flac_s-working_for_team_lvl6-303B,proj_xpt_pythia,1.7352,91.25,29.67,1
817.flac_s-working_for_team_lvl6-371B,proj_nopf,1.73435,0,0,1
817.flac_s-working_for_team_lvl6-371B,proj_pythia,1.73439,0,0,1
817.flac_s-working_for_team_lvl6-371B,proj_normal,1.73437,100.0,97.66,1
817.flac_s-working_for_team_lvl6-371B,proj_normal_pythia,1.73439,89.6,73.84,1
817.flac_s-working_for_team_lvl6-371B,proj_xpt,1.73435,100.0,39.8,1
817.flac_s-working_for_team_lvl6-371B,proj_xpt_pythia,1.73439,83.81,27.62,1
817.flac_s-working_for_team_lvl7-100B,proj_nopf,1.8524,0,0,1
817.flac_s-working_for_team_lvl7-100B,proj_pythia,1.85244,0,0,1
817.flac_s-working_for_team_lvl7-100B,proj_normal,1.85241,100.0,98.0,1
817.flac_s-working_for_team_lvl7-100B,proj_normal_pythia,1.85244,91.71,74.12,1
817.flac_s-working_for_team_lvl7-100B,proj_xpt,1.8524,100.0,41.25,1
817.flac_s-working_for_team_lvl7-100B,proj_xpt_pythia,1.85244,91.69,30.54,1
817.flac_s-working_for_team_lvl7-141B,proj_nopf,1.85367,0,0,1
817.flac_s-working_for_team_lvl7-141B,proj_pythia,1.8537,0,0,1
817.flac_s-working_for_team_lvl7-141B,proj_normal,1.85368,100.0,97.72,1
817.flac_s-working_for_team_lvl7-141B,proj_normal_pythia,1.85371,90.93,75.45,1
817.flac_s-working_for_team_lvl7-141B,proj_xpt,1.85367,100.0,41.61,1
817.flac_s-working_for_team_lvl7-141B,proj_xpt_pythia,1.8537,87.32,30.21,1
817.flac_s-working_for_team_lvl7-37B,proj_nopf,1.85214,0,0,1
817.flac_s-working_for_team_lvl7-37B,proj_pythia,1.85215,0,0,1
817.flac_s-working_for_team_lvl7-37B,proj_normal,1.85214,100.0,98.09,1
817.flac_s-working_for_team_lvl7-37B,proj_normal_pythia,1.85216,91.82,74.66,1
817.flac_s-working_for_team_lvl7-37B,proj_xpt,1.85214,100.0,43.58,1
817.flac_s-working_for_team_lvl7-37B,proj_xpt_pythia,1.85215,91.22,30.87,1
817.flac_s-working_for_team_lvl8-200B,proj_nopf,1.88503,0,0,1
817.flac_s-working_for_team_lvl8-200B,proj_pythia,1.88505,0,0,1
817.flac_s-working_for_team_lvl8-200B,proj_normal,1.88503,100.0,97.93,1
817.flac_s-working_for_team_lvl8-200B,proj_normal_pythia,1.88505,94.1,76.77,1
817.flac_s-working_for_team_lvl8-200B,proj_xpt,1.88503,100.0,43.31,1
817.flac_s-working_for_team_lvl8-200B,proj_xpt_pythia,1.88505,91.99,32.33,1
817.flac_s-working_for_team_lvl8-809B,proj_nopf,1.88863,0,0,1
817.flac_s-working_for_team_lvl8-809B,proj_pythia,1.88864,0,0,1
817.flac_s-working_for_team_lvl8-809B,proj_normal,1.88863,100.0,97.91,1
817.flac_s-working_for_team_lvl8-809B,proj_normal_pythia,1.88864,84.91,81.22,1
817.flac_s-working_for_team_lvl8-809B,proj_xpt,1.88863,100.0,42.99,1
817.flac_s-working_for_team_lvl8-809B,proj_xpt_pythia,1.88864,83.7,23.24,1
821.gcc_s-huf_decompress_0004-15B,proj_nopf,1.1718,0,0,1
821.gcc_s-huf_decompress_0004-15B,proj_pythia,1.18024,0,0,1
821.gcc_s-huf_decompress_0004-15B,proj_normal,1.17395,85.83,57.71,1
821.gcc_s-huf_decompress_0004-15B,proj_normal_pythia,1.18112,72.79,26.72,1
821.gcc_s-huf_decompress_0004-15B,proj_xpt,1.17243,92.19,11.93,1
821.gcc_s-huf_decompress_0004-15B,proj_xpt_pythia,1.18043,57.42,0.93,1
821.gcc_s-huf_decompress_0004-40B,proj_nopf,1.11708,0,0,1
821.gcc_s-huf_decompress_0004-40B,proj_pythia,1.14396,0,0,1
821.gcc_s-huf_decompress_0004-40B,proj_normal,1.12533,89.28,66.82,1
821.gcc_s-huf_decompress_0004-40B,proj_normal_pythia,1.14585,75.32,29.94,1
821.gcc_s-huf_decompress_0004-40B,proj_xpt,1.11953,94.99,15.28,1
821.gcc_s-huf_decompress_0004-40B,proj_xpt_pythia,1.14456,63.58,1.14,1
821.gcc_s-huf_decompress_0004-44B,proj_nopf,1.16163,0,0,1
821.gcc_s-huf_decompress_0004-44B,proj_pythia,1.17095,0,0,1
821.gcc_s-huf_decompress_0004-44B,proj_normal,1.16271,90.75,69.39,1
821.gcc_s-huf_decompress_0004-44B,proj_normal_pythia,1.17133,72.93,38.46,1
821.gcc_s-huf_decompress_0004-44B,proj_xpt,1.16183,97.52,8.55,1
821.gcc_s-huf_decompress_0004-44B,proj_xpt_pythia,1.17096,58.18,0.3,1
821.gcc_s-huf_decompress_0004-8B,proj_nopf,1.2339,0,0,1
821.gcc_s-huf_decompress_0004-8B,proj_pythia,1.23784,0,0,1
821.gcc_s-huf_decompress_0004-8B,proj_normal,1.23453,91.27,59.08,1
821.gcc_s-huf_decompress_0004-8B,proj_normal_pythia,1.23791,69.72,27.92,1
821.gcc_s-huf_decompress_0004-8B,proj_xpt,1.23402,97.18,8.28,1
821.gcc_s-huf_decompress_0004-8B,proj_xpt_pythia,1.2377,41.93,0.33,1
821.gcc_s-huf_decompress_0011-12B,proj_nopf,1.07504,0,0,1
821.gcc_s-huf_decompress_0011-12B,proj_pythia,1.09721,0,0,1
821.gcc_s-huf_decompress_0011-12B,proj_normal,1.08228,87.17,63.54,1
821.gcc_s-huf_decompress_0011-12B,proj_normal_pythia,1.09942,73.31,28.43,1
821.gcc_s-huf_decompress_0011-12B,proj_xpt,1.07697,92.52,13.47,1
821.gcc_s-huf_decompress_0011-12B,proj_xpt_pythia,1.09748,57.78,1.73,1
821.gcc_s-huf_decompress_0011-16B,proj_nopf,1.22551,0,0,1
821.gcc_s-huf_decompress_0011-16B,proj_pythia,1.24825,0,0,1
821.gcc_s-huf_decompress_0011-16B,proj_normal,1.23011,90.65,80.58,1
821.gcc_s-huf_decompress_0011-16B,proj_normal_pythia,1.24979,75.53,43.76,1
821.gcc_s-huf_decompress_0011-16B,proj_xpt,1.22647,96.39,14.21,1
821.gcc_s-huf_decompress_0011-16B,proj_xpt_pythia,1.2486,76.14,1.43,1
821.gcc_s-huf_decompress_0011-54B,proj_nopf,1.257,0,0,1
821.gcc_s-huf_decompress_0011-54B,proj_pythia,1.27338,0,0,1
821.gcc_s-huf_decompress_0011-54B,proj_normal,1.26131,90.94,75.86,1
821.gcc_s-huf_decompress_0011-54B,proj_normal_pythia,1.27429,72.71,31.68,1
821.gcc_s-huf_decompress_0011-54B,proj_xpt,1.25802,95.91,14.98,1
821.gcc_s-huf_decompress_0011-54B,proj_xpt_pythia,1.27328,70.94,0.86,1
821.gcc_s-huf_decompress_0011-55B,proj_nopf,1.06721,0,0,1
821.gcc_s-huf_decompress_0011-55B,proj_pythia,1.08788,0,0,1
821.gcc_s-huf_decompress_0011-55B,proj_normal,1.07407,87.6,63.22,1
821.gcc_s-huf_decompress_0011-55B,proj_normal_pythia,1.08985,73.39,27.15,1
821.gcc_s-huf_decompress_0011-55B,proj_xpt,1.06919,93.65,13.53,1
821.gcc_s-huf_decompress_0011-55B,proj_xpt_pythia,1.08773,66.9,1.91,1
821.gcc_s-lz4_0002-22B,proj_nopf,0.89701,0,0,1
821.gcc_s-lz4_0002-22B,proj_pythia,0.92926,0,0,1
821.gcc_s-lz4_0002-22B,proj_normal,0.90909,85.91,64.37,1
821.gcc_s-lz4_0002-22B,proj_normal_pythia,0.93241,71.72,30.79,1
821.gcc_s-lz4_0002-22B,proj_xpt,0.89989,92.27,11.04,1
821.gcc_s-lz4_0002-22B,proj_xpt_pythia,0.92904,62.13,0.83,1
821.gcc_s-lz4_0002-30B,proj_nopf,0.95581,0,0,1
821.gcc_s-lz4_0002-30B,proj_pythia,0.97893,0,0,1
821.gcc_s-lz4_0002-30B,proj_normal,0.96474,87.23,68.6,1
821.gcc_s-lz4_0002-30B,proj_normal_pythia,0.98118,71.48,30.58,1
821.gcc_s-lz4_0002-30B,proj_xpt,0.95788,94.24,12.32,1
821.gcc_s-lz4_0002-30B,proj_xpt_pythia,0.97962,66.94,0.96,1
821.gcc_s-lz4_0002-39B,proj_nopf,0.75546,0,0,1
821.gcc_s-lz4_0002-39B,proj_pythia,0.80922,0,0,1
821.gcc_s-lz4_0002-39B,proj_normal,0.78633,87.64,82.91,1
821.gcc_s-lz4_0002-39B,proj_normal_pythia,0.82257,75.93,53.14,1
821.gcc_s-lz4_0002-39B,proj_xpt,0.76135,95.86,12.7,1
821.gcc_s-lz4_0002-39B,proj_xpt_pythia,0.81017,54.14,0.81,1
821.gcc_s-lz4hc_0007-10B,proj_nopf,0.70538,0,0,1
821.gcc_s-lz4hc_0007-10B,proj_pythia,0.80971,0,0,1
821.gcc_s-lz4hc_0007-10B,proj_normal,0.75454,88.23,89.87,1
821.gcc_s-lz4hc_0007-10B,proj_normal_pythia,0.8376,76.98,64.55,1
821.gcc_s-lz4hc_0007-10B,proj_xpt,0.71357,95.74,12.15,1
821.gcc_s-lz4hc_0007-10B,proj_xpt_pythia,0.81105,68.2,1.32,1
821.gcc_s-lz4hc_0007-11B,proj_nopf,1.10948,0,0,1
821.gcc_s-lz4hc_0007-11B,proj_pythia,1.10975,0,0,1
821.gcc_s-lz4hc_0007-11B,proj_normal,1.11308,86.87,66.27,1
821.gcc_s-lz4hc_0007-11B,proj_normal_pythia,1.11194,76.79,39.4,1
821.gcc_s-lz4hc_0007-11B,proj_xpt,1.11004,95.61,8.32,1
821.gcc_s-lz4hc_0007-11B,proj_xpt_pythia,1.11009,59.02,0.46,1
821.gcc_s-lz4hc_0007-14B,proj_nopf,1.10643,0,0,1
821.gcc_s-lz4hc_0007-14B,proj_pythia,1.14168,0,0,1
821.gcc_s-lz4hc_0007-14B,proj_normal,1.12219,86.44,73.0,1
821.gcc_s-lz4hc_0007-14B,proj_normal_pythia,1.14651,72.97,34.83,1
821.gcc_s-lz4hc_0007-14B,proj_xpt,1.11023,96.13,14.34,1
821.gcc_s-lz4hc_0007-14B,proj_xpt_pythia,1.14227,75.08,1.64,1
821.gcc_s-lz4hc_0009-11B,proj_nopf,0.87681,0,0,1
821.gcc_s-lz4hc_0009-11B,proj_pythia,0.93526,0,0,1
821.gcc_s-lz4hc_0009-11B,proj_normal,0.90023,88.17,81.86,1
821.gcc_s-lz4hc_0009-11B,proj_normal_pythia,0.94093,76.55,46.04,1
821.gcc_s-lz4hc_0009-11B,proj_xpt,0.88119,95.71,12.38,1
821.gcc_s-lz4hc_0009-11B,proj_xpt_pythia,0.93578,67.28,0.41,1
821.gcc_s-lz4hc_0009-12B,proj_nopf,0.79901,0,0,1
821.gcc_s-lz4hc_0009-12B,proj_pythia,0.84259,0,0,1
821.gcc_s-lz4hc_0009-12B,proj_normal,0.82976,88.37,80.89,1
821.gcc_s-lz4hc_0009-12B,proj_normal_pythia,0.85577,75.25,49.98,1
821.gcc_s-lz4hc_0009-12B,proj_xpt,0.80457,95.32,12.9,1
821.gcc_s-lz4hc_0009-12B,proj_xpt_pythia,0.8433,49.39,0.63,1
821.gcc_s-lz4hc_0009-15B,proj_nopf,0.84626,0,0,1
821.gcc_s-lz4hc_0009-15B,proj_pythia,0.89954,0,0,1
821.gcc_s-lz4hc_0009-15B,proj_normal,0.86122,82.14,64.02,1
821.gcc_s-lz4hc_0009-15B,proj_normal_pythia,0.90275,71.31,30.09,1
821.gcc_s-lz4hc_0009-15B,proj_xpt,0.85033,89.67,13.27,1
821.gcc_s-lz4hc_0009-15B,proj_xpt_pythia,0.8991,44.21,0.34,1
821.gcc_s-lz4hc_0009-2B,proj_nopf,1.15916,0,0,1
821.gcc_s-lz4hc_0009-2B,proj_pythia,1.18389,0,0,1
821.gcc_s-lz4hc_0009-2B,proj_normal,1.16898,85.56,71.4,1
821.gcc_s-lz4hc_0009-2B,proj_normal_pythia,1.18655,72.5,27.68,1
821.gcc_s-lz4hc_0009-2B,proj_xpt,1.16119,95.9,13.8,1
821.gcc_s-lz4hc_0009-2B,proj_xpt_pythia,1.18449,57.1,0.62,1
821.gcc_s-lz4hc_0009-6B,proj_nopf,0.58537,0,0,1
821.gcc_s-lz4hc_0009-6B,proj_pythia,0.64911,0,0,1
821.gcc_s-lz4hc_0009-6B,proj_normal,0.62024,82.64,82.4,1
821.gcc_s-lz4hc_0009-6B,proj_normal_pythia,0.66689,72.38,56.45,1
821.gcc_s-lz4hc_0009-6B,proj_xpt,0.5891,95.56,7.25,1
821.gcc_s-lz4hc_0009-6B,proj_xpt_pythia,0.65117,53.2,0.23,1
821.gcc_s-lz4hc_0010-13B,proj_nopf,0.87899,0,0,1
821.gcc_s-lz4hc_0010-13B,proj_pythia,0.92225,0,0,1
821.gcc_s-lz4hc_0010-13B,proj_normal,0.88968,81.2,54.39,1
821.gcc_s-lz4hc_0010-13B,proj_normal_pythia,0.92406,71.03,26.87,1
821.gcc_s-lz4hc_0010-13B,proj_xpt,0.88265,87.6,11.91,1
821.gcc_s-lz4hc_0010-13B,proj_xpt_pythia,0.9222,48.6,0.3,1
821.gcc_s-lz4hc_0010-14B,proj_nopf,0.5833,0,0,1
821.gcc_s-lz4hc_0010-14B,proj_pythia,0.66628,0,0,1
821.gcc_s-lz4hc_0010-14B,proj_normal,0.61715,84.45,77.62,1
821.gcc_s-lz4hc_0010-14B,proj_normal_pythia,0.67944,72.66,44.68,1
821.gcc_s-lz4hc_0010-14B,proj_xpt,0.58755,95.29,9.09,1
821.gcc_s-lz4hc_0010-14B,proj_xpt_pythia,0.66661,53.59,0.28,1
821.gcc_s-lz4hc_0010-23B,proj_nopf,0.73151,0,0,1
821.gcc_s-lz4hc_0010-23B,proj_pythia,0.79745,0,0,1
821.gcc_s-lz4hc_0010-23B,proj_normal,0.75165,85.73,74.08,1
821.gcc_s-lz4hc_0010-23B,proj_normal_pythia,0.80133,73.38,37.1,1
821.gcc_s-lz4hc_0010-23B,proj_xpt,0.73648,94.08,13.44,1
821.gcc_s-lz4hc_0010-23B,proj_xpt_pythia,0.79901,60.22,0.47,1
821.gcc_s-lz4hc_0018-11B,proj_nopf,1.15532,0,0,1
821.gcc_s-lz4hc_0018-11B,proj_pythia,1.15358,0,0,1
821.gcc_s-lz4hc_0018-11B,proj_normal,1.15586,88.35,66.89,1
821.gcc_s-lz4hc_0018-11B,proj_normal_pythia,1.15403,77.9,39.76,1
821.gcc_s-lz4hc_0018-11B,proj_xpt,1.15534,95.71,9.62,1
821.gcc_s-lz4hc_0018-11B,proj_xpt_pythia,1.15363,51.77,0.42,1
821.gcc_s-lz4hc_0018-14B,proj_nopf,1.10053,0,0,1
821.gcc_s-lz4hc_0018-14B,proj_pythia,1.13397,0,0,1
821.gcc_s-lz4hc_0018-14B,proj_normal,1.11591,86.96,72.44,1
821.gcc_s-lz4hc_0018-14B,proj_normal_pythia,1.13807,74.1,36.63,1
821.gcc_s-lz4hc_0018-14B,proj_xpt,1.10422,96.51,14.63,1
821.gcc_s-lz4hc_0018-14B,proj_xpt_pythia,1.13494,81.0,2.49,1
821.gcc_s-lz4hc_0018-20B,proj_nopf,0.83407,0,0,1
821.gcc_s-lz4hc_0018-20B,proj_pythia,0.93495,0,0,1
821.gcc_s-lz4hc_0018-20B,proj_normal,0.88188,87.13,87.47,1
821.gcc_s-lz4hc_0018-20B,proj_normal_pythia,0.9596,75.75,57.04,1
821.gcc_s-lz4hc_0018-20B,proj_xpt,0.83989,95.31,10.55,1
821.gcc_s-lz4hc_0018-20B,proj_xpt_pythia,0.93298,57.68,0.63,1
821.gcc_s-lz4hc_0018-31B,proj_nopf,0.82563,0,0,1
821.gcc_s-lz4hc_0018-31B,proj_pythia,0.9212,0,0,1
821.gcc_s-lz4hc_0018-31B,proj_normal,0.86977,90.32,88.88,1
821.gcc_s-lz4hc_0018-31B,proj_normal_pythia,0.94479,78.29,61.67,1
821.gcc_s-lz4hc_0018-31B,proj_xpt,0.83237,96.51,12.49,1
821.gcc_s-lz4hc_0018-31B,proj_xpt_pythia,0.92389,71.59,2.23,1
821.gcc_s-oggenc_0001-16B,proj_nopf,1.11775,0,0,1
821.gcc_s-oggenc_0001-16B,proj_pythia,1.12644,0,0,1
821.gcc_s-oggenc_0001-16B,proj_normal,1.11953,87.65,64.21,1
821.gcc_s-oggenc_0001-16B,proj_normal_pythia,1.1275,72.11,38.58,1
821.gcc_s-oggenc_0001-16B,proj_xpt,1.11811,92.55,9.6,1
821.gcc_s-oggenc_0001-16B,proj_xpt_pythia,1.12676,62.38,1.62,1
821.gcc_s-oggenc_0001-1B,proj_nopf,1.13071,0,0,1
821.gcc_s-oggenc_0001-1B,proj_pythia,1.14623,0,0,1
821.gcc_s-oggenc_0001-1B,proj_normal,1.13746,96.83,95.7,1
821.gcc_s-oggenc_0001-1B,proj_normal_pythia,1.14755,79.32,51.57,1
821.gcc_s-oggenc_0001-1B,proj_xpt,1.13319,97.8,33.19,1
821.gcc_s-oggenc_0001-1B,proj_xpt_pythia,1.14635,58.16,3.67,1
821.gcc_s-oggenc_0001-33B,proj_nopf,1.15243,0,0,1
821.gcc_s-oggenc_0001-33B,proj_pythia,1.16173,0,0,1
821.gcc_s-oggenc_0001-33B,proj_normal,1.15378,84.12,70.31,1
821.gcc_s-oggenc_0001-33B,proj_normal_pythia,1.16294,72.02,51.55,1
821.gcc_s-oggenc_0001-33B,proj_xpt,1.15273,98.62,4.4,1
821.gcc_s-oggenc_0001-33B,proj_xpt_pythia,1.16157,50.7,0.14,1
821.gcc_s-oggenc_0001-39B,proj_nopf,1.11656,0,0,1
821.gcc_s-oggenc_0001-39B,proj_pythia,1.12132,0,0,1
821.gcc_s-oggenc_0001-39B,proj_normal,1.11776,85.55,56.41,1
821.gcc_s-oggenc_0001-39B,proj_normal_pythia,1.1221,72.16,34.05,1
821.gcc_s-oggenc_0001-39B,proj_xpt,1.11685,91.56,5.26,1
821.gcc_s-oggenc_0001-39B,proj_xpt_pythia,1.12127,52.82,0.29,1
821.gcc_s-oggenc_0001-48B,proj_nopf,1.23112,0,0,1
821.gcc_s-oggenc_0001-48B,proj_pythia,1.24071,0,0,1
821.gcc_s-oggenc_0001-48B,proj_normal,1.23216,89.71,73.82,1
821.gcc_s-oggenc_0001-48B,proj_normal_pythia,1.24161,72.99,45.71,1
821.gcc_s-oggenc_0001-48B,proj_xpt,1.23129,98.48,9.57,1
821.gcc_s-oggenc_0001-48B,proj_xpt_pythia,1.24081,52.64,1.29,1
821.gcc_s-oggenc_0008-22B,proj_nopf,1.00994,0,0,1
821.gcc_s-oggenc_0008-22B,proj_pythia,1.07248,0,0,1
821.gcc_s-oggenc_0008-22B,proj_normal,1.03004,83.54,74.11,1
821.gcc_s-oggenc_0008-22B,proj_normal_pythia,1.07629,72.85,39.85,1
821.gcc_s-oggenc_0008-22B,proj_xpt,1.0148,91.27,12.79,1
821.gcc_s-oggenc_0008-22B,proj_xpt_pythia,1.07312,65.95,1.36,1
821.gcc_s-oggenc_0008-9B,proj_nopf,1.11814,0,0,1
821.gcc_s-oggenc_0008-9B,proj_pythia,1.12725,0,0,1
821.gcc_s-oggenc_0008-9B,proj_normal,1.11918,87.64,59.05,1
821.gcc_s-oggenc_0008-9B,proj_normal_pythia,1.12783,70.62,31.25,1
821.gcc_s-oggenc_0008-9B,proj_xpt,1.11847,93.77,6.91,1
821.gcc_s-oggenc_0008-9B,proj_xpt_pythia,1.12721,71.15,0.53,1
821.gcc_s-oggenc_0012-28B,proj_nopf,1.09613,0,0,1
821.gcc_s-oggenc_0012-28B,proj_pythia,1.11958,0,0,1
821.gcc_s-oggenc_0012-28B,proj_normal,1.10592,84.62,56.98,1
821.gcc_s-oggenc_0012-28B,proj_normal_pythia,1.12233,73.96,30.75,1
821.gcc_s-oggenc_0012-28B,proj_xpt,1.0986,91.06,10.64,1
821.gcc_s-oggenc_0012-28B,proj_xpt_pythia,1.12012,63.83,2.15,1
821.gcc_s-oggenc_0012-46B,proj_nopf,1.13749,0,0,1
821.gcc_s-oggenc_0012-46B,proj_pythia,1.14594,0,0,1
821.gcc_s-oggenc_0012-46B,proj_normal,1.13966,85.86,54.76,1
821.gcc_s-oggenc_0012-46B,proj_normal_pythia,1.14635,72.34,29.3,1
821.gcc_s-oggenc_0012-46B,proj_xpt,1.13811,91.58,8.2,1
821.gcc_s-oggenc_0012-46B,proj_xpt_pythia,1.14599,58.8,1.25,1
821.gcc_s-oggenc_0012-58B,proj_nopf,1.05375,0,0,1
821.gcc_s-oggenc_0012-58B,proj_pythia,1.10447,0,0,1
821.gcc_s-oggenc_0012-58B,proj_normal,1.0747,93.55,82.52,1
821.gcc_s-oggenc_0012-58B,proj_normal_pythia,1.10983,77.88,44.42,1
821.gcc_s-oggenc_0012-58B,proj_xpt,1.05894,98.26,18.31,1
821.gcc_s-oggenc_0012-58B,proj_xpt_pythia,1.10488,76.37,1.36,1
821.gcc_s-oggenc_0017-69B,proj_nopf,1.11246,0,0,1
821.gcc_s-oggenc_0017-69B,proj_pythia,1.12592,0,0,1
821.gcc_s-oggenc_0017-69B,proj_normal,1.11354,85.76,77.08,1
821.gcc_s-oggenc_0017-69B,proj_normal_pythia,1.12687,73.33,56.2,1
821.gcc_s-oggenc_0017-69B,proj_xpt,1.11263,98.77,4.38,1
821.gcc_s-oggenc_0017-69B,proj_xpt_pythia,1.12602,63.89,0.3,1
821.gcc_s-oggenc_0017-70B,proj_nopf,1.16154,0,0,1
821.gcc_s-oggenc_0017-70B,proj_pythia,1.19152,0,0,1
821.gcc_s-oggenc_0017-70B,proj_normal,1.16998,94.72,93.26,1
821.gcc_s-oggenc_0017-70B,proj_normal_pythia,1.1935,77.43,59.09,1
821.gcc_s-oggenc_0017-70B,proj_xpt,1.16421,99.62,20.42,1
821.gcc_s-oggenc_0017-70B,proj_xpt_pythia,1.19147,55.06,0.31,1
821.gcc_s-scalar_boundary_0003-21B,proj_nopf,0.84398,0,0,1
821.gcc_s-scalar_boundary_0003-21B,proj_pythia,0.86918,0,0,1
821.gcc_s-scalar_boundary_0003-21B,proj_normal,0.85209,83.77,73.7,1
821.gcc_s-scalar_boundary_0003-21B,proj_normal_pythia,0.87044,71.27,34.3,1
821.gcc_s-scalar_boundary_0003-21B,proj_xpt,0.84619,90.7,14.66,1
821.gcc_s-scalar_boundary_0003-21B,proj_xpt_pythia,0.86943,50.16,0.83,1
821.gcc_s-scalar_boundary_0003-24B,proj_nopf,0.58216,0,0,1
821.gcc_s-scalar_boundary_0003-24B,proj_pythia,0.58351,0,0,1
821.gcc_s-scalar_boundary_0003-24B,proj_normal,0.58284,84.03,67.58,1
821.gcc_s-scalar_boundary_0003-24B,proj_normal_pythia,0.58365,71.05,33.57,1
821.gcc_s-scalar_boundary_0003-24B,proj_xpt,0.58224,91.82,13.35,1
821.gcc_s-scalar_boundary_0003-24B,proj_xpt_pythia,0.58358,54.82,0.82,1
821.gcc_s-scalar_boundary_0003-28B,proj_nopf,0.77956,0,0,1
821.gcc_s-scalar_boundary_0003-28B,proj_pythia,0.82308,0,0,1
821.gcc_s-scalar_boundary_0003-28B,proj_normal,0.79324,84.05,73.45,1
821.gcc_s-scalar_boundary_0003-28B,proj_normal_pythia,0.82663,72.07,32.62,1
821.gcc_s-scalar_boundary_0003-28B,proj_xpt,0.78316,90.59,16.55,1
821.gcc_s-scalar_boundary_0003-28B,proj_xpt_pythia,0.82402,49.12,0.77,1
821.gcc_s-unicodeobject_0006-1B,proj_nopf,0.98628,0,0,1
821.gcc_s-unicodeobject_0006-1B,proj_pythia,1.09578,0,0,1
821.gcc_s-unicodeobject_0006-1B,proj_normal,1.03161,93.71,96.58,1
821.gcc_s-unicodeobject_0006-1B,proj_normal_pythia,1.1096,78.15,54.33,1
821.gcc_s-unicodeobject_0006-1B,proj_xpt,0.99582,97.95,21.28,1
821.gcc_s-unicodeobject_0006-1B,proj_xpt_pythia,1.09667,60.65,1.01,1
821.gcc_s-unicodeobject_0006-20B,proj_nopf,1.12265,0,0,1
821.gcc_s-unicodeobject_0006-20B,proj_pythia,1.12845,0,0,1
821.gcc_s-unicodeobject_0006-20B,proj_normal,1.12411,93.46,90.25,1
821.gcc_s-unicodeobject_0006-20B,proj_normal_pythia,1.1294,78.52,50.89,1
821.gcc_s-unicodeobject_0006-20B,proj_xpt,1.12275,98.5,15.68,1
821.gcc_s-unicodeobject_0006-20B,proj_xpt_pythia,1.12865,63.88,0.2,1
821.gcc_s-unicodeobject_0006-36B,proj_nopf,1.07404,0,0,1
821.gcc_s-unicodeobject_0006-36B,proj_pythia,1.11337,0,0,1
821.gcc_s-unicodeobject_0006-36B,proj_normal,1.08725,93.16,89.16,1
821.gcc_s-unicodeobject_0006-36B,proj_normal_pythia,1.11595,76.69,55.21,1
821.gcc_s-unicodeobject_0006-36B,proj_xpt,1.07655,98.78,15.8,1
821.gcc_s-unicodeobject_0006-36B,proj_xpt_pythia,1.11455,67.87,0.53,1
821.gcc_s-unicodeobject_0006-3B,proj_nopf,1.22368,0,0,1
821.gcc_s-unicodeobject_0006-3B,proj_pythia,1.22575,0,0,1
821.gcc_s-unicodeobject_0006-3B,proj_normal,1.22774,94.21,89.54,1
821.gcc_s-unicodeobject_0006-3B,proj_normal_pythia,1.22709,74.33,51.6,1
821.gcc_s-unicodeobject_0006-3B,proj_xpt,1.22454,98.82,15.59,1
821.gcc_s-unicodeobject_0006-3B,proj_xpt_pythia,1.22591,54.72,0.23,1
821.gcc_s-unicodeobject_0014-20B,proj_nopf,1.01012,0,0,1
821.gcc_s-unicodeobject_0014-20B,proj_pythia,1.0636,0,0,1
821.gcc_s-unicodeobject_0014-20B,proj_normal,1.03094,95.01,91.4,1
821.gcc_s-unicodeobject_0014-20B,proj_normal_pythia,1.06938,78.37,51.99,1
821.gcc_s-unicodeobject_0014-20B,proj_xpt,1.01455,99.32,18.74,1
821.gcc_s-unicodeobject_0014-20B,proj_xpt_pythia,1.06384,48.76,0.32,1
821.gcc_s-unicodeobject_0014-45B,proj_nopf,1.06195,0,0,1
821.gcc_s-unicodeobject_0014-45B,proj_pythia,1.11152,0,0,1
821.gcc_s-unicodeobject_0014-45B,proj_normal,1.07958,94.14,92.56,1
821.gcc_s-unicodeobject_0014-45B,proj_normal_pythia,1.11585,76.85,55.93,1
821.gcc_s-unicodeobject_0014-45B,proj_xpt,1.06578,99.18,18.71,1
821.gcc_s-unicodeobject_0014-45B,proj_xpt_pythia,1.11159,49.37,0.31,1
821.gcc_s-unicodeobject_0015-26B,proj_nopf,0.72548,0,0,1
821.gcc_s-unicodeobject_0015-26B,proj_pythia,0.78007,0,0,1
821.gcc_s-unicodeobject_0015-26B,proj_normal,0.74837,85.69,75.77,1
821.gcc_s-unicodeobject_0015-26B,proj_normal_pythia,0.79092,74.85,46.42,1
821.gcc_s-unicodeobject_0015-26B,proj_xpt,0.73287,93.4,16.84,1
821.gcc_s-unicodeobject_0015-26B,proj_xpt_pythia,0.78248,64.99,1.15,1
821.gcc_s-unicodeobject_0015-31B,proj_nopf,1.10214,0,0,1
821.gcc_s-unicodeobject_0015-31B,proj_pythia,1.1127,0,0,1
821.gcc_s-unicodeobject_0015-31B,proj_normal,1.10344,84.34,71.96,1
821.gcc_s-unicodeobject_0015-31B,proj_normal_pythia,1.11361,71.29,56.15,1
821.gcc_s-unicodeobject_0015-31B,proj_xpt,1.10244,98.88,4.38,1
821.gcc_s-unicodeobject_0015-31B,proj_xpt_pythia,1.11285,50.48,0.28,1
821.gcc_s-unicodeobject_0016-22B,proj_nopf,0.98051,0,0,1
821.gcc_s-unicodeobject_0016-22B,proj_pythia,1.01902,0,0,1
821.gcc_s-unicodeobject_0016-22B,proj_normal,0.99435,79.7,52.24,1
821.gcc_s-unicodeobject_0016-22B,proj_normal_pythia,1.02743,70.77,24.91,1
821.gcc_s-unicodeobject_0016-22B,proj_xpt,0.98441,86.73,10.42,1
821.gcc_s-unicodeobject_0016-22B,proj_xpt_pythia,1.02328,63.36,1.19,1
821.gcc_s-unicodeobject_0016-24B,proj_nopf,1.00813,0,0,1
821.gcc_s-unicodeobject_0016-24B,proj_pythia,1.06297,0,0,1
821.gcc_s-unicodeobject_0016-24B,proj_normal,1.02846,94.45,87.65,1
821.gcc_s-unicodeobject_0016-24B,proj_normal_pythia,1.06857,76.96,47.53,1
821.gcc_s-unicodeobject_0016-24B,proj_xpt,1.01245,98.97,18.59,1
821.gcc_s-unicodeobject_0016-24B,proj_xpt_pythia,1.06059,80.28,1.98,1
821.gcc_s-unicodeobject_0016-48B,proj_nopf,1.11457,0,0,1
821.gcc_s-unicodeobject_0016-48B,proj_pythia,1.12069,0,0,1
821.gcc_s-unicodeobject_0016-48B,proj_normal,1.11529,84.58,67.9,1
821.gcc_s-unicodeobject_0016-48B,proj_normal_pythia,1.12131,70.78,52.21,1
821.gcc_s-unicodeobject_0016-48B,proj_xpt,1.11478,97.93,3.52,1
821.gcc_s-unicodeobject_0016-48B,proj_xpt_pythia,1.12072,50.0,0.02,1
821.gcc_s-unicodeobject_0016-8B,proj_nopf,1.11245,0,0,1
821.gcc_s-unicodeobject_0016-8B,proj_pythia,1.11846,0,0,1
821.gcc_s-unicodeobject_0016-8B,proj_normal,1.11331,90.27,68.84,1
821.gcc_s-unicodeobject_0016-8B,proj_normal_pythia,1.11878,71.77,39.13,1
821.gcc_s-unicodeobject_0016-8B,proj_xpt,1.1126,97.5,7.6,1
821.gcc_s-unicodeobject_0016-8B,proj_xpt_pythia,1.1185,68.3,0.58,1
821.gcc_s-zstd_lazy_0019-11B,proj_nopf,1.16512,0,0,1
821.gcc_s-zstd_lazy_0019-11B,proj_pythia,1.17775,0,0,1
821.gcc_s-zstd_lazy_0019-11B,proj_normal,1.16648,91.86,78.63,1
821.gcc_s-zstd_lazy_0019-11B,proj_normal_pythia,1.1783,74.03,50.39,1
821.gcc_s-zstd_lazy_0019-11B,proj_xpt,1.1653,99.13,9.57,1
821.gcc_s-zstd_lazy_0019-11B,proj_xpt_pythia,1.17781,59.97,1.43,1
821.gcc_s-zstd_lazy_0019-1B,proj_nopf,1.08845,0,0,1
821.gcc_s-zstd_lazy_0019-1B,proj_pythia,1.11975,0,0,1
821.gcc_s-zstd_lazy_0019-1B,proj_normal,1.10379,92.93,90.24,1
821.gcc_s-zstd_lazy_0019-1B,proj_normal_pythia,1.12248,77.74,50.45,1
821.gcc_s-zstd_lazy_0019-1B,proj_xpt,1.09158,98.03,17.13,1
821.gcc_s-zstd_lazy_0019-1B,proj_xpt_pythia,1.11976,61.26,1.62,1
821.gcc_s-zstd_lazy_0019-3B,proj_nopf,1.07139,0,0,1
821.gcc_s-zstd_lazy_0019-3B,proj_pythia,1.15703,0,0,1
821.gcc_s-zstd_lazy_0019-3B,proj_normal,1.10545,89.84,95.06,1
821.gcc_s-zstd_lazy_0019-3B,proj_normal_pythia,1.16696,75.97,55.15,1
821.gcc_s-zstd_lazy_0019-3B,proj_xpt,1.07614,96.97,12.37,1
821.gcc_s-zstd_lazy_0019-3B,proj_xpt_pythia,1.15651,65.12,1.15,1
821.gcc_s-zstd_lazy_0019-47B,proj_nopf,1.13617,0,0,1
821.gcc_s-zstd_lazy_0019-47B,proj_pythia,1.1452,0,0,1
821.gcc_s-zstd_lazy_0019-47B,proj_normal,1.13723,89.93,63.7,1
821.gcc_s-zstd_lazy_0019-47B,proj_normal_pythia,1.14549,71.87,31.98,1
821.gcc_s-zstd_lazy_0019-47B,proj_xpt,1.1363,96.15,7.97,1
821.gcc_s-zstd_lazy_0019-47B,proj_xpt_pythia,1.14517,58.7,0.53,1
823.llvm_s-dagcombiner_0002-12B,proj_nopf,0.83568,0,0,1
823.llvm_s-dagcombiner_0002-12B,proj_pythia,0.82374,0,0,1
823.llvm_s-dagcombiner_0002-12B,proj_normal,0.8367,88.82,36.13,1
823.llvm_s-dagcombiner_0002-12B,proj_normal_pythia,0.82769,74.84,12.56,1
823.llvm_s-dagcombiner_0002-12B,proj_xpt,0.83582,96.38,2.26,1
823.llvm_s-dagcombiner_0002-12B,proj_xpt_pythia,0.82419,50.73,0.05,1
823.llvm_s-dagcombiner_0002-14B,proj_nopf,0.68259,0,0,1
823.llvm_s-dagcombiner_0002-14B,proj_pythia,0.70545,0,0,1
823.llvm_s-dagcombiner_0002-14B,proj_normal,0.71033,92.17,88.52,1
823.llvm_s-dagcombiner_0002-14B,proj_normal_pythia,0.71127,81.43,42.51,1
823.llvm_s-dagcombiner_0002-14B,proj_xpt,0.68583,98.19,8.49,1
823.llvm_s-dagcombiner_0002-14B,proj_xpt_pythia,0.70483,76.49,0.1,1
823.llvm_s-dagcombiner_0002-1B,proj_nopf,1.37137,0,0,1
823.llvm_s-dagcombiner_0002-1B,proj_pythia,1.37563,0,0,1
823.llvm_s-dagcombiner_0002-1B,proj_normal,1.37332,96.5,94.94,1
823.llvm_s-dagcombiner_0002-1B,proj_normal_pythia,1.37542,81.67,70.01,1
823.llvm_s-dagcombiner_0002-1B,proj_xpt,1.37274,99.45,26.73,1
823.llvm_s-dagcombiner_0002-1B,proj_xpt_pythia,1.37585,54.18,0.25,1
823.llvm_s-dagcombiner_0002-4B,proj_nopf,0.67751,0,0,1
823.llvm_s-dagcombiner_0002-4B,proj_pythia,0.77699,0,0,1
823.llvm_s-dagcombiner_0002-4B,proj_normal,0.73349,94.05,96.06,1
823.llvm_s-dagcombiner_0002-4B,proj_normal_pythia,0.80076,81.1,76.29,1
823.llvm_s-dagcombiner_0002-4B,proj_xpt,0.68961,98.85,18.86,1
823.llvm_s-dagcombiner_0002-4B,proj_xpt_pythia,0.78558,86.13,3.44,1
823.llvm_s-dagcombiner_0002-6B,proj_nopf,0.81771,0,0,1
823.llvm_s-dagcombiner_0002-6B,proj_pythia,0.81001,0,0,1
823.llvm_s-dagcombiner_0002-6B,proj_normal,0.8183,98.13,87.45,1
823.llvm_s-dagcombiner_0002-6B,proj_normal_pythia,0.81067,78.42,23.87,1
823.llvm_s-dagcombiner_0002-6B,proj_xpt,0.81781,99.93,31.89,1
823.llvm_s-dagcombiner_0002-6B,proj_xpt_pythia,0.80984,31.08,0.03,1
823.llvm_s-dagcombiner_0006-12B,proj_nopf,0.83939,0,0,1
823.llvm_s-dagcombiner_0006-12B,proj_pythia,0.83143,0,0,1
823.llvm_s-dagcombiner_0006-12B,proj_normal,0.84078,88.47,49.56,1
823.llvm_s-dagcombiner_0006-12B,proj_normal_pythia,0.83318,72.72,14.36,1
823.llvm_s-dagcombiner_0006-12B,proj_xpt,0.83949,97.55,3.28,1
823.llvm_s-dagcombiner_0006-12B,proj_xpt_pythia,0.83106,36.87,0.02,1
823.llvm_s-dagcombiner_0006-13B,proj_nopf,0.8371,0,0,1
823.llvm_s-dagcombiner_0006-13B,proj_pythia,0.81702,0,0,1
823.llvm_s-dagcombiner_0006-13B,proj_normal,0.83996,85.23,50.75,1
823.llvm_s-dagcombiner_0006-13B,proj_normal_pythia,0.8202,73.34,17.66,1
823.llvm_s-dagcombiner_0006-13B,proj_xpt,0.83734,96.26,3.6,1
823.llvm_s-dagcombiner_0006-13B,proj_xpt_pythia,0.81665,36.6,0.04,1
823.llvm_s-dagcombiner_0006-1B,proj_nopf,1.38683,0,0,1
823.llvm_s-dagcombiner_0006-1B,proj_pythia,1.39204,0,0,1
823.llvm_s-dagcombiner_0006-1B,proj_normal,1.38896,96.56,94.93,1
823.llvm_s-dagcombiner_0006-1B,proj_normal_pythia,1.39198,83.19,77.32,1
823.llvm_s-dagcombiner_0006-1B,proj_xpt,1.38838,99.51,26.75,1
823.llvm_s-dagcombiner_0006-1B,proj_xpt_pythia,1.39221,48.88,0.21,1
823.llvm_s-dagcombiner_0006-4B,proj_nopf,0.67881,0,0,1
823.llvm_s-dagcombiner_0006-4B,proj_pythia,0.79323,0,0,1
823.llvm_s-dagcombiner_0006-4B,proj_normal,0.73508,94.16,95.84,1
823.llvm_s-dagcombiner_0006-4B,proj_normal_pythia,0.80424,80.54,75.36,1
823.llvm_s-dagcombiner_0006-4B,proj_xpt,0.69083,98.8,18.8,1
823.llvm_s-dagcombiner_0006-4B,proj_xpt_pythia,0.79132,81.77,4.31,1
823.llvm_s-dagcombiner_0006-6B,proj_nopf,0.82026,0,0,1
823.llvm_s-dagcombiner_0006-6B,proj_pythia,0.80472,0,0,1
823.llvm_s-dagcombiner_0006-6B,proj_normal,0.82072,98.1,87.32,1
823.llvm_s-dagcombiner_0006-6B,proj_normal_pythia,0.80811,80.58,21.49,1
823.llvm_s-dagcombiner_0006-6B,proj_xpt,0.8203,99.96,33.05,1
823.llvm_s-dagcombiner_0006-6B,proj_xpt_pythia,0.80501,34.32,0.02,1
823.llvm_s-etf_inst3_0005-11B,proj_nopf,0.70602,0,0,1
823.llvm_s-etf_inst3_0005-11B,proj_pythia,0.79388,0,0,1
823.llvm_s-etf_inst3_0005-11B,proj_normal,0.75974,96.57,97.22,1
823.llvm_s-etf_inst3_0005-11B,proj_normal_pythia,0.8182,85.29,64.99,1
823.llvm_s-etf_inst3_0005-11B,proj_xpt,0.71745,99.12,19.23,1
823.llvm_s-etf_inst3_0005-11B,proj_xpt_pythia,0.80458,56.2,0.2,1
823.llvm_s-etf_inst3_0005-17B,proj_nopf,0.91877,0,0,1
823.llvm_s-etf_inst3_0005-17B,proj_pythia,0.95407,0,0,1
823.llvm_s-etf_inst3_0005-17B,proj_normal,0.95817,95.09,95.89,1
823.llvm_s-etf_inst3_0005-17B,proj_normal_pythia,0.98007,82.16,73.25,1
823.llvm_s-etf_inst3_0005-17B,proj_xpt,0.92423,98.42,16.42,1
823.llvm_s-etf_inst3_0005-17B,proj_xpt_pythia,0.95394,41.16,0.46,1
823.llvm_s-etf_inst3_0005-2B,proj_nopf,1.43103,0,0,1
823.llvm_s-etf_inst3_0005-2B,proj_pythia,1.43603,0,0,1
823.llvm_s-etf_inst3_0005-2B,proj_normal,1.43202,98.33,98.25,1
823.llvm_s-etf_inst3_0005-2B,proj_normal_pythia,1.43568,85.41,77.76,1
823.llvm_s-etf_inst3_0005-2B,proj_xpt,1.43285,100.0,30.73,1
823.llvm_s-etf_inst3_0005-2B,proj_xpt_pythia,1.43591,74.36,1.21,1
823.llvm_s-etf_inst3_0005-7B,proj_nopf,1.15848,0,0,1
823.llvm_s-etf_inst3_0005-7B,proj_pythia,1.17315,0,0,1
823.llvm_s-etf_inst3_0005-7B,proj_normal,1.20497,97.64,96.43,1
823.llvm_s-etf_inst3_0005-7B,proj_normal_pythia,1.1984,75.23,65.23,1
823.llvm_s-etf_inst3_0005-7B,proj_xpt,1.16928,98.97,37.45,1
823.llvm_s-etf_inst3_0005-7B,proj_xpt_pythia,1.17478,25.19,3.3,1
823.llvm_s-etf_inst3_0011-10B,proj_nopf,1.13406,0,0,1
823.llvm_s-etf_inst3_0011-10B,proj_pythia,1.24759,0,0,1
823.llvm_s-etf_inst3_0011-10B,proj_normal,1.20999,97.54,99.26,1
823.llvm_s-etf_inst3_0011-10B,proj_normal_pythia,1.27951,89.57,75.02,1
823.llvm_s-etf_inst3_0011-10B,proj_xpt,1.15407,99.99,20.12,1
823.llvm_s-etf_inst3_0011-10B,proj_xpt_pythia,1.24776,26.61,0.09,1
823.llvm_s-etf_inst3_0011-14B,proj_nopf,0.71173,0,0,1
823.llvm_s-etf_inst3_0011-14B,proj_pythia,0.77401,0,0,1
823.llvm_s-etf_inst3_0011-14B,proj_normal,0.764,94.78,97.15,1
823.llvm_s-etf_inst3_0011-14B,proj_normal_pythia,0.81331,82.48,70.87,1
823.llvm_s-etf_inst3_0011-14B,proj_xpt,0.71909,98.27,12.42,1
823.llvm_s-etf_inst3_0011-14B,proj_xpt_pythia,0.7809,51.18,0.19,1
823.llvm_s-etf_inst3_0011-16B,proj_nopf,1.19666,0,0,1
823.llvm_s-etf_inst3_0011-16B,proj_pythia,1.2142,0,0,1
823.llvm_s-etf_inst3_0011-16B,proj_normal,1.2191,96.27,94.73,1
823.llvm_s-etf_inst3_0011-16B,proj_normal_pythia,1.22731,83.61,72.87,1
823.llvm_s-etf_inst3_0011-16B,proj_xpt,1.20208,99.32,23.18,1
823.llvm_s-etf_inst3_0011-16B,proj_xpt_pythia,1.21468,24.9,0.08,1
823.llvm_s-etf_inst3_0011-1B,proj_nopf,1.40499,0,0,1
823.llvm_s-etf_inst3_0011-1B,proj_pythia,1.41111,0,0,1
823.llvm_s-etf_inst3_0011-1B,proj_normal,1.40624,97.79,97.64,1
823.llvm_s-etf_inst3_0011-1B,proj_normal_pythia,1.40976,86.4,79.69,1
823.llvm_s-etf_inst3_0011-1B,proj_xpt,1.40659,99.64,29.95,1
823.llvm_s-etf_inst3_0011-1B,proj_xpt_pythia,1.41103,56.64,0.83,1
823.llvm_s-etf_inst3_0011-8B,proj_nopf,0.58075,0,0,1
823.llvm_s-etf_inst3_0011-8B,proj_pythia,0.69502,0,0,1
823.llvm_s-etf_inst3_0011-8B,proj_normal,0.62896,95.41,97.43,1
823.llvm_s-etf_inst3_0011-8B,proj_normal_pythia,0.72133,83.29,73.29,1
823.llvm_s-etf_inst3_0011-8B,proj_xpt,0.59499,99.42,21.06,1
823.llvm_s-etf_inst3_0011-8B,proj_xpt_pythia,0.69974,29.82,0.17,1
823.llvm_s-generic_cpu_exec_6_0012-14B,proj_nopf,1.18798,0,0,1
823.llvm_s-generic_cpu_exec_6_0012-14B,proj_pythia,1.24109,0,0,1
823.llvm_s-generic_cpu_exec_6_0012-14B,proj_normal,1.23391,97.32,98.46,1
823.llvm_s-generic_cpu_exec_6_0012-14B,proj_normal_pythia,1.25569,74.77,49.93,1
823.llvm_s-generic_cpu_exec_6_0012-14B,proj_xpt,1.20042,99.48,41.36,1
823.llvm_s-generic_cpu_exec_6_0012-14B,proj_xpt_pythia,1.24122,21.51,0.75,1
823.llvm_s-generic_cpu_exec_6_0012-23B,proj_nopf,1.14593,0,0,1
823.llvm_s-generic_cpu_exec_6_0012-23B,proj_pythia,1.17306,0,0,1
823.llvm_s-generic_cpu_exec_6_0012-23B,proj_normal,1.16116,96.92,99.36,1
823.llvm_s-generic_cpu_exec_6_0012-23B,proj_normal_pythia,1.18022,83.28,75.42,1
823.llvm_s-generic_cpu_exec_6_0012-23B,proj_xpt,1.15255,98.72,26.95,1
823.llvm_s-generic_cpu_exec_6_0012-23B,proj_xpt_pythia,1.17316,14.99,0.36,1
823.llvm_s-generic_cpu_exec_6_0012-25B,proj_nopf,0.55004,0,0,1
823.llvm_s-generic_cpu_exec_6_0012-25B,proj_pythia,0.6266,0,0,1
823.llvm_s-generic_cpu_exec_6_0012-25B,proj_normal,0.60279,95.49,96.05,1
823.llvm_s-generic_cpu_exec_6_0012-25B,proj_normal_pythia,0.65503,81.06,73.35,1
823.llvm_s-generic_cpu_exec_6_0012-25B,proj_xpt,0.55935,98.27,14.35,1
823.llvm_s-generic_cpu_exec_6_0012-25B,proj_xpt_pythia,0.62436,46.32,0.15,1
823.llvm_s-generic_cpu_exec_6_0012-33B,proj_nopf,0.9023,0,0,1
823.llvm_s-generic_cpu_exec_6_0012-33B,proj_pythia,0.90724,0,0,1
823.llvm_s-generic_cpu_exec_6_0012-33B,proj_normal,0.90545,99.82,99.82,1
823.llvm_s-generic_cpu_exec_6_0012-33B,proj_normal_pythia,0.90808,79.98,65.12,1
823.llvm_s-generic_cpu_exec_6_0012-33B,proj_xpt,0.90377,99.97,37.11,1
823.llvm_s-generic_cpu_exec_6_0012-33B,proj_xpt_pythia,0.90731,16.74,1.07,1
823.llvm_s-generic_cpu_exec_6_0012-7B,proj_nopf,1.40812,0,0,1
823.llvm_s-generic_cpu_exec_6_0012-7B,proj_pythia,1.41526,0,0,1
823.llvm_s-generic_cpu_exec_6_0012-7B,proj_normal,1.4096,99.35,99.51,1
823.llvm_s-generic_cpu_exec_6_0012-7B,proj_normal_pythia,1.41419,86.5,86.29,1
823.llvm_s-generic_cpu_exec_6_0012-7B,proj_xpt,1.40987,99.94,31.82,1
823.llvm_s-generic_cpu_exec_6_0012-7B,proj_xpt_pythia,1.41445,52.11,0.19,1
823.llvm_s-gmodel_0001-14B,proj_nopf,0.69386,0,0,1
823.llvm_s-gmodel_0001-14B,proj_pythia,0.65064,0,0,1
823.llvm_s-gmodel_0001-14B,proj_normal,0.69867,89.72,29.87,1
823.llvm_s-gmodel_0001-14B,proj_normal_pythia,0.65563,78.97,19.83,1
823.llvm_s-gmodel_0001-14B,proj_xpt,0.69419,94.79,1.45,1
823.llvm_s-gmodel_0001-14B,proj_xpt_pythia,0.65298,48.1,0.0,1
823.llvm_s-gmodel_0001-17B,proj_nopf,0.69148,0,0,1
823.llvm_s-gmodel_0001-17B,proj_pythia,0.68907,0,0,1
823.llvm_s-gmodel_0001-17B,proj_normal,0.6971,95.73,14.89,1
823.llvm_s-gmodel_0001-17B,proj_normal_pythia,0.69042,87.07,11.6,1
823.llvm_s-gmodel_0001-17B,proj_xpt,0.69172,93.05,0.08,1
823.llvm_s-gmodel_0001-17B,proj_xpt_pythia,0.68896,45.31,0.0,1
823.llvm_s-gmodel_0001-18B,proj_nopf,0.69164,0,0,1
823.llvm_s-gmodel_0001-18B,proj_pythia,0.66849,0,0,1
823.llvm_s-gmodel_0001-18B,proj_normal,0.69511,91.78,16.15,1
823.llvm_s-gmodel_0001-18B,proj_normal_pythia,0.67568,81.67,12.39,1
823.llvm_s-gmodel_0001-18B,proj_xpt,0.69215,96.22,0.63,1
823.llvm_s-gmodel_0001-18B,proj_xpt_pythia,0.66877,74.36,0.0,1
823.llvm_s-gmodel_0001-19B,proj_nopf,0.68248,0,0,1
823.llvm_s-gmodel_0001-19B,proj_pythia,0.67218,0,0,1
823.llvm_s-gmodel_0001-19B,proj_normal,0.68526,90.6,13.34,1
823.llvm_s-gmodel_0001-19B,proj_normal_pythia,0.67513,82.58,12.59,1
823.llvm_s-gmodel_0001-19B,proj_xpt,0.68294,96.39,0.25,1
823.llvm_s-gmodel_0001-19B,proj_xpt_pythia,0.67271,61.54,0.0,1
823.llvm_s-gmodel_0001-1B,proj_nopf,1.39634,0,0,1
823.llvm_s-gmodel_0001-1B,proj_pythia,1.40408,0,0,1
823.llvm_s-gmodel_0001-1B,proj_normal,1.39899,96.45,97.04,1
823.llvm_s-gmodel_0001-1B,proj_normal_pythia,1.40312,83.7,71.31,1
823.llvm_s-gmodel_0001-1B,proj_xpt,1.39843,99.24,30.87,1
823.llvm_s-gmodel_0001-1B,proj_xpt_pythia,1.40342,59.24,1.21,1
823.llvm_s-grid_tools_0008-19B,proj_nopf,0.82758,0,0,1
823.llvm_s-grid_tools_0008-19B,proj_pythia,0.88803,0,0,1
823.llvm_s-grid_tools_0008-19B,proj_normal,0.87289,93.47,97.55,1
823.llvm_s-grid_tools_0008-19B,proj_normal_pythia,0.92144,80.6,83.62,1
823.llvm_s-grid_tools_0008-19B,proj_xpt,0.83149,98.03,9.96,1
823.llvm_s-grid_tools_0008-19B,proj_xpt_pythia,0.88685,49.79,0.66,1
823.llvm_s-grid_tools_0008-28B,proj_nopf,1.04158,0,0,1
823.llvm_s-grid_tools_0008-28B,proj_pythia,1.05498,0,0,1
823.llvm_s-grid_tools_0008-28B,proj_normal,1.05723,94.94,98.45,1
823.llvm_s-grid_tools_0008-28B,proj_normal_pythia,1.06661,81.85,92.35,1
823.llvm_s-grid_tools_0008-28B,proj_xpt,1.04359,99.74,10.17,1
823.llvm_s-grid_tools_0008-28B,proj_xpt_pythia,1.05478,40.18,0.95,1
823.llvm_s-grid_tools_0008-42B,proj_nopf,0.93195,0,0,1
823.llvm_s-grid_tools_0008-42B,proj_pythia,0.93557,0,0,1
823.llvm_s-grid_tools_0008-42B,proj_normal,0.93412,99.09,99.51,1
823.llvm_s-grid_tools_0008-42B,proj_normal_pythia,0.93605,73.86,48.59,1
823.llvm_s-grid_tools_0008-42B,proj_xpt,0.93287,99.97,39.22,1
823.llvm_s-grid_tools_0008-42B,proj_xpt_pythia,0.93559,47.03,2.17,1
823.llvm_s-grid_tools_0008-6B,proj_nopf,1.36038,0,0,1
823.llvm_s-grid_tools_0008-6B,proj_pythia,1.3644,0,0,1
823.llvm_s-grid_tools_0008-6B,proj_normal,1.36329,97.22,98.22,1
823.llvm_s-grid_tools_0008-6B,proj_normal_pythia,1.36509,84.83,82.69,1
823.llvm_s-grid_tools_0008-6B,proj_xpt,1.36192,99.99,35.62,1
823.llvm_s-grid_tools_0008-6B,proj_xpt_pythia,1.36449,75.84,2.98,1
823.llvm_s-grid_tools_dof_handlers_0009-11B,proj_nopf,0.73393,0,0,1
823.llvm_s-grid_tools_dof_handlers_0009-11B,proj_pythia,0.82598,0,0,1
823.llvm_s-grid_tools_dof_handlers_0009-11B,proj_normal,0.80683,97.1,99.72,1
823.llvm_s-grid_tools_dof_handlers_0009-11B,proj_normal_pythia,0.86439,81.51,77.81,1
823.llvm_s-grid_tools_dof_handlers_0009-11B,proj_xpt,0.747,99.24,15.72,1
823.llvm_s-grid_tools_dof_handlers_0009-11B,proj_xpt_pythia,0.82483,93.59,4.85,1
823.llvm_s-grid_tools_dof_handlers_0009-18B,proj_nopf,1.17864,0,0,1
823.llvm_s-grid_tools_dof_handlers_0009-18B,proj_pythia,1.22323,0,0,1
823.llvm_s-grid_tools_dof_handlers_0009-18B,proj_normal,1.22488,95.25,97.3,1
823.llvm_s-grid_tools_dof_handlers_0009-18B,proj_normal_pythia,1.2428,77.8,71.85,1
823.llvm_s-grid_tools_dof_handlers_0009-18B,proj_xpt,1.1909,99.26,24.81,1
823.llvm_s-grid_tools_dof_handlers_0009-18B,proj_xpt_pythia,1.22327,26.74,0.98,1
823.llvm_s-grid_tools_dof_handlers_0009-3B,proj_nopf,1.3891,0,0,1
823.llvm_s-grid_tools_dof_handlers_0009-3B,proj_pythia,1.39754,0,0,1
823.llvm_s-grid_tools_dof_handlers_0009-3B,proj_normal,1.39362,95.02,96.8,1
823.llvm_s-grid_tools_dof_handlers_0009-3B,proj_normal_pythia,1.39844,80.24,81.52,1
823.llvm_s-grid_tools_dof_handlers_0009-3B,proj_xpt,1.39132,99.91,29.7,1
823.llvm_s-grid_tools_dof_handlers_0009-3B,proj_xpt_pythia,1.39775,70.71,3.05,1
823.llvm_s-insn_recog_0005-10B,proj_nopf,0.83282,0,0,1
823.llvm_s-insn_recog_0005-10B,proj_pythia,0.95558,0,0,1
823.llvm_s-insn_recog_0005-10B,proj_normal,0.89578,98.81,99.54,1
823.llvm_s-insn_recog_0005-10B,proj_normal_pythia,0.95855,88.83,69.72,1
823.llvm_s-insn_recog_0005-10B,proj_xpt,0.84713,99.43,18.03,1
823.llvm_s-insn_recog_0005-10B,proj_xpt_pythia,0.93527,55.51,0.25,1
823.llvm_s-insn_recog_0005-14B,proj_nopf,0.5242,0,0,1
823.llvm_s-insn_recog_0005-14B,proj_pythia,0.67025,0,0,1
823.llvm_s-insn_recog_0005-14B,proj_normal,0.57815,96.18,98.62,1
823.llvm_s-insn_recog_0005-14B,proj_normal_pythia,0.69504,86.28,79.24,1
823.llvm_s-insn_recog_0005-14B,proj_xpt,0.54005,99.54,19.77,1
823.llvm_s-insn_recog_0005-14B,proj_xpt_pythia,0.66902,56.67,0.89,1
823.llvm_s-insn_recog_0005-15B,proj_nopf,1.1932,0,0,1
823.llvm_s-insn_recog_0005-15B,proj_pythia,1.28621,0,0,1
823.llvm_s-insn_recog_0005-15B,proj_normal,1.24182,94.0,97.04,1
823.llvm_s-insn_recog_0005-15B,proj_normal_pythia,1.30312,84.59,65.97,1
823.llvm_s-insn_recog_0005-15B,proj_xpt,1.20353,99.0,21.08,1
823.llvm_s-insn_recog_0005-15B,proj_xpt_pythia,1.28886,37.76,0.83,1
823.llvm_s-insn_recog_0005-26B,proj_nopf,1.16533,0,0,1
823.llvm_s-insn_recog_0005-26B,proj_pythia,1.24053,0,0,1
823.llvm_s-insn_recog_0005-26B,proj_normal,1.22322,98.96,98.62,1
823.llvm_s-insn_recog_0005-26B,proj_normal_pythia,1.2585,85.48,56.1,1
823.llvm_s-insn_recog_0005-26B,proj_xpt,1.18237,99.66,32.58,1
823.llvm_s-insn_recog_0005-26B,proj_xpt_pythia,1.24631,46.76,2.2,1
823.llvm_s-insn_recog_0005-7B,proj_nopf,1.41889,0,0,1
823.llvm_s-insn_recog_0005-7B,proj_pythia,1.42714,0,0,1
823.llvm_s-insn_recog_0005-7B,proj_normal,1.42104,98.76,99.21,1
823.llvm_s-insn_recog_0005-7B,proj_normal_pythia,1.42573,84.9,73.3,1
823.llvm_s-insn_recog_0005-7B,proj_xpt,1.4214,99.43,29.19,1
823.llvm_s-insn_recog_0005-7B,proj_xpt_pythia,1.42772,40.0,0.06,1
823.llvm_s-inst_constrs_3_0017-18B,proj_nopf,1.38347,0,0,1
823.llvm_s-inst_constrs_3_0017-18B,proj_pythia,1.39227,0,0,1
823.llvm_s-inst_constrs_3_0017-18B,proj_normal,1.38583,97.71,99.17,1
823.llvm_s-inst_constrs_3_0017-18B,proj_normal_pythia,1.39149,85.89,76.82,1
823.llvm_s-inst_constrs_3_0017-18B,proj_xpt,1.3851,99.09,30.34,1
823.llvm_s-inst_constrs_3_0017-18B,proj_xpt_pythia,1.3922,41.25,0.95,1
823.llvm_s-inst_constrs_3_0017-23B,proj_nopf,1.28779,0,0,1
823.llvm_s-inst_constrs_3_0017-23B,proj_pythia,1.30142,0,0,1
823.llvm_s-inst_constrs_3_0017-23B,proj_normal,1.29936,98.87,99.61,1
823.llvm_s-inst_constrs_3_0017-23B,proj_normal_pythia,1.30907,86.83,89.6,1
823.llvm_s-inst_constrs_3_0017-23B,proj_xpt,1.28901,99.98,13.35,1
823.llvm_s-inst_constrs_3_0017-23B,proj_xpt_pythia,1.30183,46.15,0.09,1
823.llvm_s-inst_constrs_3_0017-27B,proj_nopf,1.12031,0,0,1
823.llvm_s-inst_constrs_3_0017-27B,proj_pythia,1.15792,0,0,1
823.llvm_s-inst_constrs_3_0017-27B,proj_normal,1.17441,98.22,96.71,1
823.llvm_s-inst_constrs_3_0017-27B,proj_normal_pythia,1.18301,81.21,62.65,1
823.llvm_s-inst_constrs_3_0017-27B,proj_xpt,1.13408,99.82,37.43,1
823.llvm_s-inst_constrs_3_0017-27B,proj_xpt_pythia,1.15841,37.0,2.19,1
823.llvm_s-inst_constrs_3_0017-35B,proj_nopf,1.25923,0,0,1
823.llvm_s-inst_constrs_3_0017-35B,proj_pythia,1.3557,0,0,1
823.llvm_s-inst_constrs_3_0017-35B,proj_normal,1.32428,98.66,99.76,1
823.llvm_s-inst_constrs_3_0017-35B,proj_normal_pythia,1.39614,91.91,70.97,1
823.llvm_s-inst_constrs_3_0017-35B,proj_xpt,1.26922,99.99,20.82,1
823.llvm_s-inst_constrs_3_0017-35B,proj_xpt_pythia,1.35981,40.35,0.01,1
823.llvm_s-inst_constrs_3_0017-55B,proj_nopf,0.93305,0,0,1
823.llvm_s-inst_constrs_3_0017-55B,proj_pythia,0.94017,0,0,1
823.llvm_s-inst_constrs_3_0017-55B,proj_normal,0.93802,99.4,99.36,1
823.llvm_s-inst_constrs_3_0017-55B,proj_normal_pythia,0.94132,86.71,58.33,1
823.llvm_s-inst_constrs_3_0017-55B,proj_xpt,0.93485,99.79,38.35,1
823.llvm_s-inst_constrs_3_0017-55B,proj_xpt_pythia,0.94018,43.72,0.55,1
823.llvm_s-matrix_free_0013-15B,proj_nopf,0.92571,0,0,1
823.llvm_s-matrix_free_0013-15B,proj_pythia,0.9305,0,0,1
823.llvm_s-matrix_free_0013-15B,proj_normal,0.92875,99.24,98.96,1
823.llvm_s-matrix_free_0013-15B,proj_normal_pythia,0.93108,75.84,58.96,1
823.llvm_s-matrix_free_0013-15B,proj_xpt,0.92704,99.99,41.6,1
823.llvm_s-matrix_free_0013-15B,proj_xpt_pythia,0.93051,19.99,0.85,1
823.llvm_s-matrix_free_0013-1B,proj_nopf,1.39216,0,0,1
823.llvm_s-matrix_free_0013-1B,proj_pythia,1.39928,0,0,1
823.llvm_s-matrix_free_0013-1B,proj_normal,1.3955,97.11,96.21,1
823.llvm_s-matrix_free_0013-1B,proj_normal_pythia,1.39868,81.54,68.78,1
823.llvm_s-matrix_free_0013-1B,proj_xpt,1.39426,99.59,32.64,1
823.llvm_s-matrix_free_0013-1B,proj_xpt_pythia,1.39953,64.55,2.02,1
823.llvm_s-matrix_free_0013-7B,proj_nopf,0.60101,0,0,1
823.llvm_s-matrix_free_0013-7B,proj_pythia,0.68695,0,0,1
823.llvm_s-matrix_free_0013-7B,proj_normal,0.65085,94.02,97.14,1
823.llvm_s-matrix_free_0013-7B,proj_normal_pythia,0.70901,80.73,83.94,1
823.llvm_s-matrix_free_0013-7B,proj_xpt,0.61147,99.14,15.7,1
823.llvm_s-matrix_free_0013-7B,proj_xpt_pythia,0.68885,48.34,0.29,1
823.llvm_s-matrix_free_0019-11B,proj_nopf,0.82786,0,0,1
823.llvm_s-matrix_free_0019-11B,proj_pythia,0.87097,0,0,1
823.llvm_s-matrix_free_0019-11B,proj_normal,0.86563,94.79,98.58,1
823.llvm_s-matrix_free_0019-11B,proj_normal_pythia,0.89843,86.25,88.32,1
823.llvm_s-matrix_free_0019-11B,proj_xpt,0.83186,98.47,8.33,1
823.llvm_s-matrix_free_0019-11B,proj_xpt_pythia,0.86973,65.2,0.69,1
823.llvm_s-matrix_free_0019-13B,proj_nopf,1.04166,0,0,1
823.llvm_s-matrix_free_0019-13B,proj_pythia,1.08232,0,0,1
823.llvm_s-matrix_free_0019-13B,proj_normal,1.07394,97.29,98.47,1
823.llvm_s-matrix_free_0019-13B,proj_normal_pythia,1.10521,82.02,87.88,1
823.llvm_s-matrix_free_0019-13B,proj_xpt,1.04457,99.31,10.87,1
823.llvm_s-matrix_free_0019-13B,proj_xpt_pythia,1.08233,41.88,0.21,1
823.llvm_s-matrix_free_0019-1B,proj_nopf,1.37984,0,0,1
823.llvm_s-matrix_free_0019-1B,proj_pythia,1.38581,0,0,1
823.llvm_s-matrix_free_0019-1B,proj_normal,1.38308,97.28,96.25,1
823.llvm_s-matrix_free_0019-1B,proj_normal_pythia,1.38572,80.47,66.93,1
823.llvm_s-matrix_free_0019-1B,proj_xpt,1.38187,99.66,32.69,1
823.llvm_s-matrix_free_0019-1B,proj_xpt_pythia,1.38593,59.41,1.23,1
823.llvm_s-matrix_free_0019-7B,proj_nopf,0.61553,0,0,1
823.llvm_s-matrix_free_0019-7B,proj_pythia,0.70103,0,0,1
823.llvm_s-matrix_free_0019-7B,proj_normal,0.66459,94.04,97.13,1
823.llvm_s-matrix_free_0019-7B,proj_normal_pythia,0.72519,80.95,81.59,1
823.llvm_s-matrix_free_0019-7B,proj_xpt,0.62591,99.09,15.93,1
823.llvm_s-matrix_free_0019-7B,proj_xpt_pythia,0.70723,57.55,0.45,1
823.llvm_s-modelsmodule_0004-19B,proj_nopf,1.13042,0,0,1
823.llvm_s-modelsmodule_0004-19B,proj_pythia,1.17454,0,0,1
823.llvm_s-modelsmodule_0004-19B,proj_normal,1.17675,96.58,96.76,1
823.llvm_s-modelsmodule_0004-19B,proj_normal_pythia,1.19767,78.28,67.82,1
823.llvm_s-modelsmodule_0004-19B,proj_xpt,1.1409,99.8,29.5,1
823.llvm_s-modelsmodule_0004-19B,proj_xpt_pythia,1.17499,33.28,0.75,1
823.llvm_s-modelsmodule_0004-24B,proj_nopf,1.01242,0,0,1
823.llvm_s-modelsmodule_0004-24B,proj_pythia,1.11049,0,0,1
823.llvm_s-modelsmodule_0004-24B,proj_normal,1.07621,98.06,99.85,1
823.llvm_s-modelsmodule_0004-24B,proj_normal_pythia,1.13515,83.51,75.09,1
823.llvm_s-modelsmodule_0004-24B,proj_xpt,1.02885,99.98,18.48,1
823.llvm_s-modelsmodule_0004-24B,proj_xpt_pythia,1.11081,33.58,0.06,1
823.llvm_s-modelsmodule_0004-36B,proj_nopf,1.03302,0,0,1
823.llvm_s-modelsmodule_0004-36B,proj_pythia,1.08089,0,0,1
823.llvm_s-modelsmodule_0004-36B,proj_normal,1.06734,98.5,99.61,1
823.llvm_s-modelsmodule_0004-36B,proj_normal_pythia,1.10319,84.77,83.67,1
823.llvm_s-modelsmodule_0004-36B,proj_xpt,1.036,99.97,12.55,1
823.llvm_s-modelsmodule_0004-36B,proj_xpt_pythia,1.08107,36.63,0.05,1
823.llvm_s-modelsmodule_0004-5B,proj_nopf,1.38652,0,0,1
823.llvm_s-modelsmodule_0004-5B,proj_pythia,1.39111,0,0,1
823.llvm_s-modelsmodule_0004-5B,proj_normal,1.38934,97.06,95.99,1
823.llvm_s-modelsmodule_0004-5B,proj_normal_pythia,1.39084,81.89,72.36,1
823.llvm_s-modelsmodule_0004-5B,proj_xpt,1.38842,100.0,30.28,1
823.llvm_s-modelsmodule_0004-5B,proj_xpt_pythia,1.3917,62.35,0.69,1
823.llvm_s-modelsmodule_0010-14B,proj_nopf,1.38591,0,0,1
823.llvm_s-modelsmodule_0010-14B,proj_pythia,1.38958,0,0,1
823.llvm_s-modelsmodule_0010-14B,proj_normal,1.38856,97.23,95.49,1
823.llvm_s-modelsmodule_0010-14B,proj_normal_pythia,1.38967,82.28,71.05,1
823.llvm_s-modelsmodule_0010-14B,proj_xpt,1.3877,99.99,30.78,1
823.llvm_s-modelsmodule_0010-14B,proj_xpt_pythia,1.38959,70.73,1.78,1
823.llvm_s-modelsmodule_0010-19B,proj_nopf,1.11768,0,0,1
823.llvm_s-modelsmodule_0010-19B,proj_pythia,1.16182,0,0,1
823.llvm_s-modelsmodule_0010-19B,proj_normal,1.16192,96.06,96.74,1
823.llvm_s-modelsmodule_0010-19B,proj_normal_pythia,1.18321,78.46,68.96,1
823.llvm_s-modelsmodule_0010-19B,proj_xpt,1.1271,99.85,27.99,1
823.llvm_s-modelsmodule_0010-19B,proj_xpt_pythia,1.16157,26.56,0.31,1
823.llvm_s-modelsmodule_0010-23B,proj_nopf,1.22123,0,0,1
823.llvm_s-modelsmodule_0010-23B,proj_pythia,1.30583,0,0,1
823.llvm_s-modelsmodule_0010-23B,proj_normal,1.28856,97.29,99.61,1
823.llvm_s-modelsmodule_0010-23B,proj_normal_pythia,1.34193,85.77,70.35,1
823.llvm_s-modelsmodule_0010-23B,proj_xpt,1.23411,99.96,18.13,1
823.llvm_s-modelsmodule_0010-23B,proj_xpt_pythia,1.3064,45.55,0.21,1
823.llvm_s-modelsmodule_0010-36B,proj_nopf,1.04403,0,0,1
823.llvm_s-modelsmodule_0010-36B,proj_pythia,1.08889,0,0,1
823.llvm_s-modelsmodule_0010-36B,proj_normal,1.07787,98.25,99.48,1
823.llvm_s-modelsmodule_0010-36B,proj_normal_pythia,1.11047,83.92,87.69,1
823.llvm_s-modelsmodule_0010-36B,proj_xpt,1.04702,99.92,7.91,1
823.llvm_s-modelsmodule_0010-36B,proj_xpt_pythia,1.08849,43.66,0.09,1
823.llvm_s-modelsmodule_0010-5B,proj_nopf,1.38947,0,0,1
823.llvm_s-modelsmodule_0010-5B,proj_pythia,1.39424,0,0,1
823.llvm_s-modelsmodule_0010-5B,proj_normal,1.3922,97.15,96.02,1
823.llvm_s-modelsmodule_0010-5B,proj_normal_pythia,1.39386,81.49,75.71,1
823.llvm_s-modelsmodule_0010-5B,proj_xpt,1.39138,100.0,30.33,1
823.llvm_s-modelsmodule_0010-5B,proj_xpt_pythia,1.39427,66.18,1.57,1
823.llvm_s-modelsmodule_0016-19B,proj_nopf,1.12994,0,0,1
823.llvm_s-modelsmodule_0016-19B,proj_pythia,1.17179,0,0,1
823.llvm_s-modelsmodule_0016-19B,proj_normal,1.17626,96.54,97.07,1
823.llvm_s-modelsmodule_0016-19B,proj_normal_pythia,1.19377,77.33,67.53,1
823.llvm_s-modelsmodule_0016-19B,proj_xpt,1.14043,99.8,29.42,1
823.llvm_s-modelsmodule_0016-19B,proj_xpt_pythia,1.17018,34.6,1.11,1
823.llvm_s-modelsmodule_0016-29B,proj_nopf,1.0143,0,0,1
823.llvm_s-modelsmodule_0016-29B,proj_pythia,1.02933,0,0,1
823.llvm_s-modelsmodule_0016-29B,proj_normal,1.03109,95.35,97.74,1
823.llvm_s-modelsmodule_0016-29B,proj_normal_pythia,1.04211,81.17,89.69,1
823.llvm_s-modelsmodule_0016-29B,proj_xpt,1.01652,99.51,10.32,1
823.llvm_s-modelsmodule_0016-29B,proj_xpt_pythia,1.02934,46.25,1.05,1
823.llvm_s-modelsmodule_0016-38B,proj_nopf,1.21569,0,0,1
823.llvm_s-modelsmodule_0016-38B,proj_pythia,1.26524,0,0,1
823.llvm_s-modelsmodule_0016-38B,proj_normal,1.26215,98.22,95.11,1
823.llvm_s-modelsmodule_0016-38B,proj_normal_pythia,1.28166,71.77,54.82,1
823.llvm_s-modelsmodule_0016-38B,proj_xpt,1.22972,99.69,38.44,1
823.llvm_s-modelsmodule_0016-38B,proj_xpt_pythia,1.26537,27.94,0.72,1
823.llvm_s-modelsmodule_0016-5B,proj_nopf,1.39509,0,0,1
823.llvm_s-modelsmodule_0016-5B,proj_pythia,1.4002,0,0,1
823.llvm_s-modelsmodule_0016-5B,proj_normal,1.39798,97.15,96.21,1
823.llvm_s-modelsmodule_0016-5B,proj_normal_pythia,1.40076,83.2,83.04,1
823.llvm_s-modelsmodule_0016-5B,proj_xpt,1.39702,100.0,30.42,1
823.llvm_s-modelsmodule_0016-5B,proj_xpt_pythia,1.40084,69.15,1.87,1
823.llvm_s-particle_handler_0015-13B,proj_nopf,1.09446,0,0,1
823.llvm_s-particle_handler_0015-13B,proj_pythia,1.17025,0,0,1
823.llvm_s-particle_handler_0015-13B,proj_normal,1.15609,95.15,97.24,1
823.llvm_s-particle_handler_0015-13B,proj_normal_pythia,1.19149,77.53,64.87,1
823.llvm_s-particle_handler_0015-13B,proj_xpt,1.11388,98.88,28.25,1
823.llvm_s-particle_handler_0015-13B,proj_xpt_pythia,1.17172,34.86,1.19,1
823.llvm_s-particle_handler_0015-3B,proj_nopf,1.38119,0,0,1
823.llvm_s-particle_handler_0015-3B,proj_pythia,1.38952,0,0,1
823.llvm_s-particle_handler_0015-3B,proj_normal,1.38561,94.89,97.15,1
823.llvm_s-particle_handler_0015-3B,proj_normal_pythia,1.39005,80.34,80.6,1
823.llvm_s-particle_handler_0015-3B,proj_xpt,1.3833,99.79,29.55,1
823.llvm_s-particle_handler_0015-3B,proj_xpt_pythia,1.3889,73.79,2.5,1
823.llvm_s-particle_handler_0015-5B,proj_nopf,0.89835,0,0,1
823.llvm_s-particle_handler_0015-5B,proj_pythia,0.94259,0,0,1
823.llvm_s-particle_handler_0015-5B,proj_normal,0.94695,96.3,98.88,1
823.llvm_s-particle_handler_0015-5B,proj_normal_pythia,0.9664,78.99,71.54,1
823.llvm_s-particle_handler_0015-5B,proj_xpt,0.90446,98.57,12.26,1
823.llvm_s-particle_handler_0015-5B,proj_xpt_pythia,0.947,48.77,0.09,1
823.llvm_s-particle_handler_0018-10B,proj_nopf,1.02704,0,0,1
823.llvm_s-particle_handler_0018-10B,proj_pythia,1.04701,0,0,1
823.llvm_s-particle_handler_0018-10B,proj_normal,1.04362,91.66,97.34,1
823.llvm_s-particle_handler_0018-10B,proj_normal_pythia,1.05774,79.33,88.44,1
823.llvm_s-particle_handler_0018-10B,proj_xpt,1.02915,97.53,10.0,1
823.llvm_s-particle_handler_0018-10B,proj_xpt_pythia,1.04716,42.8,0.67,1
823.llvm_s-particle_handler_0018-13B,proj_nopf,1.09356,0,0,1
823.llvm_s-particle_handler_0018-13B,proj_pythia,1.16141,0,0,1
823.llvm_s-particle_handler_0018-13B,proj_normal,1.14858,94.31,96.03,1
823.llvm_s-particle_handler_0018-13B,proj_normal_pythia,1.18137,77.76,67.76,1
823.llvm_s-particle_handler_0018-13B,proj_xpt,1.10947,98.94,25.61,1
823.llvm_s-particle_handler_0018-13B,proj_xpt_pythia,1.14819,35.23,1.28,1
823.llvm_s-particle_handler_0018-3B,proj_nopf,1.38143,0,0,1
823.llvm_s-particle_handler_0018-3B,proj_pythia,1.38955,0,0,1
823.llvm_s-particle_handler_0018-3B,proj_normal,1.38564,94.9,97.19,1
823.llvm_s-particle_handler_0018-3B,proj_normal_pythia,1.39025,79.92,84.06,1
823.llvm_s-particle_handler_0018-3B,proj_xpt,1.38349,99.77,29.55,1
823.llvm_s-particle_handler_0018-3B,proj_xpt_pythia,1.38962,71.08,2.43,1
823.llvm_s-particle_handler_0018-5B,proj_nopf,0.90065,0,0,1
823.llvm_s-particle_handler_0018-5B,proj_pythia,0.9452,0,0,1
823.llvm_s-particle_handler_0018-5B,proj_normal,0.94908,96.33,98.9,1
823.llvm_s-particle_handler_0018-5B,proj_normal_pythia,0.97011,78.96,71.55,1
823.llvm_s-particle_handler_0018-5B,proj_xpt,0.90671,98.6,12.1,1
823.llvm_s-particle_handler_0018-5B,proj_xpt_pythia,0.94534,33.72,0.27,1
823.llvm_s-particle_handler_0018-8B,proj_nopf,0.5906,0,0,1
823.llvm_s-particle_handler_0018-8B,proj_pythia,0.66188,0,0,1
823.llvm_s-particle_handler_0018-8B,proj_normal,0.65908,92.99,98.21,1
823.llvm_s-particle_handler_0018-8B,proj_normal_pythia,0.70173,79.27,78.51,1
823.llvm_s-particle_handler_0018-8B,proj_xpt,0.59996,98.0,10.95,1
823.llvm_s-particle_handler_0018-8B,proj_xpt_pythia,0.66444,93.37,1.72,1
823.llvm_s-passbuilderpipelines_0003-0B,proj_nopf,1.38512,0,0,1
823.llvm_s-passbuilderpipelines_0003-0B,proj_pythia,1.39281,0,0,1
823.llvm_s-passbuilderpipelines_0003-0B,proj_normal,1.38821,98.16,95.23,1
823.llvm_s-passbuilderpipelines_0003-0B,proj_normal_pythia,1.39107,80.4,59.13,1
823.llvm_s-passbuilderpipelines_0003-0B,proj_xpt,1.38717,99.93,34.66,1
823.llvm_s-passbuilderpipelines_0003-0B,proj_xpt_pythia,1.39268,64.49,2.59,1
823.llvm_s-passbuilderpipelines_0003-11B,proj_nopf,0.73738,0,0,1
823.llvm_s-passbuilderpipelines_0003-11B,proj_pythia,0.72463,0,0,1
823.llvm_s-passbuilderpipelines_0003-11B,proj_normal,0.74079,91.96,28.63,1
823.llvm_s-passbuilderpipelines_0003-11B,proj_normal_pythia,0.72872,80.77,12.94,1
823.llvm_s-passbuilderpipelines_0003-11B,proj_xpt,0.7377,97.43,1.09,1
823.llvm_s-passbuilderpipelines_0003-11B,proj_xpt_pythia,0.72493,47.32,0.01,1
823.llvm_s-passbuilderpipelines_0003-1B,proj_nopf,1.22264,0,0,1
823.llvm_s-passbuilderpipelines_0003-1B,proj_pythia,1.2381,0,0,1
823.llvm_s-passbuilderpipelines_0003-1B,proj_normal,1.24026,91.37,90.43,1
823.llvm_s-passbuilderpipelines_0003-1B,proj_normal_pythia,1.24573,75.48,68.72,1
823.llvm_s-passbuilderpipelines_0003-1B,proj_xpt,1.22537,97.89,12.33,1
823.llvm_s-passbuilderpipelines_0003-1B,proj_xpt_pythia,1.23855,65.88,0.49,1
823.llvm_s-passbuilderpipelines_0003-2B,proj_nopf,0.79766,0,0,1
823.llvm_s-passbuilderpipelines_0003-2B,proj_pythia,0.87239,0,0,1
823.llvm_s-passbuilderpipelines_0003-2B,proj_normal,0.8528,90.92,91.57,1
823.llvm_s-passbuilderpipelines_0003-2B,proj_normal_pythia,0.89998,77.7,75.04,1
823.llvm_s-passbuilderpipelines_0003-2B,proj_xpt,0.80583,96.62,13.42,1
823.llvm_s-passbuilderpipelines_0003-2B,proj_xpt_pythia,0.8741,83.37,3.72,1
823.llvm_s-passbuilderpipelines_0003-8B,proj_nopf,0.73883,0,0,1
823.llvm_s-passbuilderpipelines_0003-8B,proj_pythia,0.72055,0,0,1
823.llvm_s-passbuilderpipelines_0003-8B,proj_normal,0.74112,90.93,24.11,1
823.llvm_s-passbuilderpipelines_0003-8B,proj_normal_pythia,0.72367,81.22,11.67,1
823.llvm_s-passbuilderpipelines_0003-8B,proj_xpt,0.739,96.43,0.74,1
823.llvm_s-passbuilderpipelines_0003-8B,proj_xpt_pythia,0.71968,43.02,0.0,1
823.llvm_s-selectiondagbuilder_0007-0B,proj_nopf,1.3865,0,0,1
823.llvm_s-selectiondagbuilder_0007-0B,proj_pythia,1.39309,0,0,1
823.llvm_s-selectiondagbuilder_0007-0B,proj_normal,1.38856,98.85,96.99,1
823.llvm_s-selectiondagbuilder_0007-0B,proj_normal_pythia,1.39223,82.66,74.51,1
823.llvm_s-selectiondagbuilder_0007-0B,proj_xpt,1.38828,99.87,32.48,1
823.llvm_s-selectiondagbuilder_0007-0B,proj_xpt_pythia,1.39276,71.1,1.52,1
823.llvm_s-selectiondagbuilder_0007-15B,proj_nopf,0.7873,0,0,1
823.llvm_s-selectiondagbuilder_0007-15B,proj_pythia,0.74076,0,0,1
823.llvm_s-selectiondagbuilder_0007-15B,proj_normal,0.7898,91.15,20.25,1
823.llvm_s-selectiondagbuilder_0007-15B,proj_normal_pythia,0.74684,83.63,12.34,1
823.llvm_s-selectiondagbuilder_0007-15B,proj_xpt,0.7877,95.42,1.23,1
823.llvm_s-selectiondagbuilder_0007-15B,proj_xpt_pythia,0.74071,35.86,0.01,1
823.llvm_s-selectiondagbuilder_0007-16B,proj_nopf,0.79519,0,0,1
823.llvm_s-selectiondagbuilder_0007-16B,proj_pythia,0.75775,0,0,1
823.llvm_s-selectiondagbuilder_0007-16B,proj_normal,0.79671,95.66,19.9,1
823.llvm_s-selectiondagbuilder_0007-16B,proj_normal_pythia,0.75965,86.07,11.07,1
823.llvm_s-selectiondagbuilder_0007-16B,proj_xpt,0.79561,96.96,0.8,1
823.llvm_s-selectiondagbuilder_0007-16B,proj_xpt_pythia,0.75749,36.11,0.01,1
823.llvm_s-selectiondagbuilder_0007-4B,proj_nopf,0.65467,0,0,1
823.llvm_s-selectiondagbuilder_0007-4B,proj_pythia,0.67926,0,0,1
823.llvm_s-selectiondagbuilder_0007-4B,proj_normal,0.69285,91.42,92.31,1
823.llvm_s-selectiondagbuilder_0007-4B,proj_normal_pythia,0.70016,76.25,63.66,1
823.llvm_s-selectiondagbuilder_0007-4B,proj_xpt,0.66045,97.65,13.21,1
823.llvm_s-selectiondagbuilder_0007-4B,proj_xpt_pythia,0.68698,89.16,1.69,1
823.llvm_s-standardinstrumentations_0014-11B,proj_nopf,0.82333,0,0,1
823.llvm_s-standardinstrumentations_0014-11B,proj_pythia,0.79426,0,0,1
823.llvm_s-standardinstrumentations_0014-11B,proj_normal,0.82392,94.85,25.32,1
823.llvm_s-standardinstrumentations_0014-11B,proj_normal_pythia,0.79719,83.37,9.73,1
823.llvm_s-standardinstrumentations_0014-11B,proj_xpt,0.82352,96.49,0.91,1
823.llvm_s-standardinstrumentations_0014-11B,proj_xpt_pythia,0.79458,30.94,0.01,1
823.llvm_s-standardinstrumentations_0014-1B,proj_nopf,1.34664,0,0,1
823.llvm_s-standardinstrumentations_0014-1B,proj_pythia,1.35682,0,0,1
823.llvm_s-standardinstrumentations_0014-1B,proj_normal,1.35333,95.9,94.99,1
823.llvm_s-standardinstrumentations_0014-1B,proj_normal_pythia,1.36007,81.95,82.82,1
823.llvm_s-standardinstrumentations_0014-1B,proj_xpt,1.34822,99.94,22.0,1
823.llvm_s-standardinstrumentations_0014-1B,proj_xpt_pythia,1.35686,66.92,0.76,1
823.llvm_s-standardinstrumentations_0014-2B,proj_nopf,0.86134,0,0,1
823.llvm_s-standardinstrumentations_0014-2B,proj_pythia,0.96122,0,0,1
823.llvm_s-standardinstrumentations_0014-2B,proj_normal,0.91618,92.2,93.5,1
823.llvm_s-standardinstrumentations_0014-2B,proj_normal_pythia,0.98029,78.07,74.26,1
823.llvm_s-standardinstrumentations_0014-2B,proj_xpt,0.87203,97.34,17.7,1
823.llvm_s-standardinstrumentations_0014-2B,proj_xpt_pythia,0.96078,80.59,3.73,1
823.llvm_s-standardinstrumentations_0014-8B,proj_nopf,0.80413,0,0,1
823.llvm_s-standardinstrumentations_0014-8B,proj_pythia,0.77202,0,0,1
823.llvm_s-standardinstrumentations_0014-8B,proj_normal,0.8086,84.03,49.22,1
823.llvm_s-standardinstrumentations_0014-8B,proj_normal_pythia,0.77794,78.2,26.53,1
823.llvm_s-standardinstrumentations_0014-8B,proj_xpt,0.80445,89.66,1.46,1
823.llvm_s-standardinstrumentations_0014-8B,proj_xpt_pythia,0.77259,26.77,0.03,1
829.abc_s-bitcoin-289B,proj_nopf,1.62994,0,0,1
829.abc_s-bitcoin-289B,proj_pythia,1.56396,0,0,1
829.abc_s-bitcoin-289B,proj_normal,1.6987,100.0,100.0,1
829.abc_s-bitcoin-289B,proj_normal_pythia,1.55349,88.74,60.01,1
829.abc_s-bitcoin-289B,proj_xpt,1.65872,100.0,48.46,1
829.abc_s-bitcoin-289B,proj_xpt_pythia,1.56396,NaN,0.0,1
829.abc_s-bitcoin-359B,proj_nopf,0.19926,0,0,1
829.abc_s-bitcoin-359B,proj_pythia,0.35015,0,0,1
829.abc_s-bitcoin-359B,proj_normal,0.23303,100.0,100.0,1
829.abc_s-bitcoin-359B,proj_normal_pythia,0.35238,95.02,58.37,1
829.abc_s-bitcoin-359B,proj_xpt,0.2147,100.0,46.79,1
829.abc_s-bitcoin-359B,proj_xpt_pythia,0.35015,71.03,0.11,1
829.abc_s-bitcoin-645B,proj_nopf,1.11743,0,0,1
829.abc_s-bitcoin-645B,proj_pythia,1.16777,0,0,1
829.abc_s-bitcoin-645B,proj_normal,1.15994,95.92,95.88,1
829.abc_s-bitcoin-645B,proj_normal_pythia,1.19639,85.44,84.15,1
829.abc_s-bitcoin-645B,proj_xpt,1.1232,98.66,7.63,1
829.abc_s-bitcoin-645B,proj_xpt_pythia,1.16708,85.08,1.05,1
829.abc_s-bitcoin-750B,proj_nopf,0.77384,0,0,1
829.abc_s-bitcoin-750B,proj_pythia,0.81303,0,0,1
829.abc_s-bitcoin-750B,proj_normal,0.81844,99.87,100.0,1
829.abc_s-bitcoin-750B,proj_normal_pythia,0.84766,98.6,95.05,1
829.abc_s-bitcoin-750B,proj_xpt,0.77852,100.0,6.56,1
829.abc_s-bitcoin-750B,proj_xpt_pythia,0.81303,NaN,0.0,1
829.abc_s-ethernet_fraig-12B,proj_nopf,1.15324,0,0,1
829.abc_s-ethernet_fraig-12B,proj_pythia,1.30902,0,0,1
829.abc_s-ethernet_fraig-12B,proj_normal,1.19454,96.27,97.46,1
829.abc_s-ethernet_fraig-12B,proj_normal_pythia,1.3287,86.71,75.2,1
829.abc_s-ethernet_fraig-12B,proj_xpt,1.16598,99.06,22.67,1
829.abc_s-ethernet_fraig-12B,proj_xpt_pythia,1.31037,59.88,0.72,1
829.abc_s-ethernet_fraig-186B,proj_nopf,0.86486,0,0,1
829.abc_s-ethernet_fraig-186B,proj_pythia,0.9162,0,0,1
829.abc_s-ethernet_fraig-186B,proj_normal,0.90365,87.44,85.66,1
829.abc_s-ethernet_fraig-186B,proj_normal_pythia,0.93856,80.94,67.06,1
829.abc_s-ethernet_fraig-186B,proj_xpt,0.87089,94.49,9.22,1
829.abc_s-ethernet_fraig-186B,proj_xpt_pythia,0.91827,62.62,2.75,1
829.abc_s-ethernet_fraig-229B,proj_nopf,1.12336,0,0,1
829.abc_s-ethernet_fraig-229B,proj_pythia,1.22425,0,0,1
829.abc_s-ethernet_fraig-229B,proj_normal,1.16862,92.96,89.25,1
829.abc_s-ethernet_fraig-229B,proj_normal_pythia,1.22976,82.08,52.91,1
829.abc_s-ethernet_fraig-229B,proj_xpt,1.13595,83.52,24.51,1
829.abc_s-ethernet_fraig-229B,proj_xpt_pythia,1.22626,33.34,3.47,1
829.abc_s-ethernet_fraig-278B,proj_nopf,1.15968,0,0,1
829.abc_s-ethernet_fraig-278B,proj_pythia,1.24624,0,0,1
829.abc_s-ethernet_fraig-278B,proj_normal,1.20004,92.03,87.06,1
829.abc_s-ethernet_fraig-278B,proj_normal_pythia,1.24769,80.9,51.23,1
829.abc_s-ethernet_fraig-278B,proj_xpt,1.1711,93.58,21.01,1
829.abc_s-ethernet_fraig-278B,proj_xpt_pythia,1.24803,43.44,2.74,1
834.vpr_s-sparct1_place-24B,proj_nopf,1.4339,0,0,1
834.vpr_s-sparct1_place-24B,proj_pythia,1.57178,0,0,1
834.vpr_s-sparct1_place-24B,proj_normal,1.48061,98.43,87.19,1
834.vpr_s-sparct1_place-24B,proj_normal_pythia,1.59048,92.65,44.85,1
834.vpr_s-sparct1_place-24B,proj_xpt,1.45362,50.94,31.35,1
834.vpr_s-sparct1_place-24B,proj_xpt_pythia,1.57343,79.78,3.8,1
834.vpr_s-sparct1_place-411B,proj_nopf,0.50467,0,0,1
834.vpr_s-sparct1_place-411B,proj_pythia,0.54349,0,0,1
834.vpr_s-sparct1_place-411B,proj_normal,0.52421,73.64,57.65,1
834.vpr_s-sparct1_place-411B,proj_normal_pythia,0.5553,64.37,41.0,1
834.vpr_s-sparct1_place-411B,proj_xpt,0.50498,97.11,0.07,1
834.vpr_s-sparct1_place-411B,proj_xpt_pythia,0.54355,52.38,0.0,1
834.vpr_s-sparct1_route-624B,proj_nopf,0.86515,0,0,1
834.vpr_s-sparct1_route-624B,proj_pythia,0.87012,0,0,1
834.vpr_s-sparct1_route-624B,proj_normal,0.87553,80.42,52.41,1
834.vpr_s-sparct1_route-624B,proj_normal_pythia,0.87615,69.47,34.0,1
834.vpr_s-sparct1_route-624B,proj_xpt,0.86524,99.29,0.26,1
834.vpr_s-sparct1_route-624B,proj_xpt_pythia,0.86992,46.15,0.0,1
834.vpr_s-sparct1_route-804B,proj_nopf,0.83955,0,0,1
834.vpr_s-sparct1_route-804B,proj_pythia,0.84579,0,0,1
834.vpr_s-sparct1_route-804B,proj_normal,0.85824,82.75,89.22,1
834.vpr_s-sparct1_route-804B,proj_normal_pythia,0.86255,76.44,83.07,1
834.vpr_s-sparct1_route-804B,proj_xpt,0.83969,99.55,0.34,1
834.vpr_s-sparct1_route-804B,proj_xpt_pythia,0.84571,42.86,0.02,1
834.vpr_s-wb_conmax_place-138B,proj_nopf,1.22334,0,0,1
834.vpr_s-wb_conmax_place-138B,proj_pythia,1.22433,0,0,1
834.vpr_s-wb_conmax_place-138B,proj_normal,1.22415,99.07,98.54,1
834.vpr_s-wb_conmax_place-138B,proj_normal_pythia,1.22459,84.2,48.99,1
834.vpr_s-wb_conmax_place-138B,proj_xpt,1.22363,99.63,46.37,1
834.vpr_s-wb_conmax_place-138B,proj_xpt_pythia,1.22433,30.8,4.25,1
834.vpr_s-wb_conmax_place-245B,proj_nopf,2.14223,0,0,1
834.vpr_s-wb_conmax_place-245B,proj_pythia,2.1538,0,0,1
834.vpr_s-wb_conmax_place-245B,proj_normal,2.14674,99.52,99.33,1
834.vpr_s-wb_conmax_place-245B,proj_normal_pythia,2.15479,79.57,47.98,1
834.vpr_s-wb_conmax_place-245B,proj_xpt,2.14308,99.74,39.15,1
834.vpr_s-wb_conmax_place-245B,proj_xpt_pythia,2.15384,51.3,10.2,1
834.vpr_s-wb_conmax_place-290B,proj_nopf,2.14314,0,0,1
834.vpr_s-wb_conmax_place-290B,proj_pythia,2.15462,0,0,1
834.vpr_s-wb_conmax_place-290B,proj_normal,2.14764,99.65,99.46,1
834.vpr_s-wb_conmax_place-290B,proj_normal_pythia,2.15491,79.22,49.52,1
834.vpr_s-wb_conmax_place-290B,proj_xpt,2.14401,99.78,39.35,1
834.vpr_s-wb_conmax_place-290B,proj_xpt_pythia,2.15462,52.33,10.66,1
834.vpr_s-wb_conmax_place-461B,proj_nopf,0.96194,0,0,1
834.vpr_s-wb_conmax_place-461B,proj_pythia,1.32659,0,0,1
834.vpr_s-wb_conmax_place-461B,proj_normal,1.06329,100.0,100.0,1
834.vpr_s-wb_conmax_place-461B,proj_normal_pythia,1.33159,78.18,53.39,1
834.vpr_s-wb_conmax_place-461B,proj_xpt,1.0062,100.0,49.84,1
834.vpr_s-wb_conmax_place-461B,proj_xpt_pythia,1.32649,36.35,0.03,1
834.vpr_s-wb_conmax_route-269B,proj_nopf,2.14422,0,0,1
834.vpr_s-wb_conmax_route-269B,proj_pythia,2.15546,0,0,1
834.vpr_s-wb_conmax_route-269B,proj_normal,2.14853,99.74,99.27,1
834.vpr_s-wb_conmax_route-269B,proj_normal_pythia,2.15613,79.81,49.32,1
834.vpr_s-wb_conmax_route-269B,proj_xpt,2.14505,99.87,39.51,1
834.vpr_s-wb_conmax_route-269B,proj_xpt_pythia,2.15545,52.98,11.14,1
834.vpr_s-wb_conmax_route-278B,proj_nopf,2.14447,0,0,1
834.vpr_s-wb_conmax_route-278B,proj_pythia,2.15639,0,0,1
834.vpr_s-wb_conmax_route-278B,proj_normal,2.14903,99.63,99.26,1
834.vpr_s-wb_conmax_route-278B,proj_normal_pythia,2.15689,83.8,48.59,1
834.vpr_s-wb_conmax_route-278B,proj_xpt,2.14532,99.68,39.19,1
834.vpr_s-wb_conmax_route-278B,proj_xpt_pythia,2.15636,49.85,8.06,1
834.vpr_s-wb_conmax_route-461B,proj_nopf,0.96252,0,0,1
834.vpr_s-wb_conmax_route-461B,proj_pythia,1.32683,0,0,1
834.vpr_s-wb_conmax_route-461B,proj_normal,1.06396,100.0,100.0,1
834.vpr_s-wb_conmax_route-461B,proj_normal_pythia,1.33193,78.2,53.89,1
834.vpr_s-wb_conmax_route-461B,proj_xpt,1.00677,100.0,49.84,1
834.vpr_s-wb_conmax_route-461B,proj_xpt_pythia,1.32678,38.53,0.04,1
834.vpr_s-wb_conmax_route-636B,proj_nopf,1.18902,0,0,1
834.vpr_s-wb_conmax_route-636B,proj_pythia,1.27008,0,0,1
834.vpr_s-wb_conmax_route-636B,proj_normal,1.22664,96.82,98.85,1
834.vpr_s-wb_conmax_route-636B,proj_normal_pythia,1.28933,83.46,75.69,1
834.vpr_s-wb_conmax_route-636B,proj_xpt,1.19619,97.89,18.18,1
834.vpr_s-wb_conmax_route-636B,proj_xpt_pythia,1.26984,39.16,1.28,1
835.gem5_s-bwaves_match-566B,proj_nopf,1.07601,0,0,1
835.gem5_s-bwaves_match-566B,proj_pythia,1.07633,0,0,1
835.gem5_s-bwaves_match-566B,proj_normal,1.07622,92.12,91.14,1
835.gem5_s-bwaves_match-566B,proj_normal_pythia,1.07642,80.83,77.96,1
835.gem5_s-bwaves_match-566B,proj_xpt,1.07602,98.95,4.41,1
835.gem5_s-bwaves_match-566B,proj_xpt_pythia,1.07634,77.19,2.29,1
835.gem5_s-bwaves_match-71B,proj_nopf,0.73183,0,0,1
835.gem5_s-bwaves_match-71B,proj_pythia,0.73183,0,0,1
835.gem5_s-bwaves_match-71B,proj_normal,0.73183,100.0,87.98,1
835.gem5_s-bwaves_match-71B,proj_normal_pythia,0.73183,80.95,26.56,1
835.gem5_s-bwaves_match-71B,proj_xpt,0.73183,100.0,37.47,1
835.gem5_s-bwaves_match-71B,proj_xpt_pythia,0.73183,NaN,0.0,1
835.gem5_s-bwaves_o3cpu-153B,proj_nopf,0.73085,0,0,1
835.gem5_s-bwaves_o3cpu-153B,proj_pythia,0.73085,0,0,1
835.gem5_s-bwaves_o3cpu-153B,proj_normal,0.73085,100.0,90.95,1
835.gem5_s-bwaves_o3cpu-153B,proj_normal_pythia,0.73085,93.75,24.59,1
835.gem5_s-bwaves_o3cpu-153B,proj_xpt,0.73085,100.0,34.41,1
835.gem5_s-bwaves_o3cpu-153B,proj_xpt_pythia,0.73085,NaN,0.0,1
835.gem5_s-bwaves_o3cpu-342B,proj_nopf,1.00093,0,0,1
835.gem5_s-bwaves_o3cpu-342B,proj_pythia,1.00097,0,0,1
835.gem5_s-bwaves_o3cpu-342B,proj_normal,1.00101,87.52,64.51,1
835.gem5_s-bwaves_o3cpu-342B,proj_normal_pythia,1.00102,75.26,42.36,1
835.gem5_s-bwaves_o3cpu-342B,proj_xpt,1.00094,90.83,3.16,1
835.gem5_s-bwaves_o3cpu-342B,proj_xpt_pythia,1.00098,71.77,1.9,1
838.diamond_s-crap_ultra-2B,proj_nopf,0.99278,0,0,1
838.diamond_s-crap_ultra-2B,proj_pythia,0.99291,0,0,1
838.diamond_s-crap_ultra-2B,proj_normal,0.9928,97.29,96.06,1
838.diamond_s-crap_ultra-2B,proj_normal_pythia,0.99291,96.34,95.81,1
838.diamond_s-crap_ultra-2B,proj_xpt,0.99279,6.64,44.44,1
838.diamond_s-crap_ultra-2B,proj_xpt_pythia,0.99291,5.61,43.47,1
846.minizinc_s-gunport_problem2-123B,proj_nopf,1.18248,0,0,1
846.minizinc_s-gunport_problem2-123B,proj_pythia,1.19813,0,0,1
846.minizinc_s-gunport_problem2-123B,proj_normal,1.19232,98.37,97.61,1
846.minizinc_s-gunport_problem2-123B,proj_normal_pythia,1.20485,94.03,94.63,1
846.minizinc_s-gunport_problem2-123B,proj_xpt,1.18402,99.75,11.1,1
846.minizinc_s-gunport_problem2-123B,proj_xpt_pythia,1.19818,39.31,0.06,1
846.minizinc_s-gunport_problem2-16B,proj_nopf,1.07986,0,0,1
846.minizinc_s-gunport_problem2-16B,proj_pythia,1.08069,0,0,1
846.minizinc_s-gunport_problem2-16B,proj_normal,1.08465,95.69,97.74,1
846.minizinc_s-gunport_problem2-16B,proj_normal_pythia,1.08528,92.73,97.87,1
846.minizinc_s-gunport_problem2-16B,proj_xpt,1.08017,99.09,6.04,1
846.minizinc_s-gunport_problem2-16B,proj_xpt_pythia,1.08085,88.11,3.45,1
846.minizinc_s-gunport_problem2-66B,proj_nopf,1.03504,0,0,1
846.minizinc_s-gunport_problem2-66B,proj_pythia,1.03818,0,0,1
846.minizinc_s-gunport_problem2-66B,proj_normal,1.0417,97.67,99.02,1
846.minizinc_s-gunport_problem2-66B,proj_normal_pythia,1.04299,95.03,92.83,1
846.minizinc_s-gunport_problem2-66B,proj_xpt,1.03519,100.0,16.99,1
846.minizinc_s-gunport_problem2-66B,proj_xpt_pythia,1.03751,82.5,0.35,1
846.minizinc_s-gunport_problem2-87B,proj_nopf,1.04014,0,0,1
846.minizinc_s-gunport_problem2-87B,proj_pythia,1.04612,0,0,1
846.minizinc_s-gunport_problem2-87B,proj_normal,1.04707,98.73,99.24,1
846.minizinc_s-gunport_problem2-87B,proj_normal_pythia,1.05061,90.55,85.58,1
846.minizinc_s-gunport_problem2-87B,proj_xpt,1.04057,99.59,6.45,1
846.minizinc_s-gunport_problem2-87B,proj_xpt_pythia,1.04623,95.62,1.48,1
846.minizinc_s-pennies_7_8-1421B,proj_nopf,1.16048,0,0,1
846.minizinc_s-pennies_7_8-1421B,proj_pythia,1.16048,0,0,1
846.minizinc_s-pennies_7_8-1421B,proj_normal,1.16048,100.0,98.71,1
846.minizinc_s-pennies_7_8-1421B,proj_normal_pythia,1.16048,83.68,69.96,1
846.minizinc_s-pennies_7_8-1421B,proj_xpt,1.16048,100.0,33.28,1
846.minizinc_s-pennies_7_8-1421B,proj_xpt_pythia,1.16048,87.6,16.32,1
846.minizinc_s-pennies_7_8-280B,proj_nopf,1.13856,0,0,1
846.minizinc_s-pennies_7_8-280B,proj_pythia,1.13857,0,0,1
846.minizinc_s-pennies_7_8-280B,proj_normal,1.13856,100.0,98.16,1
846.minizinc_s-pennies_7_8-280B,proj_normal_pythia,1.13857,71.58,49.96,1
846.minizinc_s-pennies_7_8-280B,proj_xpt,1.13856,100.0,25.49,1
846.minizinc_s-pennies_7_8-280B,proj_xpt_pythia,1.13857,87.88,4.17,1
846.minizinc_s-pennies_7_8-333B,proj_nopf,1.14361,0,0,1
846.minizinc_s-pennies_7_8-333B,proj_pythia,1.1438,0,0,1
846.minizinc_s-pennies_7_8-333B,proj_normal,1.14371,100.0,98.74,1
846.minizinc_s-pennies_7_8-333B,proj_normal_pythia,1.14381,81.24,56.13,1
846.minizinc_s-pennies_7_8-333B,proj_xpt,1.14365,100.0,35.64,1
846.minizinc_s-pennies_7_8-333B,proj_xpt_pythia,1.1438,87.04,14.21,1
846.minizinc_s-pennies_7_8-698B,proj_nopf,1.14136,0,0,1
846.minizinc_s-pennies_7_8-698B,proj_pythia,1.14144,0,0,1
846.minizinc_s-pennies_7_8-698B,proj_normal,1.1414,100.0,99.12,1
846.minizinc_s-pennies_7_8-698B,proj_normal_pythia,1.14145,71.28,41.48,1
846.minizinc_s-pennies_7_8-698B,proj_xpt,1.14137,100.0,34.87,1
846.minizinc_s-pennies_7_8-698B,proj_xpt_pythia,1.14144,57.32,4.44,1
846.minizinc_s-roster_sickness_small_4-1271B,proj_nopf,1.03593,0,0,1
846.minizinc_s-roster_sickness_small_4-1271B,proj_pythia,1.03601,0,0,1
846.minizinc_s-roster_sickness_small_4-1271B,proj_normal,1.03597,100.0,99.29,1
846.minizinc_s-roster_sickness_small_4-1271B,proj_normal_pythia,1.03602,87.12,58.62,1
846.minizinc_s-roster_sickness_small_4-1271B,proj_xpt,1.03594,100.0,24.15,1
846.minizinc_s-roster_sickness_small_4-1271B,proj_xpt_pythia,1.03601,79.72,10.67,1
846.minizinc_s-roster_sickness_small_4-1994B,proj_nopf,1.03466,0,0,1
846.minizinc_s-roster_sickness_small_4-1994B,proj_pythia,1.03468,0,0,1
846.minizinc_s-roster_sickness_small_4-1994B,proj_normal,1.03468,100.0,99.38,1
846.minizinc_s-roster_sickness_small_4-1994B,proj_normal_pythia,1.03468,85.37,57.98,1
846.minizinc_s-roster_sickness_small_4-1994B,proj_xpt,1.03466,100.0,22.95,1
846.minizinc_s-roster_sickness_small_4-1994B,proj_xpt_pythia,1.03468,80.88,8.28,1
846.minizinc_s-roster_sickness_small_4-2502B,proj_nopf,1.03237,0,0,1
846.minizinc_s-roster_sickness_small_4-2502B,proj_pythia,1.03252,0,0,1
846.minizinc_s-roster_sickness_small_4-2502B,proj_normal,1.03246,100.0,99.17,1
846.minizinc_s-roster_sickness_small_4-2502B,proj_normal_pythia,1.03255,84.93,59.44,1
846.minizinc_s-roster_sickness_small_4-2502B,proj_xpt,1.03238,100.0,20.71,1
846.minizinc_s-roster_sickness_small_4-2502B,proj_xpt_pythia,1.03252,73.68,7.53,1
846.minizinc_s-yumi_dynamic-118B,proj_nopf,0.45665,0,0,1
846.minizinc_s-yumi_dynamic-118B,proj_pythia,0.52681,0,0,1
846.minizinc_s-yumi_dynamic-118B,proj_normal,0.48417,92.65,90.73,1
846.minizinc_s-yumi_dynamic-118B,proj_normal_pythia,0.53381,81.8,72.27,1
846.minizinc_s-yumi_dynamic-118B,proj_xpt,0.46557,95.89,13.62,1
846.minizinc_s-yumi_dynamic-118B,proj_xpt_pythia,0.52782,42.02,0.52,1
846.minizinc_s-yumi_dynamic-119B,proj_nopf,0.46135,0,0,1
846.minizinc_s-yumi_dynamic-119B,proj_pythia,0.52085,0,0,1
846.minizinc_s-yumi_dynamic-119B,proj_normal,0.48691,93.25,90.54,1
846.minizinc_s-yumi_dynamic-119B,proj_normal_pythia,0.52632,81.87,71.28,1
846.minizinc_s-yumi_dynamic-119B,proj_xpt,0.46899,96.27,13.08,1
846.minizinc_s-yumi_dynamic-119B,proj_xpt_pythia,0.52169,38.35,0.45,1
846.minizinc_s-yumi_dynamic-256B,proj_nopf,0.31361,0,0,1
846.minizinc_s-yumi_dynamic-256B,proj_pythia,0.35549,0,0,1
846.minizinc_s-yumi_dynamic-256B,proj_normal,0.33383,92.39,85.29,1
846.minizinc_s-yumi_dynamic-256B,proj_normal_pythia,0.3606,82.51,58.81,1
846.minizinc_s-yumi_dynamic-256B,proj_xpt,0.3214,94.35,20.95,1
846.minizinc_s-yumi_dynamic-256B,proj_xpt_pythia,0.3555,29.15,0.27,1
846.minizinc_s-yumi_dynamic-40B,proj_nopf,0.58093,0,0,1
846.minizinc_s-yumi_dynamic-40B,proj_pythia,0.55237,0,0,1
846.minizinc_s-yumi_dynamic-40B,proj_normal,0.59159,81.09,70.93,1
846.minizinc_s-yumi_dynamic-40B,proj_normal_pythia,0.56136,73.65,53.49,1
846.minizinc_s-yumi_dynamic-40B,proj_xpt,0.58155,89.41,1.57,1
846.minizinc_s-yumi_dynamic-40B,proj_xpt_pythia,0.55234,53.11,0.12,1
853.ns3_s-mobile_scenario-103B,proj_nopf,1.13745,0,0,1
853.ns3_s-mobile_scenario-103B,proj_pythia,1.13766,0,0,1
853.ns3_s-mobile_scenario-103B,proj_normal,1.13749,95.17,90.76,1
853.ns3_s-mobile_scenario-103B,proj_normal_pythia,1.13765,72.38,75.93,1
853.ns3_s-mobile_scenario-103B,proj_xpt,1.13745,100.0,0.62,1
853.ns3_s-mobile_scenario-103B,proj_xpt_pythia,1.13766,NaN,0.0,1
853.ns3_s-mobile_scenario-19B,proj_nopf,1.16423,0,0,1
853.ns3_s-mobile_scenario-19B,proj_pythia,1.16433,0,0,1
853.ns3_s-mobile_scenario-19B,proj_normal,1.16428,94.22,96.45,1
853.ns3_s-mobile_scenario-19B,proj_normal_pythia,1.16434,67.22,71.99,1
853.ns3_s-mobile_scenario-19B,proj_xpt,1.16423,100.0,0.83,1
853.ns3_s-mobile_scenario-19B,proj_xpt_pythia,1.16433,NaN,0.0,1
853.ns3_s-mobile_scenario-228B,proj_nopf,1.14437,0,0,1
853.ns3_s-mobile_scenario-228B,proj_pythia,1.1445,0,0,1
853.ns3_s-mobile_scenario-228B,proj_normal,1.14445,96.73,94.71,1
853.ns3_s-mobile_scenario-228B,proj_normal_pythia,1.14453,73.9,80.74,1
853.ns3_s-mobile_scenario-228B,proj_xpt,1.14437,100.0,0.5,1
853.ns3_s-mobile_scenario-228B,proj_xpt_pythia,1.1445,NaN,0.0,1
853.ns3_s-mobile_scenario-56B,proj_nopf,1.14733,0,0,1
853.ns3_s-mobile_scenario-56B,proj_pythia,1.14773,0,0,1
853.ns3_s-mobile_scenario-56B,proj_normal,1.14744,91.54,78.71,1
853.ns3_s-mobile_scenario-56B,proj_normal_pythia,1.14774,69.74,59.59,1
853.ns3_s-mobile_scenario-56B,proj_xpt,1.14733,100.0,0.33,1
853.ns3_s-mobile_scenario-56B,proj_xpt_pythia,1.14773,NaN,0.0,1
853.ns3_s-tcp_pacing-111B,proj_nopf,0.86085,0,0,1
853.ns3_s-tcp_pacing-111B,proj_pythia,0.86091,0,0,1
853.ns3_s-tcp_pacing-111B,proj_normal,0.86086,96.05,96.8,1
853.ns3_s-tcp_pacing-111B,proj_normal_pythia,0.86092,69.27,75.64,1
853.ns3_s-tcp_pacing-111B,proj_xpt,0.86085,82.89,5.59,1
853.ns3_s-tcp_pacing-111B,proj_xpt_pythia,0.86091,NaN,0.0,1
853.ns3_s-tcp_pacing-181B,proj_nopf,0.86087,0,0,1
853.ns3_s-tcp_pacing-181B,proj_pythia,0.86094,0,0,1
853.ns3_s-tcp_pacing-181B,proj_normal,0.86086,96.46,95.45,1
853.ns3_s-tcp_pacing-181B,proj_normal_pythia,0.86094,70.58,76.11,1
853.ns3_s-tcp_pacing-181B,proj_xpt,0.86087,72.68,5.43,1
853.ns3_s-tcp_pacing-181B,proj_xpt_pythia,0.86094,0.0,0.0,1
853.ns3_s-tcp_pacing-40B,proj_nopf,0.86029,0,0,1
853.ns3_s-tcp_pacing-40B,proj_pythia,0.86035,0,0,1
853.ns3_s-tcp_pacing-40B,proj_normal,0.86029,96.48,95.41,1
853.ns3_s-tcp_pacing-40B,proj_normal_pythia,0.86035,69.58,78.11,1
853.ns3_s-tcp_pacing-40B,proj_xpt,0.86029,72.52,6.79,1
853.ns3_s-tcp_pacing-40B,proj_xpt_pythia,0.86035,NaN,0.0,1
853.ns3_s-tcp_validation-123B,proj_nopf,0.13329,0,0,1
853.ns3_s-tcp_validation-123B,proj_pythia,0.12399,0,0,1
853.ns3_s-tcp_validation-123B,proj_normal,0.13331,96.5,9.06,1
853.ns3_s-tcp_validation-123B,proj_normal_pythia,0.12458,73.99,13.0,1
853.ns3_s-tcp_validation-123B,proj_xpt,0.13329,86.21,0.0,1
853.ns3_s-tcp_validation-123B,proj_xpt_pythia,0.12399,68.42,0.0,1
853.ns3_s-tcp_validation-187B,proj_nopf,0.1333,0,0,1
853.ns3_s-tcp_validation-187B,proj_pythia,0.12636,0,0,1
853.ns3_s-tcp_validation-187B,proj_normal,0.13303,72.32,51.71,1
853.ns3_s-tcp_validation-187B,proj_normal_pythia,0.12641,74.51,39.11,1
853.ns3_s-tcp_validation-187B,proj_xpt,0.13334,76.93,18.62,1
853.ns3_s-tcp_validation-187B,proj_xpt_pythia,0.12601,58.75,14.24,1
853.ns3_s-tcp_validation-195B,proj_nopf,0.22037,0,0,1
853.ns3_s-tcp_validation-195B,proj_pythia,0.22039,0,0,1
853.ns3_s-tcp_validation-195B,proj_normal,0.22048,82.85,84.47,1
853.ns3_s-tcp_validation-195B,proj_normal_pythia,0.22048,77.97,75.53,1
853.ns3_s-tcp_validation-195B,proj_xpt,0.22037,96.25,0.05,1
853.ns3_s-tcp_validation-195B,proj_xpt_pythia,0.22038,80.0,0.0,1
853.ns3_s-tcp_validation-202B,proj_nopf,0.10777,0,0,1
853.ns3_s-tcp_validation-202B,proj_pythia,0.10941,0,0,1
853.ns3_s-tcp_validation-202B,proj_normal,0.11048,99.41,99.43,1
853.ns3_s-tcp_validation-202B,proj_normal_pythia,0.10628,76.0,83.95,1
853.ns3_s-tcp_validation-202B,proj_xpt,0.1096,99.75,48.48,1
853.ns3_s-tcp_validation-202B,proj_xpt_pythia,0.10755,61.59,25.48,1
853.ns3_s-tcp_validation-211B,proj_nopf,0.39764,0,0,1
853.ns3_s-tcp_validation-211B,proj_pythia,0.39693,0,0,1
853.ns3_s-tcp_validation-211B,proj_normal,0.39793,79.43,63.3,1
853.ns3_s-tcp_validation-211B,proj_normal_pythia,0.39736,73.7,52.38,1
853.ns3_s-tcp_validation-211B,proj_xpt,0.39764,97.78,0.03,1
853.ns3_s-tcp_validation-211B,proj_xpt_pythia,0.39693,NaN,0.0,1
853.ns3_s-traffic_fqcodel-112B,proj_nopf,0.17802,0,0,1
853.ns3_s-traffic_fqcodel-112B,proj_pythia,0.17802,0,0,1
853.ns3_s-traffic_fqcodel-112B,proj_normal,0.17808,84.19,84.99,1
853.ns3_s-traffic_fqcodel-112B,proj_normal_pythia,0.17807,75.08,69.4,1
853.ns3_s-traffic_fqcodel-112B,proj_xpt,0.17802,68.57,0.02,1
853.ns3_s-traffic_fqcodel-112B,proj_xpt_pythia,0.17802,35.29,0.01,1
853.ns3_s-traffic_fqcodel-162B,proj_nopf,0.69702,0,0,1
853.ns3_s-traffic_fqcodel-162B,proj_pythia,0.697,0,0,1
853.ns3_s-traffic_fqcodel-162B,proj_normal,0.69825,78.06,72.34,1
853.ns3_s-traffic_fqcodel-162B,proj_normal_pythia,0.69853,72.18,69.83,1
853.ns3_s-traffic_fqcodel-162B,proj_xpt,0.69702,100.0,0.01,1
853.ns3_s-traffic_fqcodel-162B,proj_xpt_pythia,0.697,NaN,0.0,1
853.ns3_s-traffic_fqcodel-26B,proj_nopf,0.78621,0,0,1
853.ns3_s-traffic_fqcodel-26B,proj_pythia,0.78716,0,0,1
853.ns3_s-traffic_fqcodel-26B,proj_normal,0.78757,77.17,69.66,1
853.ns3_s-traffic_fqcodel-26B,proj_normal_pythia,0.78804,66.21,46.57,1
853.ns3_s-traffic_fqcodel-26B,proj_xpt,0.78632,99.8,2.17,1
853.ns3_s-traffic_fqcodel-26B,proj_xpt_pythia,0.78717,49.01,0.06,1
853.ns3_s-traffic_fqcodel-55B,proj_nopf,0.31716,0,0,1
853.ns3_s-traffic_fqcodel-55B,proj_pythia,0.31716,0,0,1
853.ns3_s-traffic_fqcodel-55B,proj_normal,0.31732,79.55,73.14,1
853.ns3_s-traffic_fqcodel-55B,proj_normal_pythia,0.31734,73.29,67.6,1
853.ns3_s-traffic_fqcodel-55B,proj_xpt,0.31716,100.0,0.02,1
853.ns3_s-traffic_fqcodel-55B,proj_xpt_pythia,0.31716,NaN,0.0,1
853.ns3_s-wifi_aggregation-136B,proj_nopf,0.85946,0,0,1
853.ns3_s-wifi_aggregation-136B,proj_pythia,0.86302,0,0,1
853.ns3_s-wifi_aggregation-136B,proj_normal,0.86312,88.62,94.89,1
853.ns3_s-wifi_aggregation-136B,proj_normal_pythia,0.86509,80.28,79.01,1
853.ns3_s-wifi_aggregation-136B,proj_xpt,0.85946,100.0,0.0,1
853.ns3_s-wifi_aggregation-136B,proj_xpt_pythia,0.86302,NaN,0.0,1
853.ns3_s-wifi_aggregation-216B,proj_nopf,0.85152,0,0,1
853.ns3_s-wifi_aggregation-216B,proj_pythia,0.85537,0,0,1
853.ns3_s-wifi_aggregation-216B,proj_normal,0.85561,89.46,93.76,1
853.ns3_s-wifi_aggregation-216B,proj_normal_pythia,0.85814,82.96,77.74,1
853.ns3_s-wifi_aggregation-216B,proj_xpt,0.85152,100.0,0.0,1
853.ns3_s-wifi_aggregation-216B,proj_xpt_pythia,0.85537,NaN,0.0,1
853.ns3_s-wifi_aggregation-31B,proj_nopf,0.86882,0,0,1
853.ns3_s-wifi_aggregation-31B,proj_pythia,0.87138,0,0,1
853.ns3_s-wifi_aggregation-31B,proj_normal,0.87181,84.26,95.1,1
853.ns3_s-wifi_aggregation-31B,proj_normal_pythia,0.87333,76.63,72.87,1
853.ns3_s-wifi_aggregation-31B,proj_xpt,0.86882,NaN,0.0,1
853.ns3_s-wifi_aggregation-31B,proj_xpt_pythia,0.87138,NaN,0.0,1
853.ns3_s-wifi_aggregation-82B,proj_nopf,0.86495,0,0,1
853.ns3_s-wifi_aggregation-82B,proj_pythia,0.86806,0,0,1
853.ns3_s-wifi_aggregation-82B,proj_normal,0.8683,87.16,96.15,1
853.ns3_s-wifi_aggregation-82B,proj_normal_pythia,0.87019,79.69,77.51,1
853.ns3_s-wifi_aggregation-82B,proj_xpt,0.86495,100.0,0.0,1
853.ns3_s-wifi_aggregation-82B,proj_xpt_pythia,0.86806,NaN,0.0,1
853.ns3_s-wifi_eht_network-123B,proj_nopf,0.6494,0,0,1
853.ns3_s-wifi_eht_network-123B,proj_pythia,0.65306,0,0,1
853.ns3_s-wifi_eht_network-123B,proj_normal,0.65595,80.62,64.26,1
853.ns3_s-wifi_eht_network-123B,proj_normal_pythia,0.6562,75.52,47.77,1
853.ns3_s-wifi_eht_network-123B,proj_xpt,0.65084,90.03,11.02,1
853.ns3_s-wifi_eht_network-123B,proj_xpt_pythia,0.65265,76.44,2.94,1
853.ns3_s-wifi_eht_network-80B,proj_nopf,0.72516,0,0,1
853.ns3_s-wifi_eht_network-80B,proj_pythia,0.71153,0,0,1
853.ns3_s-wifi_eht_network-80B,proj_normal,0.72637,78.42,40.44,1
853.ns3_s-wifi_eht_network-80B,proj_normal_pythia,0.71414,74.92,44.01,1
853.ns3_s-wifi_eht_network-80B,proj_xpt,0.72538,83.33,3.31,1
853.ns3_s-wifi_eht_network-80B,proj_xpt_pythia,0.71148,52.7,1.01,1
853.ns3_s-wifi_mixed_network-109B,proj_nopf,0.87534,0,0,1
853.ns3_s-wifi_mixed_network-109B,proj_pythia,0.87627,0,0,1
853.ns3_s-wifi_mixed_network-109B,proj_normal,0.87849,85.83,98.56,1
853.ns3_s-wifi_mixed_network-109B,proj_normal_pythia,0.87881,82.65,88.82,1
853.ns3_s-wifi_mixed_network-109B,proj_xpt,0.87534,100.0,0.0,1
853.ns3_s-wifi_mixed_network-109B,proj_xpt_pythia,0.87627,NaN,0.0,1
853.ns3_s-wifi_mixed_network-146B,proj_nopf,0.72619,0,0,1
853.ns3_s-wifi_mixed_network-146B,proj_pythia,0.72329,0,0,1
853.ns3_s-wifi_mixed_network-146B,proj_normal,0.73876,75.66,87.19,1
853.ns3_s-wifi_mixed_network-146B,proj_normal_pythia,0.73441,74.55,81.95,1
853.ns3_s-wifi_mixed_network-146B,proj_xpt,0.7262,96.8,0.04,1
853.ns3_s-wifi_mixed_network-146B,proj_xpt_pythia,0.72328,20.0,0.0,1
853.ns3_s-wifi_mixed_network-285B,proj_nopf,0.88287,0,0,1
853.ns3_s-wifi_mixed_network-285B,proj_pythia,0.88477,0,0,1
853.ns3_s-wifi_mixed_network-285B,proj_normal,0.88466,76.48,88.61,1
853.ns3_s-wifi_mixed_network-285B,proj_normal_pythia,0.88586,64.1,73.73,1
853.ns3_s-wifi_mixed_network-285B,proj_xpt,0.88287,100.0,0.08,1
853.ns3_s-wifi_mixed_network-285B,proj_xpt_pythia,0.88477,NaN,0.0,1
853.ns3_s-wifi_mixed_network-312B,proj_nopf,0.86872,0,0,1
853.ns3_s-wifi_mixed_network-312B,proj_pythia,0.86868,0,0,1
853.ns3_s-wifi_mixed_network-312B,proj_normal,0.87153,82.39,95.57,1
853.ns3_s-wifi_mixed_network-312B,proj_normal_pythia,0.87109,78.06,84.71,1
853.ns3_s-wifi_mixed_network-312B,proj_xpt,0.86872,100.0,0.0,1
853.ns3_s-wifi_mixed_network-312B,proj_xpt_pythia,0.86868,NaN,0.0,1
854.graph500_s-bfs-1217B,proj_nopf,0.08107,0,0,1
854.graph500_s-bfs-1217B,proj_pythia,0.08085,0,0,1
854.graph500_s-bfs-1217B,proj_normal,0.08215,86.34,99.65,1
854.graph500_s-bfs-1217B,proj_normal_pythia,0.08198,93.75,99.82,1
854.graph500_s-bfs-1217B,proj_xpt,0.08118,100.0,3.58,1
854.graph500_s-bfs-1217B,proj_xpt_pythia,0.08085,100.0,0.0,1
854.graph500_s-bfs-246B,proj_nopf,0.8174,0,0,1
854.graph500_s-bfs-246B,proj_pythia,0.85928,0,0,1
854.graph500_s-bfs-246B,proj_normal,0.82847,100.0,99.99,1
854.graph500_s-bfs-246B,proj_normal_pythia,0.85948,99.98,90.9,1
854.graph500_s-bfs-246B,proj_xpt,0.82287,100.0,49.7,1
854.graph500_s-bfs-246B,proj_xpt_pythia,0.85928,NaN,0.0,1
854.graph500_s-bfs-3313B,proj_nopf,0.54037,0,0,1
854.graph500_s-bfs-3313B,proj_pythia,0.5414,0,0,1
854.graph500_s-bfs-3313B,proj_normal,0.54608,83.02,73.89,1
854.graph500_s-bfs-3313B,proj_normal_pythia,0.52695,81.47,91.65,1
854.graph500_s-bfs-3313B,proj_xpt,0.54704,100.0,12.99,1
854.graph500_s-bfs-3313B,proj_xpt_pythia,0.5414,NaN,0.0,1
