TraceName,ExpName,ipc,precision,recall,Filter
708.sqlite_r-cte_size2000-233B,bw3200_nopf,0.95908,0,0,1
708.sqlite_r-cte_size2000-233B,bw3200_pythia,1.8735,0,0,1
708.sqlite_r-cte_size2000-233B,bw3200_normal,1.08686,100.0,100.0,1
708.sqlite_r-cte_size2000-233B,bw3200_normal_pythia,1.88024,99.98,98.72,1
708.sqlite_r-cte_size2000-233B,bw3200_xpt,1.01779,100.0,49.96,1
708.sqlite_r-cte_size2000-233B,bw3200_xpt_pythia,1.8735,NaN,0.0,1
708.sqlite_r-fp_size1000-424B,bw3200_nopf,0.45542,0,0,1
708.sqlite_r-fp_size1000-424B,bw3200_pythia,0.53765,0,0,1
708.sqlite_r-fp_size1000-424B,bw3200_normal,0.50672,99.65,100.0,1
708.sqlite_r-fp_size1000-424B,bw3200_normal_pythia,0.58416,99.54,97.7,1
708.sqlite_r-fp_size1000-424B,bw3200_xpt,0.45542,NaN,0.0,1
708.sqlite_r-fp_size1000-424B,bw3200_xpt_pythia,0.53765,NaN,0.0,1
708.sqlite_r-main_size2000-136B,bw3200_nopf,0.83253,0,0,1
708.sqlite_r-main_size2000-136B,bw3200_pythia,0.87649,0,0,1
708.sqlite_r-main_size2000-136B,bw3200_normal,0.8709,93.6,95.82,1
708.sqlite_r-main_size2000-136B,bw3200_normal_pythia,0.89493,92.26,92.07,1
708.sqlite_r-main_size2000-136B,bw3200_xpt,0.83777,97.38,7.83,1
708.sqlite_r-main_size2000-136B,bw3200_xpt_pythia,0.87707,61.79,0.07,1
708.sqlite_r-main_size2000-499B,bw3200_nopf,1.06013,0,0,1
708.sqlite_r-main_size2000-499B,bw3200_pythia,1.08084,0,0,1
708.sqlite_r-main_size2000-499B,bw3200_normal,1.12051,89.32,95.52,1
708.sqlite_r-main_size2000-499B,bw3200_normal_pythia,1.13798,89.82,95.37,1
708.sqlite_r-main_size2000-499B,bw3200_xpt,1.06037,99.85,0.14,1
708.sqlite_r-main_size2000-499B,bw3200_xpt_pythia,1.08084,NaN,0.0,1
708.sqlite_r-main_size2000-556B,bw3200_nopf,1.06619,0,0,1
708.sqlite_r-main_size2000-556B,bw3200_pythia,1.08667,0,0,1
708.sqlite_r-main_size2000-556B,bw3200_normal,1.12624,89.18,95.44,1
708.sqlite_r-main_size2000-556B,bw3200_normal_pythia,1.1432,89.38,95.11,1
708.sqlite_r-main_size2000-556B,bw3200_xpt,1.06642,99.96,0.13,1
708.sqlite_r-main_size2000-556B,bw3200_xpt_pythia,1.08667,75.0,0.0,1
709.cactus_r-shifted_gauge_wave-19B,bw3200_nopf,0.9107,0,0,1
709.cactus_r-shifted_gauge_wave-19B,bw3200_pythia,0.92134,0,0,1
709.cactus_r-shifted_gauge_wave-19B,bw3200_normal,0.91334,98.07,97.68,1
709.cactus_r-shifted_gauge_wave-19B,bw3200_normal_pythia,0.92138,86.38,60.25,1
709.cactus_r-shifted_gauge_wave-19B,bw3200_xpt,0.91208,97.35,45.25,1
709.cactus_r-shifted_gauge_wave-19B,bw3200_xpt_pythia,0.92059,64.93,3.91,1
709.cactus_r-shifted_gauge_wave-26B,bw3200_nopf,0.81991,0,0,1
709.cactus_r-shifted_gauge_wave-26B,bw3200_pythia,0.88586,0,0,1
709.cactus_r-shifted_gauge_wave-26B,bw3200_normal,0.83287,99.06,98.61,1
709.cactus_r-shifted_gauge_wave-26B,bw3200_normal_pythia,0.88673,87.46,57.49,1
709.cactus_r-shifted_gauge_wave-26B,bw3200_xpt,0.8262,99.2,46.1,1
709.cactus_r-shifted_gauge_wave-26B,bw3200_xpt_pythia,0.88576,83.94,7.5,1
709.cactus_r-shifted_gauge_wave-27B,bw3200_nopf,0.3031,0,0,1
709.cactus_r-shifted_gauge_wave-27B,bw3200_pythia,0.33688,0,0,1
709.cactus_r-shifted_gauge_wave-27B,bw3200_normal,0.31012,99.82,99.76,1
709.cactus_r-shifted_gauge_wave-27B,bw3200_normal_pythia,0.34114,92.18,77.94,1
709.cactus_r-shifted_gauge_wave-27B,bw3200_xpt,0.30579,99.84,45.03,1
709.cactus_r-shifted_gauge_wave-27B,bw3200_xpt_pythia,0.336,37.18,4.56,1
709.cactus_r-shifted_gauge_wave-824B,bw3200_nopf,0.91043,0,0,1
709.cactus_r-shifted_gauge_wave-824B,bw3200_pythia,0.92083,0,0,1
709.cactus_r-shifted_gauge_wave-824B,bw3200_normal,0.91312,98.05,97.75,1
709.cactus_r-shifted_gauge_wave-824B,bw3200_normal_pythia,0.92143,85.86,58.58,1
709.cactus_r-shifted_gauge_wave-824B,bw3200_xpt,0.91194,97.15,44.91,1
709.cactus_r-shifted_gauge_wave-824B,bw3200_xpt_pythia,0.92035,53.83,4.26,1
709.cactus_r-shifted_gauge_wave-8B,bw3200_nopf,0.69936,0,0,1
709.cactus_r-shifted_gauge_wave-8B,bw3200_pythia,0.87013,0,0,1
709.cactus_r-shifted_gauge_wave-8B,bw3200_normal,0.71516,97.78,96.53,1
709.cactus_r-shifted_gauge_wave-8B,bw3200_normal_pythia,0.87209,87.41,65.08,1
709.cactus_r-shifted_gauge_wave-8B,bw3200_xpt,0.70584,98.1,45.29,1
709.cactus_r-shifted_gauge_wave-8B,bw3200_xpt_pythia,0.86993,80.38,19.36,1
721.gcc_r-gcc_pp_O2_fpic-309B,bw3200_nopf,0.54223,0,0,1
721.gcc_r-gcc_pp_O2_fpic-309B,bw3200_pythia,0.65904,0,0,1
721.gcc_r-gcc_pp_O2_fpic-309B,bw3200_normal,0.57935,91.71,85.12,1
721.gcc_r-gcc_pp_O2_fpic-309B,bw3200_normal_pythia,0.67,76.22,43.22,1
721.gcc_r-gcc_pp_O2_fpic-309B,bw3200_xpt,0.55691,97.03,26.78,1
721.gcc_r-gcc_pp_O2_fpic-309B,bw3200_xpt_pythia,0.66305,51.09,0.8,1
721.gcc_r-ref32_O3_inline12000-113B,bw3200_nopf,0.30794,0,0,1
721.gcc_r-ref32_O3_inline12000-113B,bw3200_pythia,0.38182,0,0,1
721.gcc_r-ref32_O3_inline12000-113B,bw3200_normal,0.34398,93.5,98.66,1
721.gcc_r-ref32_O3_inline12000-113B,bw3200_normal_pythia,0.40798,86.23,82.47,1
721.gcc_r-ref32_O3_inline12000-113B,bw3200_xpt,0.31408,99.52,15.26,1
721.gcc_r-ref32_O3_inline12000-113B,bw3200_xpt_pythia,0.38162,55.96,0.35,1
721.gcc_r-ref32_O3_inline12000-390B,bw3200_nopf,0.32134,0,0,1
721.gcc_r-ref32_O3_inline12000-390B,bw3200_pythia,0.43248,0,0,1
721.gcc_r-ref32_O3_inline12000-390B,bw3200_normal,0.35993,96.89,98.37,1
721.gcc_r-ref32_O3_inline12000-390B,bw3200_normal_pythia,0.45256,83.63,67.92,1
721.gcc_r-ref32_O3_inline12000-390B,bw3200_xpt,0.33124,99.26,23.13,1
721.gcc_r-ref32_O3_inline12000-390B,bw3200_xpt_pythia,0.43592,55.79,1.16,1
721.gcc_r-ref32_O3_inline12000-41B,bw3200_nopf,0.56878,0,0,1
721.gcc_r-ref32_O3_inline12000-41B,bw3200_pythia,0.71525,0,0,1
721.gcc_r-ref32_O3_inline12000-41B,bw3200_normal,0.60448,94.42,94.12,1
721.gcc_r-ref32_O3_inline12000-41B,bw3200_normal_pythia,0.72144,83.71,55.63,1
721.gcc_r-ref32_O3_inline12000-41B,bw3200_xpt,0.58172,96.58,28.19,1
721.gcc_r-ref32_O3_inline12000-41B,bw3200_xpt_pythia,0.71594,66.06,3.45,1
722.palm_r-atmos-1670B,bw3200_nopf,1.30718,0,0,1
722.palm_r-atmos-1670B,bw3200_pythia,1.58345,0,0,1
722.palm_r-atmos-1670B,bw3200_normal,1.37118,99.62,99.35,1
722.palm_r-atmos-1670B,bw3200_normal_pythia,1.58655,72.39,44.64,1
722.palm_r-atmos-1670B,bw3200_xpt,1.34082,99.77,48.75,1
722.palm_r-atmos-1670B,bw3200_xpt_pythia,1.58341,59.5,15.24,1
722.palm_r-atmos-334B,bw3200_nopf,1.135,0,0,1
722.palm_r-atmos-334B,bw3200_pythia,1.29078,0,0,1
722.palm_r-atmos-334B,bw3200_normal,1.14753,99.98,99.96,1
722.palm_r-atmos-334B,bw3200_normal_pythia,1.29333,93.2,83.66,1
722.palm_r-atmos-334B,bw3200_xpt,1.1323,99.88,47.87,1
722.palm_r-atmos-334B,bw3200_xpt_pythia,1.28927,80.09,30.25,1
723.llvm_r-codegen-388B,bw3200_nopf,0.56622,0,0,1
723.llvm_r-codegen-388B,bw3200_pythia,0.56752,0,0,1
723.llvm_r-codegen-388B,bw3200_normal,0.61891,98.82,97.7,1
723.llvm_r-codegen-388B,bw3200_normal_pythia,0.6188,90.94,88.07,1
723.llvm_r-codegen-388B,bw3200_xpt,0.56647,98.92,0.48,1
723.llvm_r-codegen-388B,bw3200_xpt_pythia,0.56754,74.01,0.15,1
727.cppcheck_r-738_diamond-320B,bw3200_nopf,1.44374,0,0,1
727.cppcheck_r-738_diamond-320B,bw3200_pythia,1.5477,0,0,1
727.cppcheck_r-738_diamond-320B,bw3200_normal,1.55846,99.72,98.82,1
727.cppcheck_r-738_diamond-320B,bw3200_normal_pythia,1.5713,91.58,62.7,1
727.cppcheck_r-738_diamond-320B,bw3200_xpt,1.46558,98.6,20.03,1
727.cppcheck_r-738_diamond-320B,bw3200_xpt_pythia,1.54771,0.0,0.0,1
727.cppcheck_r-738_diamond-4B,bw3200_nopf,1.30987,0,0,1
727.cppcheck_r-738_diamond-4B,bw3200_pythia,1.52555,0,0,1
727.cppcheck_r-738_diamond-4B,bw3200_normal,1.46525,99.67,99.71,1
727.cppcheck_r-738_diamond-4B,bw3200_normal_pythia,1.57143,91.83,69.1,1
727.cppcheck_r-738_diamond-4B,bw3200_xpt,1.32194,99.95,14.51,1
727.cppcheck_r-738_diamond-4B,bw3200_xpt_pythia,1.5251,53.85,0.0,1
727.cppcheck_r-738_diamond-63B,bw3200_nopf,1.43908,0,0,1
727.cppcheck_r-738_diamond-63B,bw3200_pythia,1.5404,0,0,1
727.cppcheck_r-738_diamond-63B,bw3200_normal,1.5525,99.69,98.91,1
727.cppcheck_r-738_diamond-63B,bw3200_normal_pythia,1.55674,88.52,57.93,1
727.cppcheck_r-738_diamond-63B,bw3200_xpt,1.46008,98.9,20.12,1
727.cppcheck_r-738_diamond-63B,bw3200_xpt_pythia,1.54049,54.71,0.63,1
727.cppcheck_r-747_dealii-218B,bw3200_nopf,0.74831,0,0,1
727.cppcheck_r-747_dealii-218B,bw3200_pythia,0.88083,0,0,1
727.cppcheck_r-747_dealii-218B,bw3200_normal,0.8673,99.75,99.6,1
727.cppcheck_r-747_dealii-218B,bw3200_normal_pythia,0.92937,89.51,75.98,1
727.cppcheck_r-747_dealii-218B,bw3200_xpt,0.77216,99.91,17.69,1
727.cppcheck_r-747_dealii-218B,bw3200_xpt_pythia,0.89964,88.55,1.42,1
727.cppcheck_r-747_dealii-21B,bw3200_nopf,0.76873,0,0,1
727.cppcheck_r-747_dealii-21B,bw3200_pythia,0.95865,0,0,1
727.cppcheck_r-747_dealii-21B,bw3200_normal,0.90308,99.66,99.73,1
727.cppcheck_r-747_dealii-21B,bw3200_normal_pythia,1.11383,91.73,74.94,1
727.cppcheck_r-747_dealii-21B,bw3200_xpt,0.78213,100.0,12.5,1
727.cppcheck_r-747_dealii-21B,bw3200_xpt_pythia,0.98261,68.07,4.12,1
727.cppcheck_r-747_dealii-3B,bw3200_nopf,0.59676,0,0,1
727.cppcheck_r-747_dealii-3B,bw3200_pythia,0.76693,0,0,1
727.cppcheck_r-747_dealii-3B,bw3200_normal,0.71329,98.36,99.31,1
727.cppcheck_r-747_dealii-3B,bw3200_normal_pythia,0.79603,93.68,82.87,1
727.cppcheck_r-747_dealii-3B,bw3200_xpt,0.60748,99.0,10.66,1
727.cppcheck_r-747_dealii-3B,bw3200_xpt_pythia,0.74317,93.27,2.37,1
727.cppcheck_r-770_7z-38B,bw3200_nopf,1.14416,0,0,1
727.cppcheck_r-770_7z-38B,bw3200_pythia,1.20226,0,0,1
727.cppcheck_r-770_7z-38B,bw3200_normal,1.26361,93.1,88.7,1
727.cppcheck_r-770_7z-38B,bw3200_normal_pythia,1.27548,91.99,68.85,1
727.cppcheck_r-770_7z-38B,bw3200_xpt,1.15501,95.1,12.5,1
727.cppcheck_r-770_7z-38B,bw3200_xpt_pythia,1.20226,NaN,0.0,1
727.cppcheck_r-770_7z-404B,bw3200_nopf,0.7816,0,0,1
727.cppcheck_r-770_7z-404B,bw3200_pythia,0.91369,0,0,1
727.cppcheck_r-770_7z-404B,bw3200_normal,0.83222,99.66,99.76,1
727.cppcheck_r-770_7z-404B,bw3200_normal_pythia,0.91017,86.17,82.01,1
727.cppcheck_r-770_7z-404B,bw3200_xpt,0.79697,99.97,18.0,1
727.cppcheck_r-770_7z-404B,bw3200_xpt_pythia,0.89024,57.03,2.02,1
727.cppcheck_r-770_7z-57B,bw3200_nopf,1.16855,0,0,1
727.cppcheck_r-770_7z-57B,bw3200_pythia,1.36188,0,0,1
727.cppcheck_r-770_7z-57B,bw3200_normal,1.29722,99.52,99.31,1
727.cppcheck_r-770_7z-57B,bw3200_normal_pythia,1.42905,91.83,69.02,1
727.cppcheck_r-770_7z-57B,bw3200_xpt,1.18269,99.93,15.53,1
727.cppcheck_r-770_7z-57B,bw3200_xpt_pythia,1.3579,60.0,0.02,1
729.abc_r-des_system90-103B,bw3200_nopf,0.62405,0,0,1
729.abc_r-des_system90-103B,bw3200_pythia,0.65539,0,0,1
729.abc_r-des_system90-103B,bw3200_normal,0.66117,94.42,99.94,1
729.abc_r-des_system90-103B,bw3200_normal_pythia,0.68892,91.31,98.21,1
729.abc_r-des_system90-103B,bw3200_xpt,0.62786,99.97,9.07,1
729.abc_r-des_system90-103B,bw3200_xpt_pythia,0.65554,77.85,0.02,1
729.abc_r-des_system90-32B,bw3200_nopf,0.71589,0,0,1
729.abc_r-des_system90-32B,bw3200_pythia,0.77307,0,0,1
729.abc_r-des_system90-32B,bw3200_normal,0.76094,87.01,96.99,1
729.abc_r-des_system90-32B,bw3200_normal_pythia,0.81238,85.69,92.75,1
729.abc_r-des_system90-32B,bw3200_xpt,0.72141,99.69,10.94,1
729.abc_r-des_system90-32B,bw3200_xpt_pythia,0.77315,57.22,0.46,1
729.abc_r-des_system90-75B,bw3200_nopf,0.66758,0,0,1
729.abc_r-des_system90-75B,bw3200_pythia,0.89735,0,0,1
729.abc_r-des_system90-75B,bw3200_normal,0.71514,99.74,99.75,1
729.abc_r-des_system90-75B,bw3200_normal_pythia,0.89528,86.8,86.06,1
729.abc_r-des_system90-75B,bw3200_xpt,0.68833,99.84,43.89,1
729.abc_r-des_system90-75B,bw3200_xpt_pythia,0.89277,69.08,25.7,1
729.abc_r-des_system90-77B,bw3200_nopf,0.9357,0,0,1
729.abc_r-des_system90-77B,bw3200_pythia,1.64838,0,0,1
729.abc_r-des_system90-77B,bw3200_normal,1.03006,99.99,99.99,1
729.abc_r-des_system90-77B,bw3200_normal_pythia,1.65751,84.64,46.93,1
729.abc_r-des_system90-77B,bw3200_xpt,0.97997,99.99,48.75,1
729.abc_r-des_system90-77B,bw3200_xpt_pythia,1.64878,25.96,0.06,1
729.abc_r-des_system90-88B,bw3200_nopf,1.11249,0,0,1
729.abc_r-des_system90-88B,bw3200_pythia,1.76867,0,0,1
729.abc_r-des_system90-88B,bw3200_normal,1.22936,99.99,99.99,1
729.abc_r-des_system90-88B,bw3200_normal_pythia,1.77643,85.23,62.65,1
729.abc_r-des_system90-88B,bw3200_xpt,1.1673,99.99,49.07,1
729.abc_r-des_system90-88B,bw3200_xpt_pythia,1.76873,25.54,0.07,1
729.abc_r-mcml-19B,bw3200_nopf,0.5038,0,0,1
729.abc_r-mcml-19B,bw3200_pythia,0.58593,0,0,1
729.abc_r-mcml-19B,bw3200_normal,0.54299,96.64,99.11,1
729.abc_r-mcml-19B,bw3200_normal_pythia,0.60546,90.42,88.17,1
729.abc_r-mcml-19B,bw3200_xpt,0.51635,99.49,27.41,1
729.abc_r-mcml-19B,bw3200_xpt_pythia,0.58438,73.16,13.12,1
734.vpr_r-jpeg_place-76B,bw3200_nopf,0.63175,0,0,1
734.vpr_r-jpeg_place-76B,bw3200_pythia,0.7896,0,0,1
734.vpr_r-jpeg_place-76B,bw3200_normal,0.68465,95.62,96.92,1
734.vpr_r-jpeg_place-76B,bw3200_normal_pythia,0.80607,80.0,61.79,1
734.vpr_r-jpeg_place-76B,bw3200_xpt,0.64269,98.92,22.91,1
734.vpr_r-jpeg_place-76B,bw3200_xpt_pythia,0.78513,72.39,3.93,1
734.vpr_r-jpeg_route-49B,bw3200_nopf,0.98816,0,0,1
734.vpr_r-jpeg_route-49B,bw3200_pythia,1.12158,0,0,1
734.vpr_r-jpeg_route-49B,bw3200_normal,1.02967,99.79,99.68,1
734.vpr_r-jpeg_route-49B,bw3200_normal_pythia,1.12873,94.32,82.1,1
734.vpr_r-jpeg_route-49B,bw3200_xpt,1.00333,99.68,27.12,1
734.vpr_r-jpeg_route-49B,bw3200_xpt_pythia,1.11971,83.67,1.53,1
734.vpr_r-smithwaterman_place-213B,bw3200_nopf,0.59416,0,0,1
734.vpr_r-smithwaterman_place-213B,bw3200_pythia,0.64459,0,0,1
734.vpr_r-smithwaterman_place-213B,bw3200_normal,0.61381,73.64,54.61,1
734.vpr_r-smithwaterman_place-213B,bw3200_normal_pythia,0.65368,64.61,33.11,1
734.vpr_r-smithwaterman_place-213B,bw3200_xpt,0.59442,91.91,0.04,1
734.vpr_r-smithwaterman_place-213B,bw3200_xpt_pythia,0.64459,NaN,0.0,1
736.ocio_r-heavy_transform-65B,bw3200_nopf,1.19856,0,0,1
736.ocio_r-heavy_transform-65B,bw3200_pythia,1.23309,0,0,1
736.ocio_r-heavy_transform-65B,bw3200_normal,1.20346,100.0,100.0,1
736.ocio_r-heavy_transform-65B,bw3200_normal_pythia,1.23214,88.84,62.23,1
736.ocio_r-heavy_transform-65B,bw3200_xpt,1.20118,99.99,49.34,1
736.ocio_r-heavy_transform-65B,bw3200_xpt_pythia,1.23274,81.78,8.34,1
736.ocio_r-lut1d_halfdom-43B,bw3200_nopf,1.41567,0,0,1
736.ocio_r-lut1d_halfdom-43B,bw3200_pythia,1.58063,0,0,1
736.ocio_r-lut1d_halfdom-43B,bw3200_normal,1.45934,100.0,100.0,1
736.ocio_r-lut1d_halfdom-43B,bw3200_normal_pythia,1.58528,96.77,67.99,1
736.ocio_r-lut1d_halfdom-43B,bw3200_xpt,1.44014,100.0,49.94,1
736.ocio_r-lut1d_halfdom-43B,bw3200_xpt_pythia,1.58073,32.4,0.04,1
736.ocio_r-lut1d_halfdom-6B,bw3200_nopf,1.09178,0,0,1
736.ocio_r-lut1d_halfdom-6B,bw3200_pythia,1.23846,0,0,1
736.ocio_r-lut1d_halfdom-6B,bw3200_normal,1.11994,100.0,100.0,1
736.ocio_r-lut1d_halfdom-6B,bw3200_normal_pythia,1.24022,95.35,66.89,1
736.ocio_r-lut1d_halfdom-6B,bw3200_xpt,1.10712,100.0,49.82,1
736.ocio_r-lut1d_halfdom-6B,bw3200_xpt_pythia,1.23833,96.03,10.88,1
736.ocio_r-mntr_srgb_8k-35B,bw3200_nopf,1.09489,0,0,1
736.ocio_r-mntr_srgb_8k-35B,bw3200_pythia,1.10033,0,0,1
736.ocio_r-mntr_srgb_8k-35B,bw3200_normal,1.10293,100.0,100.0,1
736.ocio_r-mntr_srgb_8k-35B,bw3200_normal_pythia,1.08693,77.73,91.32,1
736.ocio_r-mntr_srgb_8k-35B,bw3200_xpt,1.09773,100.0,48.24,1
736.ocio_r-mntr_srgb_8k-35B,bw3200_xpt_pythia,1.09332,68.14,27.68,1
737.gmsh_r-choi-225B,bw3200_nopf,0.85698,0,0,1
737.gmsh_r-choi-225B,bw3200_pythia,1.02068,0,0,1
737.gmsh_r-choi-225B,bw3200_normal,0.91953,90.61,92.81,1
737.gmsh_r-choi-225B,bw3200_normal_pythia,1.04148,73.02,53.9,1
737.gmsh_r-choi-225B,bw3200_xpt,0.86425,95.89,10.26,1
737.gmsh_r-choi-225B,bw3200_xpt_pythia,1.02097,23.42,0.04,1
737.gmsh_r-gasdis-121B,bw3200_nopf,1.07284,0,0,1
737.gmsh_r-gasdis-121B,bw3200_pythia,1.24564,0,0,1
737.gmsh_r-gasdis-121B,bw3200_normal,1.12568,98.49,98.62,1
737.gmsh_r-gasdis-121B,bw3200_normal_pythia,1.24872,88.56,88.82,1
737.gmsh_r-gasdis-121B,bw3200_xpt,1.09298,98.87,43.89,1
737.gmsh_r-gasdis-121B,bw3200_xpt_pythia,1.24184,85.4,32.36,1
737.gmsh_r-gasdis-149B,bw3200_nopf,0.76377,0,0,1
737.gmsh_r-gasdis-149B,bw3200_pythia,0.77128,0,0,1
737.gmsh_r-gasdis-149B,bw3200_normal,0.79492,80.28,87.82,1
737.gmsh_r-gasdis-149B,bw3200_normal_pythia,0.80368,82.1,85.17,1
737.gmsh_r-gasdis-149B,bw3200_xpt,0.76504,100.0,1.61,1
737.gmsh_r-gasdis-149B,bw3200_xpt_pythia,0.77128,46.51,0.0,1
737.gmsh_r-mediterranean-149B,bw3200_nopf,2.15746,0,0,1
737.gmsh_r-mediterranean-149B,bw3200_pythia,2.21421,0,0,1
737.gmsh_r-mediterranean-149B,bw3200_normal,2.17363,99.75,99.24,1
737.gmsh_r-mediterranean-149B,bw3200_normal_pythia,2.22721,97.89,96.51,1
737.gmsh_r-mediterranean-149B,bw3200_xpt,2.16785,99.87,44.63,1
737.gmsh_r-mediterranean-149B,bw3200_xpt_pythia,2.19631,98.0,41.72,1
737.gmsh_r-mediterranean-160B,bw3200_nopf,2.20165,0,0,1
737.gmsh_r-mediterranean-160B,bw3200_pythia,2.24913,0,0,1
737.gmsh_r-mediterranean-160B,bw3200_normal,2.22206,99.55,99.01,1
737.gmsh_r-mediterranean-160B,bw3200_normal_pythia,2.25071,96.5,94.56,1
737.gmsh_r-mediterranean-160B,bw3200_xpt,2.21797,99.74,44.35,1
737.gmsh_r-mediterranean-160B,bw3200_xpt_pythia,2.25159,97.47,39.93,1
737.gmsh_r-p19-70B,bw3200_nopf,0.87308,0,0,1
737.gmsh_r-p19-70B,bw3200_pythia,0.89846,0,0,1
737.gmsh_r-p19-70B,bw3200_normal,0.90312,83.72,88.76,1
737.gmsh_r-p19-70B,bw3200_normal_pythia,0.92295,80.05,77.49,1
737.gmsh_r-p19-70B,bw3200_xpt,0.87489,100.0,2.38,1
737.gmsh_r-p19-70B,bw3200_xpt_pythia,0.89846,45.05,0.0,1
737.gmsh_r-projection-6B,bw3200_nopf,0.45063,0,0,1
737.gmsh_r-projection-6B,bw3200_pythia,0.45624,0,0,1
737.gmsh_r-projection-6B,bw3200_normal,0.4877,97.93,97.28,1
737.gmsh_r-projection-6B,bw3200_normal_pythia,0.46386,95.48,96.03,1
737.gmsh_r-projection-6B,bw3200_xpt,0.45495,99.42,4.86,1
737.gmsh_r-projection-6B,bw3200_xpt_pythia,0.45593,92.36,0.04,1
737.gmsh_r-spec_hxt-26B,bw3200_nopf,0.45598,0,0,1
737.gmsh_r-spec_hxt-26B,bw3200_pythia,0.48623,0,0,1
737.gmsh_r-spec_hxt-26B,bw3200_normal,0.48794,97.49,99.53,1
737.gmsh_r-spec_hxt-26B,bw3200_normal_pythia,0.51553,92.87,91.74,1
737.gmsh_r-spec_hxt-26B,bw3200_xpt,0.45863,99.63,8.45,1
737.gmsh_r-spec_hxt-26B,bw3200_xpt_pythia,0.49129,32.26,0.25,1
737.gmsh_r-spec_hxt-62B,bw3200_nopf,1.41912,0,0,1
737.gmsh_r-spec_hxt-62B,bw3200_pythia,1.51415,0,0,1
737.gmsh_r-spec_hxt-62B,bw3200_normal,1.50542,98.18,99.7,1
737.gmsh_r-spec_hxt-62B,bw3200_normal_pythia,1.52134,78.57,68.0,1
737.gmsh_r-spec_hxt-62B,bw3200_xpt,1.45103,99.24,31.85,1
737.gmsh_r-spec_hxt-62B,bw3200_xpt_pythia,1.51351,67.47,7.7,1
737.gmsh_r-torus-33B,bw3200_nopf,0.3469,0,0,1
737.gmsh_r-torus-33B,bw3200_pythia,0.35085,0,0,1
737.gmsh_r-torus-33B,bw3200_normal,0.37835,89.09,97.09,1
737.gmsh_r-torus-33B,bw3200_normal_pythia,0.38084,87.43,94.69,1
737.gmsh_r-torus-33B,bw3200_xpt,0.3472,98.6,1.93,1
737.gmsh_r-torus-33B,bw3200_xpt_pythia,0.35005,72.54,0.08,1
737.gmsh_r-torus-74B,bw3200_nopf,0.81957,0,0,1
737.gmsh_r-torus-74B,bw3200_pythia,0.83855,0,0,1
737.gmsh_r-torus-74B,bw3200_normal,0.84641,85.55,89.17,1
737.gmsh_r-torus-74B,bw3200_normal_pythia,0.8628,83.21,83.34,1
737.gmsh_r-torus-74B,bw3200_xpt,0.82124,100.0,2.15,1
737.gmsh_r-torus-74B,bw3200_xpt_pythia,0.83855,39.02,0.0,1
749.fotonik3d_r-default-128B,bw3200_nopf,0.39598,0,0,1
749.fotonik3d_r-default-128B,bw3200_pythia,0.41502,0,0,1
749.fotonik3d_r-default-128B,bw3200_normal,0.39992,99.36,99.64,1
749.fotonik3d_r-default-128B,bw3200_normal_pythia,0.41191,94.37,90.4,1
749.fotonik3d_r-default-128B,bw3200_xpt,0.39679,99.64,34.99,1
749.fotonik3d_r-default-128B,bw3200_xpt_pythia,0.41478,97.24,22.7,1
749.fotonik3d_r-default-130B,bw3200_nopf,0.35518,0,0,1
749.fotonik3d_r-default-130B,bw3200_pythia,0.39331,0,0,1
749.fotonik3d_r-default-130B,bw3200_normal,0.36254,98.98,99.63,1
749.fotonik3d_r-default-130B,bw3200_normal_pythia,0.39124,93.11,81.57,1
749.fotonik3d_r-default-130B,bw3200_xpt,0.35606,99.35,30.28,1
749.fotonik3d_r-default-130B,bw3200_xpt_pythia,0.39049,93.88,7.0,1
749.fotonik3d_r-default-45B,bw3200_nopf,0.32829,0,0,1
749.fotonik3d_r-default-45B,bw3200_pythia,0.3604,0,0,1
749.fotonik3d_r-default-45B,bw3200_normal,0.33476,98.91,99.66,1
749.fotonik3d_r-default-45B,bw3200_normal_pythia,0.35765,92.12,83.04,1
749.fotonik3d_r-default-45B,bw3200_xpt,0.32898,99.39,30.0,1
749.fotonik3d_r-default-45B,bw3200_xpt_pythia,0.35988,89.48,4.98,1
749.fotonik3d_r-default-599B,bw3200_nopf,0.30928,0,0,1
749.fotonik3d_r-default-599B,bw3200_pythia,0.3436,0,0,1
749.fotonik3d_r-default-599B,bw3200_normal,0.31599,98.93,99.61,1
749.fotonik3d_r-default-599B,bw3200_normal_pythia,0.34234,90.66,79.27,1
749.fotonik3d_r-default-599B,bw3200_xpt,0.31019,99.38,30.28,1
749.fotonik3d_r-default-599B,bw3200_xpt_pythia,0.34321,51.75,0.64,1
749.fotonik3d_r-default-651B,bw3200_nopf,0.35234,0,0,1
749.fotonik3d_r-default-651B,bw3200_pythia,0.3891,0,0,1
749.fotonik3d_r-default-651B,bw3200_normal,0.35992,99.01,99.64,1
749.fotonik3d_r-default-651B,bw3200_normal_pythia,0.38736,92.3,80.15,1
749.fotonik3d_r-default-651B,bw3200_xpt,0.35322,99.36,30.31,1
749.fotonik3d_r-default-651B,bw3200_xpt_pythia,0.38792,93.97,6.5,1
765.roms_r-benchmark2-871B,bw3200_nopf,0.59959,0,0,1
765.roms_r-benchmark2-871B,bw3200_pythia,0.70144,0,0,1
765.roms_r-benchmark2-871B,bw3200_normal,0.62284,99.66,98.73,1
765.roms_r-benchmark2-871B,bw3200_normal_pythia,0.69502,89.29,90.42,1
765.roms_r-benchmark2-871B,bw3200_xpt,0.60666,96.97,24.36,1
765.roms_r-benchmark2-871B,bw3200_xpt_pythia,0.69812,81.54,16.04,1
765.roms_r-benchmark2-900B,bw3200_nopf,0.5972,0,0,1
765.roms_r-benchmark2-900B,bw3200_pythia,0.69841,0,0,1
765.roms_r-benchmark2-900B,bw3200_normal,0.62105,99.63,98.74,1
765.roms_r-benchmark2-900B,bw3200_normal_pythia,0.69125,89.83,94.01,1
765.roms_r-benchmark2-900B,bw3200_xpt,0.60509,96.81,24.4,1
765.roms_r-benchmark2-900B,bw3200_xpt_pythia,0.69482,82.25,16.93,1
765.roms_r-benchmark2-985B,bw3200_nopf,0.33642,0,0,1
765.roms_r-benchmark2-985B,bw3200_pythia,0.32904,0,0,1
765.roms_r-benchmark2-985B,bw3200_normal,0.34023,94.14,88.12,1
765.roms_r-benchmark2-985B,bw3200_normal_pythia,0.32184,79.39,60.39,1
765.roms_r-benchmark2-985B,bw3200_xpt,0.33645,87.01,23.05,1
765.roms_r-benchmark2-985B,bw3200_xpt_pythia,0.32515,53.01,9.51,1
800.pot3d_s-pot3d_n1-1067B,bw3200_nopf,0.22827,0,0,1
800.pot3d_s-pot3d_n1-1067B,bw3200_pythia,0.26171,0,0,1
800.pot3d_s-pot3d_n1-1067B,bw3200_normal,0.24246,99.56,99.61,1
800.pot3d_s-pot3d_n1-1067B,bw3200_normal_pythia,0.25417,87.66,69.42,1
800.pot3d_s-pot3d_n1-1067B,bw3200_xpt,0.23558,99.94,47.44,1
800.pot3d_s-pot3d_n1-1067B,bw3200_xpt_pythia,0.25356,77.47,24.66,1
800.pot3d_s-pot3d_n1-1519B,bw3200_nopf,0.22095,0,0,1
800.pot3d_s-pot3d_n1-1519B,bw3200_pythia,0.25853,0,0,1
800.pot3d_s-pot3d_n1-1519B,bw3200_normal,0.23412,99.64,99.79,1
800.pot3d_s-pot3d_n1-1519B,bw3200_normal_pythia,0.25495,86.61,74.27,1
800.pot3d_s-pot3d_n1-1519B,bw3200_xpt,0.22771,99.97,47.36,1
800.pot3d_s-pot3d_n1-1519B,bw3200_xpt_pythia,0.2566,74.49,22.86,1
800.pot3d_s-pot3d_n1-2026B,bw3200_nopf,0.24845,0,0,1
800.pot3d_s-pot3d_n1-2026B,bw3200_pythia,0.27738,0,0,1
800.pot3d_s-pot3d_n1-2026B,bw3200_normal,0.2621,99.75,99.84,1
800.pot3d_s-pot3d_n1-2026B,bw3200_normal_pythia,0.27274,90.94,83.84,1
800.pot3d_s-pot3d_n1-2026B,bw3200_xpt,0.25571,99.97,47.47,1
800.pot3d_s-pot3d_n1-2026B,bw3200_xpt_pythia,0.26741,76.24,28.6,1
800.pot3d_s-pot3d_n1-2544B,bw3200_nopf,0.25971,0,0,1
800.pot3d_s-pot3d_n1-2544B,bw3200_pythia,0.28541,0,0,1
800.pot3d_s-pot3d_n1-2544B,bw3200_normal,0.2753,99.75,99.84,1
800.pot3d_s-pot3d_n1-2544B,bw3200_normal_pythia,0.27887,89.87,83.57,1
800.pot3d_s-pot3d_n1-2544B,bw3200_xpt,0.26787,99.97,47.64,1
800.pot3d_s-pot3d_n1-2544B,bw3200_xpt_pythia,0.28432,79.43,28.92,1
809.cactus_s-shifted_gauge_wave-1690B,bw3200_nopf,0.73276,0,0,1
809.cactus_s-shifted_gauge_wave-1690B,bw3200_pythia,0.73336,0,0,1
809.cactus_s-shifted_gauge_wave-1690B,bw3200_normal,0.73296,96.24,72.79,1
809.cactus_s-shifted_gauge_wave-1690B,bw3200_normal_pythia,0.73343,85.75,51.09,1
809.cactus_s-shifted_gauge_wave-1690B,bw3200_xpt,0.73276,82.72,0.0,1
809.cactus_s-shifted_gauge_wave-1690B,bw3200_xpt_pythia,0.73336,NaN,0.0,1
809.cactus_s-shifted_gauge_wave-202B,bw3200_nopf,0.88079,0,0,1
809.cactus_s-shifted_gauge_wave-202B,bw3200_pythia,0.91079,0,0,1
809.cactus_s-shifted_gauge_wave-202B,bw3200_normal,0.89132,98.1,91.73,1
809.cactus_s-shifted_gauge_wave-202B,bw3200_normal_pythia,0.91072,88.05,52.22,1
809.cactus_s-shifted_gauge_wave-202B,bw3200_xpt,0.8806,42.18,1.4,1
809.cactus_s-shifted_gauge_wave-202B,bw3200_xpt_pythia,0.91122,46.99,0.78,1
809.cactus_s-shifted_gauge_wave-6972B,bw3200_nopf,0.73219,0,0,1
809.cactus_s-shifted_gauge_wave-6972B,bw3200_pythia,0.73286,0,0,1
809.cactus_s-shifted_gauge_wave-6972B,bw3200_normal,0.73244,96.23,73.08,1
809.cactus_s-shifted_gauge_wave-6972B,bw3200_normal_pythia,0.73301,84.35,47.46,1
809.cactus_s-shifted_gauge_wave-6972B,bw3200_xpt,0.73219,66.67,0.0,1
809.cactus_s-shifted_gauge_wave-6972B,bw3200_xpt_pythia,0.73286,NaN,0.0,1
811.tealeaf_s-default-15369B,bw3200_nopf,0.8467,0,0,1
811.tealeaf_s-default-15369B,bw3200_pythia,1.54175,0,0,1
811.tealeaf_s-default-15369B,bw3200_normal,0.91724,100.0,100.0,1
811.tealeaf_s-default-15369B,bw3200_normal_pythia,1.52748,85.41,46.45,1
811.tealeaf_s-default-15369B,bw3200_xpt,0.88179,100.0,49.89,1
811.tealeaf_s-default-15369B,bw3200_xpt_pythia,1.52906,56.48,5.17,1
811.tealeaf_s-default-16461B,bw3200_nopf,0.93827,0,0,1
811.tealeaf_s-default-16461B,bw3200_pythia,1.57298,0,0,1
811.tealeaf_s-default-16461B,bw3200_normal,1.03565,100.0,100.0,1
811.tealeaf_s-default-16461B,bw3200_normal_pythia,1.57754,91.05,58.42,1
811.tealeaf_s-default-16461B,bw3200_xpt,0.98425,100.0,49.9,1
811.tealeaf_s-default-16461B,bw3200_xpt_pythia,1.57114,59.39,1.76,1
811.tealeaf_s-default-33315B,bw3200_nopf,0.93628,0,0,1
811.tealeaf_s-default-33315B,bw3200_pythia,1.53147,0,0,1
811.tealeaf_s-default-33315B,bw3200_normal,1.02548,100.0,100.0,1
811.tealeaf_s-default-33315B,bw3200_normal_pythia,1.53722,91.6,54.97,1
811.tealeaf_s-default-33315B,bw3200_xpt,0.97918,100.0,49.9,1
811.tealeaf_s-default-33315B,bw3200_xpt_pythia,1.52823,47.44,1.13,1
811.tealeaf_s-default-34631B,bw3200_nopf,0.83254,0,0,1
811.tealeaf_s-default-34631B,bw3200_pythia,1.48873,0,0,1
811.tealeaf_s-default-34631B,bw3200_normal,0.89581,100.0,100.0,1
811.tealeaf_s-default-34631B,bw3200_normal_pythia,1.47714,89.73,51.46,1
811.tealeaf_s-default-34631B,bw3200_xpt,0.86456,100.0,49.88,1
811.tealeaf_s-default-34631B,bw3200_xpt_pythia,1.47117,51.82,4.28,1
811.tealeaf_s-default-35333B,bw3200_nopf,0.80493,0,0,1
811.tealeaf_s-default-35333B,bw3200_pythia,1.30455,0,0,1
811.tealeaf_s-default-35333B,bw3200_normal,0.84862,100.0,100.0,1
811.tealeaf_s-default-35333B,bw3200_normal_pythia,1.29636,86.92,48.51,1
811.tealeaf_s-default-35333B,bw3200_xpt,0.8298,100.0,49.89,1
811.tealeaf_s-default-35333B,bw3200_xpt_pythia,1.2897,48.25,5.46,1
820.cloverleaf_s-default-11714B,bw3200_nopf,0.64913,0,0,1
820.cloverleaf_s-default-11714B,bw3200_pythia,1.27634,0,0,1
820.cloverleaf_s-default-11714B,bw3200_normal,0.69236,98.13,92.39,1
820.cloverleaf_s-default-11714B,bw3200_normal_pythia,1.27703,86.26,36.97,1
820.cloverleaf_s-default-11714B,bw3200_xpt,0.67035,99.04,48.02,1
820.cloverleaf_s-default-11714B,bw3200_xpt_pythia,1.27634,NaN,0.0,1
820.cloverleaf_s-default-11785B,bw3200_nopf,1.26203,0,0,1
820.cloverleaf_s-default-11785B,bw3200_pythia,2.06589,0,0,1
820.cloverleaf_s-default-11785B,bw3200_normal,1.39499,100.0,100.0,1
820.cloverleaf_s-default-11785B,bw3200_normal_pythia,2.08076,93.5,51.68,1
820.cloverleaf_s-default-11785B,bw3200_xpt,1.32368,100.0,50.0,1
820.cloverleaf_s-default-11785B,bw3200_xpt_pythia,2.06589,NaN,0.0,1
820.cloverleaf_s-default-12184B,bw3200_nopf,1.36734,0,0,1
820.cloverleaf_s-default-12184B,bw3200_pythia,1.99553,0,0,1
820.cloverleaf_s-default-12184B,bw3200_normal,1.47445,99.79,99.77,1
820.cloverleaf_s-default-12184B,bw3200_normal_pythia,2.0067,95.63,57.74,1
820.cloverleaf_s-default-12184B,bw3200_xpt,1.41114,98.16,51.52,1
820.cloverleaf_s-default-12184B,bw3200_xpt_pythia,1.99553,NaN,0.0,1
820.cloverleaf_s-default-2345B,bw3200_nopf,0.60297,0,0,1
820.cloverleaf_s-default-2345B,bw3200_pythia,0.90094,0,0,1
820.cloverleaf_s-default-2345B,bw3200_normal,0.63362,98.74,96.7,1
820.cloverleaf_s-default-2345B,bw3200_normal_pythia,0.89756,83.32,36.95,1
820.cloverleaf_s-default-2345B,bw3200_xpt,0.57322,84.54,51.55,1
820.cloverleaf_s-default-2345B,bw3200_xpt_pythia,0.88561,16.98,3.25,1
821.gcc_s-lz4_0002-39B,bw3200_nopf,0.75546,0,0,1
821.gcc_s-lz4_0002-39B,bw3200_pythia,0.80922,0,0,1
821.gcc_s-lz4_0002-39B,bw3200_normal,0.78633,87.64,82.91,1
821.gcc_s-lz4_0002-39B,bw3200_normal_pythia,0.82257,75.93,53.14,1
821.gcc_s-lz4_0002-39B,bw3200_xpt,0.76135,95.86,12.7,1
821.gcc_s-lz4_0002-39B,bw3200_xpt_pythia,0.81017,54.14,0.81,1
821.gcc_s-lz4hc_0007-10B,bw3200_nopf,0.70538,0,0,1
821.gcc_s-lz4hc_0007-10B,bw3200_pythia,0.80971,0,0,1
821.gcc_s-lz4hc_0007-10B,bw3200_normal,0.75454,88.23,89.87,1
821.gcc_s-lz4hc_0007-10B,bw3200_normal_pythia,0.8376,76.98,64.55,1
821.gcc_s-lz4hc_0007-10B,bw3200_xpt,0.71357,95.74,12.15,1
821.gcc_s-lz4hc_0007-10B,bw3200_xpt_pythia,0.81105,68.2,1.32,1
821.gcc_s-lz4hc_0009-12B,bw3200_nopf,0.79901,0,0,1
821.gcc_s-lz4hc_0009-12B,bw3200_pythia,0.84259,0,0,1
821.gcc_s-lz4hc_0009-12B,bw3200_normal,0.82976,88.37,80.89,1
821.gcc_s-lz4hc_0009-12B,bw3200_normal_pythia,0.85577,75.25,49.98,1
821.gcc_s-lz4hc_0009-12B,bw3200_xpt,0.80457,95.32,12.9,1
821.gcc_s-lz4hc_0009-12B,bw3200_xpt_pythia,0.8433,49.39,0.63,1
821.gcc_s-lz4hc_0009-6B,bw3200_nopf,0.58537,0,0,1
821.gcc_s-lz4hc_0009-6B,bw3200_pythia,0.64911,0,0,1
821.gcc_s-lz4hc_0009-6B,bw3200_normal,0.62024,82.64,82.4,1
821.gcc_s-lz4hc_0009-6B,bw3200_normal_pythia,0.66689,72.38,56.45,1
821.gcc_s-lz4hc_0009-6B,bw3200_xpt,0.5891,95.56,7.25,1
821.gcc_s-lz4hc_0009-6B,bw3200_xpt_pythia,0.65117,53.2,0.23,1
821.gcc_s-lz4hc_0010-14B,bw3200_nopf,0.5833,0,0,1
821.gcc_s-lz4hc_0010-14B,bw3200_pythia,0.66628,0,0,1
821.gcc_s-lz4hc_0010-14B,bw3200_normal,0.61715,84.45,77.62,1
821.gcc_s-lz4hc_0010-14B,bw3200_normal_pythia,0.67944,72.66,44.68,1
821.gcc_s-lz4hc_0010-14B,bw3200_xpt,0.58755,95.29,9.09,1
821.gcc_s-lz4hc_0010-14B,bw3200_xpt_pythia,0.66661,53.59,0.28,1
821.gcc_s-lz4hc_0010-23B,bw3200_nopf,0.73151,0,0,1
821.gcc_s-lz4hc_0010-23B,bw3200_pythia,0.79745,0,0,1
821.gcc_s-lz4hc_0010-23B,bw3200_normal,0.75165,85.73,74.08,1
821.gcc_s-lz4hc_0010-23B,bw3200_normal_pythia,0.80133,73.38,37.1,1
821.gcc_s-lz4hc_0010-23B,bw3200_xpt,0.73648,94.08,13.44,1
821.gcc_s-lz4hc_0010-23B,bw3200_xpt_pythia,0.79901,60.22,0.47,1
821.gcc_s-lz4hc_0018-20B,bw3200_nopf,0.83407,0,0,1
821.gcc_s-lz4hc_0018-20B,bw3200_pythia,0.93495,0,0,1
821.gcc_s-lz4hc_0018-20B,bw3200_normal,0.88188,87.13,87.47,1
821.gcc_s-lz4hc_0018-20B,bw3200_normal_pythia,0.9596,75.75,57.04,1
821.gcc_s-lz4hc_0018-20B,bw3200_xpt,0.83989,95.31,10.55,1
821.gcc_s-lz4hc_0018-20B,bw3200_xpt_pythia,0.93298,57.68,0.63,1
821.gcc_s-lz4hc_0018-31B,bw3200_nopf,0.82563,0,0,1
821.gcc_s-lz4hc_0018-31B,bw3200_pythia,0.9212,0,0,1
821.gcc_s-lz4hc_0018-31B,bw3200_normal,0.86977,90.32,88.88,1
821.gcc_s-lz4hc_0018-31B,bw3200_normal_pythia,0.94479,78.29,61.67,1
821.gcc_s-lz4hc_0018-31B,bw3200_xpt,0.83237,96.51,12.49,1
821.gcc_s-lz4hc_0018-31B,bw3200_xpt_pythia,0.92389,71.59,2.23,1
821.gcc_s-unicodeobject_0006-1B,bw3200_nopf,0.98628,0,0,1
821.gcc_s-unicodeobject_0006-1B,bw3200_pythia,1.09578,0,0,1
821.gcc_s-unicodeobject_0006-1B,bw3200_normal,1.03161,93.71,96.58,1
821.gcc_s-unicodeobject_0006-1B,bw3200_normal_pythia,1.1096,78.15,54.33,1
821.gcc_s-unicodeobject_0006-1B,bw3200_xpt,0.99582,97.95,21.28,1
821.gcc_s-unicodeobject_0006-1B,bw3200_xpt_pythia,1.09667,60.65,1.01,1
821.gcc_s-unicodeobject_0015-26B,bw3200_nopf,0.72548,0,0,1
821.gcc_s-unicodeobject_0015-26B,bw3200_pythia,0.78007,0,0,1
821.gcc_s-unicodeobject_0015-26B,bw3200_normal,0.74837,85.69,75.77,1
821.gcc_s-unicodeobject_0015-26B,bw3200_normal_pythia,0.79092,74.85,46.42,1
821.gcc_s-unicodeobject_0015-26B,bw3200_xpt,0.73287,93.4,16.84,1
821.gcc_s-unicodeobject_0015-26B,bw3200_xpt_pythia,0.78248,64.99,1.15,1
822.palm_s-atmos-2602B,bw3200_nopf,1.45673,0,0,1
822.palm_s-atmos-2602B,bw3200_pythia,1.76798,0,0,1
822.palm_s-atmos-2602B,bw3200_normal,1.55246,100.0,100.0,1
822.palm_s-atmos-2602B,bw3200_normal_pythia,1.77055,77.39,43.52,1
822.palm_s-atmos-2602B,bw3200_xpt,1.50083,100.0,49.66,1
822.palm_s-atmos-2602B,bw3200_xpt_pythia,1.76585,44.9,8.3,1
822.palm_s-atmos-35579B,bw3200_nopf,1.46571,0,0,1
822.palm_s-atmos-35579B,bw3200_pythia,1.77438,0,0,1
822.palm_s-atmos-35579B,bw3200_normal,1.56089,100.0,100.0,1
822.palm_s-atmos-35579B,bw3200_normal_pythia,1.77703,77.35,42.84,1
822.palm_s-atmos-35579B,bw3200_xpt,1.50882,100.0,49.65,1
822.palm_s-atmos-35579B,bw3200_xpt_pythia,1.77215,45.22,8.52,1
822.palm_s-atmos-4359B,bw3200_nopf,1.47976,0,0,1
822.palm_s-atmos-4359B,bw3200_pythia,1.79302,0,0,1
822.palm_s-atmos-4359B,bw3200_normal,1.57871,100.0,100.0,1
822.palm_s-atmos-4359B,bw3200_normal_pythia,1.79615,77.53,43.53,1
822.palm_s-atmos-4359B,bw3200_xpt,1.52425,100.0,49.65,1
822.palm_s-atmos-4359B,bw3200_xpt_pythia,1.79108,45.42,8.67,1
822.palm_s-atmos-6227B,bw3200_nopf,1.46334,0,0,1
822.palm_s-atmos-6227B,bw3200_pythia,1.76945,0,0,1
822.palm_s-atmos-6227B,bw3200_normal,1.55742,100.0,100.0,1
822.palm_s-atmos-6227B,bw3200_normal_pythia,1.77193,77.37,42.91,1
822.palm_s-atmos-6227B,bw3200_xpt,1.5058,100.0,49.65,1
822.palm_s-atmos-6227B,bw3200_xpt_pythia,1.76719,45.08,8.39,1
823.llvm_s-insn_recog_0005-10B,bw3200_nopf,0.83282,0,0,1
823.llvm_s-insn_recog_0005-10B,bw3200_pythia,0.95558,0,0,1
823.llvm_s-insn_recog_0005-10B,bw3200_normal,0.89578,98.81,99.54,1
823.llvm_s-insn_recog_0005-10B,bw3200_normal_pythia,0.95855,88.83,69.72,1
823.llvm_s-insn_recog_0005-10B,bw3200_xpt,0.84713,99.43,18.03,1
823.llvm_s-insn_recog_0005-10B,bw3200_xpt_pythia,0.93527,55.51,0.25,1
823.llvm_s-insn_recog_0005-14B,bw3200_nopf,0.5242,0,0,1
823.llvm_s-insn_recog_0005-14B,bw3200_pythia,0.67025,0,0,1
823.llvm_s-insn_recog_0005-14B,bw3200_normal,0.57815,96.18,98.62,1
823.llvm_s-insn_recog_0005-14B,bw3200_normal_pythia,0.69504,86.28,79.24,1
823.llvm_s-insn_recog_0005-14B,bw3200_xpt,0.54005,99.54,19.77,1
823.llvm_s-insn_recog_0005-14B,bw3200_xpt_pythia,0.66902,56.67,0.89,1
823.llvm_s-insn_recog_0005-15B,bw3200_nopf,1.1932,0,0,1
823.llvm_s-insn_recog_0005-15B,bw3200_pythia,1.28621,0,0,1
823.llvm_s-insn_recog_0005-15B,bw3200_normal,1.24182,94.0,97.04,1
823.llvm_s-insn_recog_0005-15B,bw3200_normal_pythia,1.30312,84.59,65.97,1
823.llvm_s-insn_recog_0005-15B,bw3200_xpt,1.20353,99.0,21.08,1
823.llvm_s-insn_recog_0005-15B,bw3200_xpt_pythia,1.28886,37.76,0.83,1
823.llvm_s-insn_recog_0005-26B,bw3200_nopf,1.16533,0,0,1
823.llvm_s-insn_recog_0005-26B,bw3200_pythia,1.24053,0,0,1
823.llvm_s-insn_recog_0005-26B,bw3200_normal,1.22322,98.96,98.62,1
823.llvm_s-insn_recog_0005-26B,bw3200_normal_pythia,1.2585,85.48,56.1,1
823.llvm_s-insn_recog_0005-26B,bw3200_xpt,1.18237,99.66,32.58,1
823.llvm_s-insn_recog_0005-26B,bw3200_xpt_pythia,1.24631,46.76,2.2,1
823.llvm_s-inst_constrs_3_0017-27B,bw3200_nopf,1.12031,0,0,1
823.llvm_s-inst_constrs_3_0017-27B,bw3200_pythia,1.15792,0,0,1
823.llvm_s-inst_constrs_3_0017-27B,bw3200_normal,1.17441,98.22,96.71,1
823.llvm_s-inst_constrs_3_0017-27B,bw3200_normal_pythia,1.18301,81.21,62.65,1
823.llvm_s-inst_constrs_3_0017-27B,bw3200_xpt,1.13408,99.82,37.43,1
823.llvm_s-inst_constrs_3_0017-27B,bw3200_xpt_pythia,1.15841,37.0,2.19,1
823.llvm_s-inst_constrs_3_0017-35B,bw3200_nopf,1.25923,0,0,1
823.llvm_s-inst_constrs_3_0017-35B,bw3200_pythia,1.3557,0,0,1
823.llvm_s-inst_constrs_3_0017-35B,bw3200_normal,1.32428,98.66,99.76,1
823.llvm_s-inst_constrs_3_0017-35B,bw3200_normal_pythia,1.39614,91.91,70.97,1
823.llvm_s-inst_constrs_3_0017-35B,bw3200_xpt,1.26922,99.99,20.82,1
823.llvm_s-inst_constrs_3_0017-35B,bw3200_xpt_pythia,1.35981,40.35,0.01,1
823.llvm_s-matrix_free_0013-7B,bw3200_nopf,0.60101,0,0,1
823.llvm_s-matrix_free_0013-7B,bw3200_pythia,0.68695,0,0,1
823.llvm_s-matrix_free_0013-7B,bw3200_normal,0.65085,94.02,97.14,1
823.llvm_s-matrix_free_0013-7B,bw3200_normal_pythia,0.70901,80.73,83.94,1
823.llvm_s-matrix_free_0013-7B,bw3200_xpt,0.61147,99.14,15.7,1
823.llvm_s-matrix_free_0013-7B,bw3200_xpt_pythia,0.68885,48.34,0.29,1
823.llvm_s-matrix_free_0019-11B,bw3200_nopf,0.82786,0,0,1
823.llvm_s-matrix_free_0019-11B,bw3200_pythia,0.87097,0,0,1
823.llvm_s-matrix_free_0019-11B,bw3200_normal,0.86563,94.79,98.58,1
823.llvm_s-matrix_free_0019-11B,bw3200_normal_pythia,0.89843,86.25,88.32,1
823.llvm_s-matrix_free_0019-11B,bw3200_xpt,0.83186,98.47,8.33,1
823.llvm_s-matrix_free_0019-11B,bw3200_xpt_pythia,0.86973,65.2,0.69,1
823.llvm_s-matrix_free_0019-7B,bw3200_nopf,0.61553,0,0,1
823.llvm_s-matrix_free_0019-7B,bw3200_pythia,0.70103,0,0,1
823.llvm_s-matrix_free_0019-7B,bw3200_normal,0.66459,94.04,97.13,1
823.llvm_s-matrix_free_0019-7B,bw3200_normal_pythia,0.72519,80.95,81.59,1
823.llvm_s-matrix_free_0019-7B,bw3200_xpt,0.62591,99.09,15.93,1
823.llvm_s-matrix_free_0019-7B,bw3200_xpt_pythia,0.70723,57.55,0.45,1
823.llvm_s-modelsmodule_0004-24B,bw3200_nopf,1.01242,0,0,1
823.llvm_s-modelsmodule_0004-24B,bw3200_pythia,1.11049,0,0,1
823.llvm_s-modelsmodule_0004-24B,bw3200_normal,1.07621,98.06,99.85,1
823.llvm_s-modelsmodule_0004-24B,bw3200_normal_pythia,1.13515,83.51,75.09,1
823.llvm_s-modelsmodule_0004-24B,bw3200_xpt,1.02885,99.98,18.48,1
823.llvm_s-modelsmodule_0004-24B,bw3200_xpt_pythia,1.11081,33.58,0.06,1
823.llvm_s-modelsmodule_0010-23B,bw3200_nopf,1.22123,0,0,1
823.llvm_s-modelsmodule_0010-23B,bw3200_pythia,1.30583,0,0,1
823.llvm_s-modelsmodule_0010-23B,bw3200_normal,1.28856,97.29,99.61,1
823.llvm_s-modelsmodule_0010-23B,bw3200_normal_pythia,1.34193,85.77,70.35,1
823.llvm_s-modelsmodule_0010-23B,bw3200_xpt,1.23411,99.96,18.13,1
823.llvm_s-modelsmodule_0010-23B,bw3200_xpt_pythia,1.3064,45.55,0.21,1
823.llvm_s-particle_handler_0015-13B,bw3200_nopf,1.09446,0,0,1
823.llvm_s-particle_handler_0015-13B,bw3200_pythia,1.17025,0,0,1
823.llvm_s-particle_handler_0015-13B,bw3200_normal,1.15609,95.15,97.24,1
823.llvm_s-particle_handler_0015-13B,bw3200_normal_pythia,1.19149,77.53,64.87,1
823.llvm_s-particle_handler_0015-13B,bw3200_xpt,1.11388,98.88,28.25,1
823.llvm_s-particle_handler_0015-13B,bw3200_xpt_pythia,1.17172,34.86,1.19,1
823.llvm_s-particle_handler_0015-5B,bw3200_nopf,0.89835,0,0,1
823.llvm_s-particle_handler_0015-5B,bw3200_pythia,0.94259,0,0,1
823.llvm_s-particle_handler_0015-5B,bw3200_normal,0.94695,96.3,98.88,1
823.llvm_s-particle_handler_0015-5B,bw3200_normal_pythia,0.9664,78.99,71.54,1
823.llvm_s-particle_handler_0015-5B,bw3200_xpt,0.90446,98.57,12.26,1
823.llvm_s-particle_handler_0015-5B,bw3200_xpt_pythia,0.947,48.77,0.09,1
823.llvm_s-particle_handler_0018-13B,bw3200_nopf,1.09356,0,0,1
823.llvm_s-particle_handler_0018-13B,bw3200_pythia,1.16141,0,0,1
823.llvm_s-particle_handler_0018-13B,bw3200_normal,1.14858,94.31,96.03,1
823.llvm_s-particle_handler_0018-13B,bw3200_normal_pythia,1.18137,77.76,67.76,1
823.llvm_s-particle_handler_0018-13B,bw3200_xpt,1.10947,98.94,25.61,1
823.llvm_s-particle_handler_0018-13B,bw3200_xpt_pythia,1.14819,35.23,1.28,1
823.llvm_s-particle_handler_0018-5B,bw3200_nopf,0.90065,0,0,1
823.llvm_s-particle_handler_0018-5B,bw3200_pythia,0.9452,0,0,1
823.llvm_s-particle_handler_0018-5B,bw3200_normal,0.94908,96.33,98.9,1
823.llvm_s-particle_handler_0018-5B,bw3200_normal_pythia,0.97011,78.96,71.55,1
823.llvm_s-particle_handler_0018-5B,bw3200_xpt,0.90671,98.6,12.1,1
823.llvm_s-particle_handler_0018-5B,bw3200_xpt_pythia,0.94534,33.72,0.27,1
823.llvm_s-particle_handler_0018-8B,bw3200_nopf,0.5906,0,0,1
823.llvm_s-particle_handler_0018-8B,bw3200_pythia,0.66188,0,0,1
823.llvm_s-particle_handler_0018-8B,bw3200_normal,0.65908,92.99,98.21,1
823.llvm_s-particle_handler_0018-8B,bw3200_normal_pythia,0.70173,79.27,78.51,1
823.llvm_s-particle_handler_0018-8B,bw3200_xpt,0.59996,98.0,10.95,1
823.llvm_s-particle_handler_0018-8B,bw3200_xpt_pythia,0.66444,93.37,1.72,1
823.llvm_s-passbuilderpipelines_0003-2B,bw3200_nopf,0.79766,0,0,1
823.llvm_s-passbuilderpipelines_0003-2B,bw3200_pythia,0.87239,0,0,1
823.llvm_s-passbuilderpipelines_0003-2B,bw3200_normal,0.8528,90.92,91.57,1
823.llvm_s-passbuilderpipelines_0003-2B,bw3200_normal_pythia,0.89998,77.7,75.04,1
823.llvm_s-passbuilderpipelines_0003-2B,bw3200_xpt,0.80583,96.62,13.42,1
823.llvm_s-passbuilderpipelines_0003-2B,bw3200_xpt_pythia,0.8741,83.37,3.72,1
823.llvm_s-selectiondagbuilder_0007-4B,bw3200_nopf,0.65467,0,0,1
823.llvm_s-selectiondagbuilder_0007-4B,bw3200_pythia,0.67926,0,0,1
823.llvm_s-selectiondagbuilder_0007-4B,bw3200_normal,0.69285,91.42,92.31,1
823.llvm_s-selectiondagbuilder_0007-4B,bw3200_normal_pythia,0.70016,76.25,63.66,1
823.llvm_s-selectiondagbuilder_0007-4B,bw3200_xpt,0.66045,97.65,13.21,1
823.llvm_s-selectiondagbuilder_0007-4B,bw3200_xpt_pythia,0.68698,89.16,1.69,1
823.llvm_s-standardinstrumentations_0014-2B,bw3200_nopf,0.86134,0,0,1
823.llvm_s-standardinstrumentations_0014-2B,bw3200_pythia,0.96122,0,0,1
823.llvm_s-standardinstrumentations_0014-2B,bw3200_normal,0.91618,92.2,93.5,1
823.llvm_s-standardinstrumentations_0014-2B,bw3200_normal_pythia,0.98029,78.07,74.26,1
823.llvm_s-standardinstrumentations_0014-2B,bw3200_xpt,0.87203,97.34,17.7,1
823.llvm_s-standardinstrumentations_0014-2B,bw3200_xpt_pythia,0.96078,80.59,3.73,1
829.abc_s-bitcoin-289B,bw3200_nopf,1.62994,0,0,1
829.abc_s-bitcoin-289B,bw3200_pythia,1.56396,0,0,1
829.abc_s-bitcoin-289B,bw3200_normal,1.6987,100.0,100.0,1
829.abc_s-bitcoin-289B,bw3200_normal_pythia,1.55349,88.74,60.01,1
829.abc_s-bitcoin-289B,bw3200_xpt,1.65872,100.0,48.46,1
829.abc_s-bitcoin-289B,bw3200_xpt_pythia,1.56396,NaN,0.0,1
829.abc_s-bitcoin-359B,bw3200_nopf,0.19926,0,0,1
829.abc_s-bitcoin-359B,bw3200_pythia,0.35015,0,0,1
829.abc_s-bitcoin-359B,bw3200_normal,0.23303,100.0,100.0,1
829.abc_s-bitcoin-359B,bw3200_normal_pythia,0.35238,95.02,58.37,1
829.abc_s-bitcoin-359B,bw3200_xpt,0.2147,100.0,46.79,1
829.abc_s-bitcoin-359B,bw3200_xpt_pythia,0.35015,71.03,0.11,1
829.abc_s-bitcoin-645B,bw3200_nopf,1.11743,0,0,1
829.abc_s-bitcoin-645B,bw3200_pythia,1.16777,0,0,1
829.abc_s-bitcoin-645B,bw3200_normal,1.15994,95.92,95.88,1
829.abc_s-bitcoin-645B,bw3200_normal_pythia,1.19639,85.44,84.15,1
829.abc_s-bitcoin-645B,bw3200_xpt,1.1232,98.66,7.63,1
829.abc_s-bitcoin-645B,bw3200_xpt_pythia,1.16708,85.08,1.05,1
829.abc_s-bitcoin-750B,bw3200_nopf,0.77384,0,0,1
829.abc_s-bitcoin-750B,bw3200_pythia,0.81303,0,0,1
829.abc_s-bitcoin-750B,bw3200_normal,0.81844,99.87,100.0,1
829.abc_s-bitcoin-750B,bw3200_normal_pythia,0.84766,98.6,95.05,1
829.abc_s-bitcoin-750B,bw3200_xpt,0.77852,100.0,6.56,1
829.abc_s-bitcoin-750B,bw3200_xpt_pythia,0.81303,NaN,0.0,1
829.abc_s-ethernet_fraig-12B,bw3200_nopf,1.15324,0,0,1
829.abc_s-ethernet_fraig-12B,bw3200_pythia,1.30902,0,0,1
829.abc_s-ethernet_fraig-12B,bw3200_normal,1.19454,96.27,97.46,1
829.abc_s-ethernet_fraig-12B,bw3200_normal_pythia,1.3287,86.71,75.2,1
829.abc_s-ethernet_fraig-12B,bw3200_xpt,1.16598,99.06,22.67,1
829.abc_s-ethernet_fraig-12B,bw3200_xpt_pythia,1.31037,59.88,0.72,1
829.abc_s-ethernet_fraig-186B,bw3200_nopf,0.86486,0,0,1
829.abc_s-ethernet_fraig-186B,bw3200_pythia,0.9162,0,0,1
829.abc_s-ethernet_fraig-186B,bw3200_normal,0.90365,87.44,85.66,1
829.abc_s-ethernet_fraig-186B,bw3200_normal_pythia,0.93856,80.94,67.06,1
829.abc_s-ethernet_fraig-186B,bw3200_xpt,0.87089,94.49,9.22,1
829.abc_s-ethernet_fraig-186B,bw3200_xpt_pythia,0.91827,62.62,2.75,1
834.vpr_s-sparct1_place-411B,bw3200_nopf,0.50467,0,0,1
834.vpr_s-sparct1_place-411B,bw3200_pythia,0.54349,0,0,1
834.vpr_s-sparct1_place-411B,bw3200_normal,0.52421,73.64,57.65,1
834.vpr_s-sparct1_place-411B,bw3200_normal_pythia,0.5553,64.37,41.0,1
834.vpr_s-sparct1_place-411B,bw3200_xpt,0.50498,97.11,0.07,1
834.vpr_s-sparct1_place-411B,bw3200_xpt_pythia,0.54355,52.38,0.0,1
834.vpr_s-wb_conmax_place-461B,bw3200_nopf,0.96194,0,0,1
834.vpr_s-wb_conmax_place-461B,bw3200_pythia,1.32659,0,0,1
834.vpr_s-wb_conmax_place-461B,bw3200_normal,1.06329,100.0,100.0,1
834.vpr_s-wb_conmax_place-461B,bw3200_normal_pythia,1.33159,78.18,53.39,1
834.vpr_s-wb_conmax_place-461B,bw3200_xpt,1.0062,100.0,49.84,1
834.vpr_s-wb_conmax_place-461B,bw3200_xpt_pythia,1.32649,36.35,0.03,1
834.vpr_s-wb_conmax_route-461B,bw3200_nopf,0.96252,0,0,1
834.vpr_s-wb_conmax_route-461B,bw3200_pythia,1.32683,0,0,1
834.vpr_s-wb_conmax_route-461B,bw3200_normal,1.06396,100.0,100.0,1
834.vpr_s-wb_conmax_route-461B,bw3200_normal_pythia,1.33193,78.2,53.89,1
834.vpr_s-wb_conmax_route-461B,bw3200_xpt,1.00677,100.0,49.84,1
834.vpr_s-wb_conmax_route-461B,bw3200_xpt_pythia,1.32678,38.53,0.04,1
846.minizinc_s-yumi_dynamic-118B,bw3200_nopf,0.45665,0,0,1
846.minizinc_s-yumi_dynamic-118B,bw3200_pythia,0.52681,0,0,1
846.minizinc_s-yumi_dynamic-118B,bw3200_normal,0.48417,92.65,90.73,1
846.minizinc_s-yumi_dynamic-118B,bw3200_normal_pythia,0.53381,81.8,72.27,1
846.minizinc_s-yumi_dynamic-118B,bw3200_xpt,0.46557,95.89,13.62,1
846.minizinc_s-yumi_dynamic-118B,bw3200_xpt_pythia,0.52782,42.02,0.52,1
846.minizinc_s-yumi_dynamic-119B,bw3200_nopf,0.46135,0,0,1
846.minizinc_s-yumi_dynamic-119B,bw3200_pythia,0.52085,0,0,1
846.minizinc_s-yumi_dynamic-119B,bw3200_normal,0.48691,93.25,90.54,1
846.minizinc_s-yumi_dynamic-119B,bw3200_normal_pythia,0.52632,81.87,71.28,1
846.minizinc_s-yumi_dynamic-119B,bw3200_xpt,0.46899,96.27,13.08,1
846.minizinc_s-yumi_dynamic-119B,bw3200_xpt_pythia,0.52169,38.35,0.45,1
846.minizinc_s-yumi_dynamic-256B,bw3200_nopf,0.31361,0,0,1
846.minizinc_s-yumi_dynamic-256B,bw3200_pythia,0.35549,0,0,1
846.minizinc_s-yumi_dynamic-256B,bw3200_normal,0.33383,92.39,85.29,1
846.minizinc_s-yumi_dynamic-256B,bw3200_normal_pythia,0.3606,82.51,58.81,1
846.minizinc_s-yumi_dynamic-256B,bw3200_xpt,0.3214,94.35,20.95,1
846.minizinc_s-yumi_dynamic-256B,bw3200_xpt_pythia,0.3555,29.15,0.27,1
846.minizinc_s-yumi_dynamic-40B,bw3200_nopf,0.58093,0,0,1
846.minizinc_s-yumi_dynamic-40B,bw3200_pythia,0.55237,0,0,1
846.minizinc_s-yumi_dynamic-40B,bw3200_normal,0.59159,81.09,70.93,1
846.minizinc_s-yumi_dynamic-40B,bw3200_normal_pythia,0.56136,73.65,53.49,1
846.minizinc_s-yumi_dynamic-40B,bw3200_xpt,0.58155,89.41,1.57,1
846.minizinc_s-yumi_dynamic-40B,bw3200_xpt_pythia,0.55234,53.11,0.12,1
849.fotonik3d_s-default-11846B,bw3200_nopf,0.65142,0,0,1
849.fotonik3d_s-default-11846B,bw3200_pythia,0.96675,0,0,1
849.fotonik3d_s-default-11846B,bw3200_normal,0.68419,100.0,100.0,1
849.fotonik3d_s-default-11846B,bw3200_normal_pythia,0.96647,82.27,51.2,1
849.fotonik3d_s-default-11846B,bw3200_xpt,0.66459,100.0,47.2,1
849.fotonik3d_s-default-11846B,bw3200_xpt_pythia,0.96675,NaN,0.0,1
849.fotonik3d_s-default-1927B,bw3200_nopf,0.58702,0,0,1
849.fotonik3d_s-default-1927B,bw3200_pythia,0.58998,0,0,1
849.fotonik3d_s-default-1927B,bw3200_normal,0.58599,100.0,100.0,1
849.fotonik3d_s-default-1927B,bw3200_normal_pythia,0.58942,99.46,99.91,1
849.fotonik3d_s-default-1927B,bw3200_xpt,0.58681,100.0,46.26,1
849.fotonik3d_s-default-1927B,bw3200_xpt_pythia,0.58963,99.39,45.54,1
849.fotonik3d_s-default-2571B,bw3200_nopf,0.55038,0,0,1
849.fotonik3d_s-default-2571B,bw3200_pythia,0.97387,0,0,1
849.fotonik3d_s-default-2571B,bw3200_normal,0.58833,100.0,100.0,1
849.fotonik3d_s-default-2571B,bw3200_normal_pythia,0.97817,98.31,62.69,1
849.fotonik3d_s-default-2571B,bw3200_xpt,0.56752,100.0,48.44,1
849.fotonik3d_s-default-2571B,bw3200_xpt_pythia,0.97387,NaN,0.0,1
849.fotonik3d_s-default-7623B,bw3200_nopf,0.58644,0,0,1
849.fotonik3d_s-default-7623B,bw3200_pythia,0.58934,0,0,1
849.fotonik3d_s-default-7623B,bw3200_normal,0.58552,100.0,100.0,1
849.fotonik3d_s-default-7623B,bw3200_normal_pythia,0.58892,99.48,99.91,1
849.fotonik3d_s-default-7623B,bw3200_xpt,0.58627,100.0,46.3,1
849.fotonik3d_s-default-7623B,bw3200_xpt_pythia,0.58896,99.42,45.56,1
853.ns3_s-tcp_validation-187B,bw3200_nopf,0.1333,0,0,1
853.ns3_s-tcp_validation-187B,bw3200_pythia,0.12636,0,0,1
853.ns3_s-tcp_validation-187B,bw3200_normal,0.13303,72.32,51.71,1
853.ns3_s-tcp_validation-187B,bw3200_normal_pythia,0.12641,74.51,39.11,1
853.ns3_s-tcp_validation-187B,bw3200_xpt,0.13334,76.93,18.62,1
853.ns3_s-tcp_validation-187B,bw3200_xpt_pythia,0.12601,58.75,14.24,1
854.graph500_s-bfs-1217B,bw3200_nopf,0.08107,0,0,1
854.graph500_s-bfs-1217B,bw3200_pythia,0.08085,0,0,1
854.graph500_s-bfs-1217B,bw3200_normal,0.08215,86.34,99.65,1
854.graph500_s-bfs-1217B,bw3200_normal_pythia,0.08198,93.75,99.82,1
854.graph500_s-bfs-1217B,bw3200_xpt,0.08118,100.0,3.58,1
854.graph500_s-bfs-1217B,bw3200_xpt_pythia,0.08085,100.0,0.0,1
854.graph500_s-bfs-3313B,bw3200_nopf,0.54037,0,0,1
854.graph500_s-bfs-3313B,bw3200_pythia,0.5414,0,0,1
854.graph500_s-bfs-3313B,bw3200_normal,0.54608,83.02,73.89,1
854.graph500_s-bfs-3313B,bw3200_normal_pythia,0.52695,81.47,91.65,1
854.graph500_s-bfs-3313B,bw3200_xpt,0.54704,100.0,12.99,1
854.graph500_s-bfs-3313B,bw3200_xpt_pythia,0.5414,NaN,0.0,1
865.roms_s-benchmark3-2365B,bw3200_nopf,0.31332,0,0,1
865.roms_s-benchmark3-2365B,bw3200_pythia,0.32519,0,0,1
865.roms_s-benchmark3-2365B,bw3200_normal,0.31854,98.84,98.05,1
865.roms_s-benchmark3-2365B,bw3200_normal_pythia,0.32322,89.4,72.68,1
865.roms_s-benchmark3-2365B,bw3200_xpt,0.31623,99.31,43.35,1
865.roms_s-benchmark3-2365B,bw3200_xpt_pythia,0.32441,59.81,10.03,1
865.roms_s-benchmark3-2540B,bw3200_nopf,0.21339,0,0,1
865.roms_s-benchmark3-2540B,bw3200_pythia,0.23047,0,0,1
865.roms_s-benchmark3-2540B,bw3200_normal,0.21935,99.27,99.05,1
865.roms_s-benchmark3-2540B,bw3200_normal_pythia,0.22239,79.08,83.99,1
865.roms_s-benchmark3-2540B,bw3200_xpt,0.2164,99.59,43.95,1
865.roms_s-benchmark3-2540B,bw3200_xpt_pythia,0.22717,69.79,24.25,1
865.roms_s-benchmark3-3753B,bw3200_nopf,1.03634,0,0,1
865.roms_s-benchmark3-3753B,bw3200_pythia,1.28085,0,0,1
865.roms_s-benchmark3-3753B,bw3200_normal,1.08468,99.98,99.97,1
865.roms_s-benchmark3-3753B,bw3200_normal_pythia,1.27536,81.8,63.04,1
865.roms_s-benchmark3-3753B,bw3200_xpt,1.05939,99.98,45.41,1
865.roms_s-benchmark3-3753B,bw3200_xpt_pythia,1.27763,71.18,12.59,1
865.roms_s-benchmark3-7363B,bw3200_nopf,0.46728,0,0,1
865.roms_s-benchmark3-7363B,bw3200_pythia,0.39292,0,0,1
865.roms_s-benchmark3-7363B,bw3200_normal,0.46675,93.69,86.68,1
865.roms_s-benchmark3-7363B,bw3200_normal_pythia,0.38685,77.17,55.57,1
865.roms_s-benchmark3-7363B,bw3200_xpt,0.47125,95.99,37.94,1
865.roms_s-benchmark3-7363B,bw3200_xpt_pythia,0.38992,68.05,17.35,1
867.nest_s-microcircuit-2574B,bw3200_nopf,0.13912,0,0,1
867.nest_s-microcircuit-2574B,bw3200_pythia,0.15137,0,0,1
867.nest_s-microcircuit-2574B,bw3200_normal,0.15519,97.98,99.75,1
867.nest_s-microcircuit-2574B,bw3200_normal_pythia,0.16759,98.04,96.71,1
867.nest_s-microcircuit-2574B,bw3200_xpt,0.13906,100.0,4.96,1
867.nest_s-microcircuit-2574B,bw3200_xpt_pythia,0.15137,48.04,0.0,1
867.nest_s-microcircuit-9846B,bw3200_nopf,0.23029,0,0,1
867.nest_s-microcircuit-9846B,bw3200_pythia,0.26507,0,0,1
867.nest_s-microcircuit-9846B,bw3200_normal,0.25436,98.91,99.55,1
867.nest_s-microcircuit-9846B,bw3200_normal_pythia,0.28848,97.51,94.74,1
867.nest_s-microcircuit-9846B,bw3200_xpt,0.23085,100.0,3.77,1
867.nest_s-microcircuit-9846B,bw3200_xpt_pythia,0.26505,66.13,0.0,1
881.neutron_s-rsbench_history-421B,bw3200_nopf,0.95743,0,0,1
881.neutron_s-rsbench_history-421B,bw3200_pythia,0.95261,0,0,1
881.neutron_s-rsbench_history-421B,bw3200_normal,1.01841,99.95,99.99,1
881.neutron_s-rsbench_history-421B,bw3200_normal_pythia,1.01322,98.55,99.03,1
881.neutron_s-rsbench_history-421B,bw3200_xpt,0.95743,100.0,0.0,1
881.neutron_s-rsbench_history-421B,bw3200_xpt_pythia,0.95261,NaN,0.0,1
881.neutron_s-xsbench_event_unionized-1137B,bw3200_nopf,1.94605,0,0,1
881.neutron_s-xsbench_event_unionized-1137B,bw3200_pythia,2.0694,0,0,1
881.neutron_s-xsbench_event_unionized-1137B,bw3200_normal,1.96143,99.7,98.92,1
881.neutron_s-xsbench_event_unionized-1137B,bw3200_normal_pythia,2.06593,83.47,45.4,1
881.neutron_s-xsbench_event_unionized-1137B,bw3200_xpt,1.94961,98.16,49.49,1
881.neutron_s-xsbench_event_unionized-1137B,bw3200_xpt_pythia,2.0694,84.79,5.21,1
708.sqlite_r-cte_size2000-233B,bw3200_pcless9,1.08686,100.0,100.0,1
708.sqlite_r-fp_size1000-424B,bw3200_pcless9,0.50672,99.65,100.0,1
708.sqlite_r-main_size2000-136B,bw3200_pcless9,0.8705,91.8,96.81,1
708.sqlite_r-main_size2000-499B,bw3200_pcless9,1.12179,83.82,99.97,1
708.sqlite_r-main_size2000-556B,bw3200_pcless9,1.12778,83.6,99.98,1
709.cactus_r-shifted_gauge_wave-19B,bw3200_pcless9,0.91196,91.23,98.41,1
709.cactus_r-shifted_gauge_wave-26B,bw3200_pcless9,0.83076,93.98,97.89,1
709.cactus_r-shifted_gauge_wave-27B,bw3200_pcless9,0.30984,99.09,99.9,1
709.cactus_r-shifted_gauge_wave-824B,bw3200_pcless9,0.91175,91.59,98.99,1
709.cactus_r-shifted_gauge_wave-8B,bw3200_pcless9,0.70886,88.4,93.69,1
721.gcc_r-gcc_pp_O2_fpic-309B,bw3200_pcless9,0.57595,82.33,86.09,1
721.gcc_r-ref32_O3_inline12000-113B,bw3200_pcless9,0.34388,91.63,99.56,1
721.gcc_r-ref32_O3_inline12000-390B,bw3200_pcless9,0.35958,95.02,99.28,1
721.gcc_r-ref32_O3_inline12000-41B,bw3200_pcless9,0.60043,86.75,96.39,1
722.palm_r-atmos-1670B,bw3200_pcless9,1.36857,95.07,100.0,1
722.palm_r-atmos-334B,bw3200_pcless9,1.14751,99.87,99.95,1
723.llvm_r-codegen-388B,bw3200_pcless9,0.61903,97.22,97.86,1
727.cppcheck_r-738_diamond-320B,bw3200_pcless9,1.55395,93.34,96.96,1
727.cppcheck_r-738_diamond-4B,bw3200_pcless9,1.46582,99.37,99.86,1
727.cppcheck_r-738_diamond-63B,bw3200_pcless9,1.54798,92.98,96.99,1
727.cppcheck_r-747_dealii-218B,bw3200_pcless9,0.86725,99.4,99.62,1
727.cppcheck_r-747_dealii-21B,bw3200_pcless9,0.90319,99.44,99.87,1
727.cppcheck_r-747_dealii-3B,bw3200_pcless9,0.7139,98.0,99.61,1
727.cppcheck_r-770_7z-38B,bw3200_pcless9,1.27255,85.33,93.76,1
727.cppcheck_r-770_7z-404B,bw3200_pcless9,0.83179,98.03,99.85,1
727.cppcheck_r-770_7z-57B,bw3200_pcless9,1.29729,99.02,99.35,1
729.abc_r-des_system90-103B,bw3200_pcless9,0.66122,94.39,100.0,1
729.abc_r-des_system90-32B,bw3200_pcless9,0.76127,84.67,99.06,1
729.abc_r-des_system90-75B,bw3200_pcless9,0.71463,99.26,99.74,1
729.abc_r-des_system90-77B,bw3200_pcless9,1.03001,99.86,100.0,1
729.abc_r-des_system90-88B,bw3200_pcless9,1.22929,99.88,100.0,1
729.abc_r-mcml-19B,bw3200_pcless9,0.54277,95.56,99.55,1
734.vpr_r-jpeg_place-76B,bw3200_pcless9,0.68351,90.59,98.87,1
734.vpr_r-jpeg_route-49B,bw3200_pcless9,1.02946,99.02,99.85,1
734.vpr_r-smithwaterman_place-213B,bw3200_pcless9,0.60592,50.01,38.97,1
736.ocio_r-heavy_transform-65B,bw3200_pcless9,1.20346,100.0,100.0,1
736.ocio_r-lut1d_halfdom-43B,bw3200_pcless9,1.45926,100.0,100.0,1
736.ocio_r-lut1d_halfdom-6B,bw3200_pcless9,1.11993,100.0,100.0,1
736.ocio_r-mntr_srgb_8k-35B,bw3200_pcless9,1.10293,100.0,100.0,1
737.gmsh_r-choi-225B,bw3200_pcless9,0.92188,87.55,96.31,1
737.gmsh_r-gasdis-121B,bw3200_pcless9,1.12275,93.61,99.55,1
737.gmsh_r-gasdis-149B,bw3200_pcless9,0.7981,73.16,99.99,1
737.gmsh_r-mediterranean-149B,bw3200_pcless9,2.1569,91.77,93.74,1
737.gmsh_r-mediterranean-160B,bw3200_pcless9,2.19733,91.52,94.27,1
737.gmsh_r-p19-70B,bw3200_pcless9,0.90553,75.8,99.81,1
737.gmsh_r-projection-6B,bw3200_pcless9,0.48934,94.75,98.46,1
737.gmsh_r-spec_hxt-26B,bw3200_pcless9,0.48751,96.23,99.86,1
737.gmsh_r-spec_hxt-62B,bw3200_pcless9,1.50542,97.92,99.97,1
737.gmsh_r-torus-33B,bw3200_pcless9,0.37813,86.09,99.62,1
737.gmsh_r-torus-74B,bw3200_pcless9,0.8487,77.04,99.68,1
749.fotonik3d_r-default-128B,bw3200_pcless9,0.39886,98.39,99.97,1
749.fotonik3d_r-default-130B,bw3200_pcless9,0.36159,97.9,99.97,1
749.fotonik3d_r-default-45B,bw3200_pcless9,0.33342,98.08,99.98,1
749.fotonik3d_r-default-599B,bw3200_pcless9,0.3147,97.9,99.98,1
749.fotonik3d_r-default-651B,bw3200_pcless9,0.35896,97.94,99.98,1
765.roms_r-benchmark2-871B,bw3200_pcless9,0.61789,95.38,96.04,1
765.roms_r-benchmark2-900B,bw3200_pcless9,0.61514,95.02,96.25,1
765.roms_r-benchmark2-985B,bw3200_pcless9,0.31334,72.39,86.55,1
800.pot3d_s-pot3d_n1-1067B,bw3200_pcless9,0.23362,94.18,99.72,1
800.pot3d_s-pot3d_n1-1519B,bw3200_pcless9,0.2262,95.16,99.87,1
800.pot3d_s-pot3d_n1-2026B,bw3200_pcless9,0.25552,96.84,99.86,1
800.pot3d_s-pot3d_n1-2544B,bw3200_pcless9,0.26801,96.78,99.87,1
809.cactus_s-shifted_gauge_wave-1690B,bw3200_pcless9,0.73287,82.11,69.36,1
809.cactus_s-shifted_gauge_wave-202B,bw3200_pcless9,0.89042,87.06,90.25,1
809.cactus_s-shifted_gauge_wave-6972B,bw3200_pcless9,0.73237,82.25,69.44,1
811.tealeaf_s-default-15369B,bw3200_pcless9,0.91704,100.0,100.0,1
811.tealeaf_s-default-16461B,bw3200_pcless9,1.03546,100.0,100.0,1
811.tealeaf_s-default-33315B,bw3200_pcless9,1.02554,100.0,100.0,1
811.tealeaf_s-default-34631B,bw3200_pcless9,0.89598,100.0,100.0,1
811.tealeaf_s-default-35333B,bw3200_pcless9,0.84859,100.0,100.0,1
820.cloverleaf_s-default-11714B,bw3200_pcless9,0.64299,85.95,95.13,1
820.cloverleaf_s-default-11785B,bw3200_pcless9,1.39506,100.0,100.0,1
820.cloverleaf_s-default-12184B,bw3200_pcless9,1.47286,99.07,99.93,1
820.cloverleaf_s-default-2345B,bw3200_pcless9,0.5945,91.71,97.43,1
821.gcc_s-lz4_0002-39B,bw3200_pcless9,0.78348,76.94,83.65,1
821.gcc_s-lz4hc_0007-10B,bw3200_pcless9,0.75403,83.23,92.61,1
821.gcc_s-lz4hc_0009-12B,bw3200_pcless9,0.82795,78.38,83.13,1
821.gcc_s-lz4hc_0009-6B,bw3200_pcless9,0.62178,74.72,89.49,1
821.gcc_s-lz4hc_0010-14B,bw3200_pcless9,0.61722,74.04,83.58,1
821.gcc_s-lz4hc_0010-23B,bw3200_pcless9,0.75082,73.73,76.19,1
821.gcc_s-lz4hc_0018-20B,bw3200_pcless9,0.88318,81.33,90.82,1
821.gcc_s-lz4hc_0018-31B,bw3200_pcless9,0.86983,81.82,90.59,1
821.gcc_s-unicodeobject_0006-1B,bw3200_pcless9,1.03176,88.34,98.84,1
821.gcc_s-unicodeobject_0015-26B,bw3200_pcless9,0.74552,69.99,78.92,1
822.palm_s-atmos-2602B,bw3200_pcless9,1.55246,100.0,100.0,1
822.palm_s-atmos-35579B,bw3200_pcless9,1.56089,100.0,100.0,1
822.palm_s-atmos-4359B,bw3200_pcless9,1.57869,100.0,100.0,1
822.palm_s-atmos-6227B,bw3200_pcless9,1.55742,100.0,100.0,1
823.llvm_s-insn_recog_0005-10B,bw3200_pcless9,0.89561,97.93,99.89,1
823.llvm_s-insn_recog_0005-14B,bw3200_pcless9,0.5759,94.13,99.51,1
823.llvm_s-insn_recog_0005-15B,bw3200_pcless9,1.24193,90.02,99.75,1
823.llvm_s-insn_recog_0005-26B,bw3200_pcless9,1.22127,94.03,98.98,1
823.llvm_s-inst_constrs_3_0017-27B,bw3200_pcless9,1.17413,90.81,99.41,1
823.llvm_s-inst_constrs_3_0017-35B,bw3200_pcless9,1.32445,98.4,100.0,1
823.llvm_s-matrix_free_0013-7B,bw3200_pcless9,0.64797,90.52,99.41,1
823.llvm_s-matrix_free_0019-11B,bw3200_pcless9,0.86595,92.79,99.96,1
823.llvm_s-matrix_free_0019-7B,bw3200_pcless9,0.66187,90.58,99.35,1
823.llvm_s-modelsmodule_0004-24B,bw3200_pcless9,1.07612,97.79,100.0,1
823.llvm_s-modelsmodule_0010-23B,bw3200_pcless9,1.28867,96.86,100.0,1
823.llvm_s-particle_handler_0015-13B,bw3200_pcless9,1.15461,89.81,99.54,1
823.llvm_s-particle_handler_0015-5B,bw3200_pcless9,0.9465,93.89,99.74,1
823.llvm_s-particle_handler_0018-13B,bw3200_pcless9,1.14758,87.63,99.29,1
823.llvm_s-particle_handler_0018-5B,bw3200_pcless9,0.94867,94.02,99.75,1
823.llvm_s-particle_handler_0018-8B,bw3200_pcless9,0.65729,90.82,99.55,1
823.llvm_s-passbuilderpipelines_0003-2B,bw3200_pcless9,0.84756,82.74,97.28,1
823.llvm_s-selectiondagbuilder_0007-4B,bw3200_pcless9,0.69094,87.0,94.68,1
823.llvm_s-standardinstrumentations_0014-2B,bw3200_pcless9,0.91023,84.28,98.28,1
829.abc_s-bitcoin-289B,bw3200_pcless9,1.69869,100.0,100.0,1
829.abc_s-bitcoin-359B,bw3200_pcless9,0.23303,100.0,100.0,1
829.abc_s-bitcoin-645B,bw3200_pcless9,1.15904,91.86,97.58,1
829.abc_s-bitcoin-750B,bw3200_pcless9,0.81844,99.87,100.0,1
829.abc_s-ethernet_fraig-12B,bw3200_pcless9,1.1945,91.43,99.92,1
829.abc_s-ethernet_fraig-186B,bw3200_pcless9,0.8994,78.55,88.68,1
834.vpr_s-sparct1_place-411B,bw3200_pcless9,0.52591,52.08,68.51,1
834.vpr_s-wb_conmax_place-461B,bw3200_pcless9,1.06342,100.0,100.0,1
834.vpr_s-wb_conmax_route-461B,bw3200_pcless9,1.06402,100.0,100.0,1
846.minizinc_s-yumi_dynamic-118B,bw3200_pcless9,0.48258,80.81,91.88,1
846.minizinc_s-yumi_dynamic-119B,bw3200_pcless9,0.48523,81.8,91.35,1
846.minizinc_s-yumi_dynamic-256B,bw3200_pcless9,0.33258,80.13,85.0,1
846.minizinc_s-yumi_dynamic-40B,bw3200_pcless9,0.59267,62.86,65.92,1
849.fotonik3d_s-default-11846B,bw3200_pcless9,0.68421,100.0,100.0,1
849.fotonik3d_s-default-1927B,bw3200_pcless9,0.58599,100.0,100.0,1
849.fotonik3d_s-default-2571B,bw3200_pcless9,0.58833,100.0,100.0,1
849.fotonik3d_s-default-7623B,bw3200_pcless9,0.58552,100.0,100.0,1
853.ns3_s-tcp_validation-187B,bw3200_pcless9,0.1322,59.27,63.95,1
854.graph500_s-bfs-1217B,bw3200_pcless9,0.08214,86.34,100.0,1
854.graph500_s-bfs-3313B,bw3200_pcless9,0.49655,67.28,100.0,1
865.roms_s-benchmark3-2365B,bw3200_pcless9,0.31436,89.0,94.48,1
865.roms_s-benchmark3-2540B,bw3200_pcless9,0.21863,95.19,98.2,1
865.roms_s-benchmark3-3753B,bw3200_pcless9,1.08431,99.59,100.0,1
865.roms_s-benchmark3-7363B,bw3200_pcless9,0.44371,73.26,69.51,1
867.nest_s-microcircuit-2574B,bw3200_pcless9,0.15533,97.2,100.0,1
867.nest_s-microcircuit-9846B,bw3200_pcless9,0.25503,97.59,99.98,1
881.neutron_s-rsbench_history-421B,bw3200_pcless9,1.01841,99.9,100.0,1
881.neutron_s-xsbench_event_unionized-1137B,bw3200_pcless9,1.95045,95.27,94.58,1
708.sqlite_r-cte_size2000-233B,bw3200_pcless9_pythia,1.87985,49.16,93.44,1
708.sqlite_r-fp_size1000-424B,bw3200_pcless9_pythia,0.58428,74.15,100.0,1
708.sqlite_r-main_size2000-136B,bw3200_pcless9_pythia,0.89473,89.98,93.75,1
708.sqlite_r-main_size2000-499B,bw3200_pcless9_pythia,1.13809,82.79,99.83,1
708.sqlite_r-main_size2000-556B,bw3200_pcless9_pythia,1.14382,82.31,99.85,1
709.cactus_r-shifted_gauge_wave-19B,bw3200_pcless9_pythia,0.92087,57.59,28.56,1
709.cactus_r-shifted_gauge_wave-26B,bw3200_pcless9_pythia,0.88312,54.74,27.82,1
709.cactus_r-shifted_gauge_wave-27B,bw3200_pcless9_pythia,0.32403,72.05,71.67,1
709.cactus_r-shifted_gauge_wave-824B,bw3200_pcless9_pythia,0.92116,57.59,26.24,1
709.cactus_r-shifted_gauge_wave-8B,bw3200_pcless9_pythia,0.86734,59.5,33.43,1
721.gcc_r-gcc_pp_O2_fpic-309B,bw3200_pcless9_pythia,0.66355,56.04,27.73,1
721.gcc_r-ref32_O3_inline12000-113B,bw3200_pcless9_pythia,0.40053,62.31,81.95,1
721.gcc_r-ref32_O3_inline12000-390B,bw3200_pcless9_pythia,0.44468,63.62,56.89,1
721.gcc_r-ref32_O3_inline12000-41B,bw3200_pcless9_pythia,0.71655,64.15,48.98,1
722.palm_r-atmos-1670B,bw3200_pcless9_pythia,1.58776,55.17,9.91,1
722.palm_r-atmos-334B,bw3200_pcless9_pythia,1.28971,82.11,87.89,1
723.llvm_r-codegen-388B,bw3200_pcless9_pythia,0.61717,74.76,97.45,1
727.cppcheck_r-738_diamond-320B,bw3200_pcless9_pythia,1.55321,53.65,17.02,1
727.cppcheck_r-738_diamond-4B,bw3200_pcless9_pythia,1.58757,61.33,45.57,1
727.cppcheck_r-738_diamond-63B,bw3200_pcless9_pythia,1.54864,53.53,25.86,1
727.cppcheck_r-747_dealii-218B,bw3200_pcless9_pythia,0.92539,69.6,86.35,1
727.cppcheck_r-747_dealii-21B,bw3200_pcless9_pythia,1.09775,66.32,74.45,1
727.cppcheck_r-747_dealii-3B,bw3200_pcless9_pythia,0.80031,73.16,64.45,1
727.cppcheck_r-770_7z-38B,bw3200_pcless9_pythia,1.25018,59.37,43.26,1
727.cppcheck_r-770_7z-404B,bw3200_pcless9_pythia,0.92947,64.71,84.01,1
727.cppcheck_r-770_7z-57B,bw3200_pcless9_pythia,1.418,62.62,41.39,1
729.abc_r-des_system90-103B,bw3200_pcless9_pythia,0.68637,76.6,100.0,1
729.abc_r-des_system90-32B,bw3200_pcless9_pythia,0.81132,68.26,97.52,1
729.abc_r-des_system90-75B,bw3200_pcless9_pythia,0.87939,74.18,86.67,1
729.abc_r-des_system90-77B,bw3200_pcless9_pythia,1.65358,63.95,35.88,1
729.abc_r-des_system90-88B,bw3200_pcless9_pythia,1.77369,61.98,45.48,1
729.abc_r-mcml-19B,bw3200_pcless9_pythia,0.59072,74.34,88.12,1
734.vpr_r-jpeg_place-76B,bw3200_pcless9_pythia,0.79877,61.66,54.72,1
734.vpr_r-jpeg_route-49B,bw3200_pcless9_pythia,1.1249,80.99,76.03,1
734.vpr_r-smithwaterman_place-213B,bw3200_pcless9_pythia,0.64556,51.51,2.68,1
736.ocio_r-heavy_transform-65B,bw3200_pcless9_pythia,1.23053,76.57,56.91,1
736.ocio_r-lut1d_halfdom-43B,bw3200_pcless9_pythia,1.58326,72.15,50.05,1
736.ocio_r-lut1d_halfdom-6B,bw3200_pcless9_pythia,1.23771,84.83,64.35,1
736.ocio_r-mntr_srgb_8k-35B,bw3200_pcless9_pythia,1.08302,74.99,99.06,1
737.gmsh_r-choi-225B,bw3200_pcless9_pythia,1.04291,54.6,72.14,1
737.gmsh_r-gasdis-121B,bw3200_pcless9_pythia,1.23988,82.66,90.03,1
737.gmsh_r-gasdis-149B,bw3200_pcless9_pythia,0.80473,62.57,99.71,1
737.gmsh_r-mediterranean-149B,bw3200_pcless9_pythia,2.2005,84.22,88.76,1
737.gmsh_r-mediterranean-160B,bw3200_pcless9_pythia,2.23419,84.45,85.83,1
737.gmsh_r-p19-70B,bw3200_pcless9_pythia,0.92454,59.52,94.96,1
737.gmsh_r-projection-6B,bw3200_pcless9_pythia,0.48098,86.75,99.85,1
737.gmsh_r-spec_hxt-26B,bw3200_pcless9_pythia,0.51255,81.85,89.46,1
737.gmsh_r-spec_hxt-62B,bw3200_pcless9_pythia,1.51487,65.12,50.38,1
737.gmsh_r-torus-33B,bw3200_pcless9_pythia,0.3808,81.94,93.63,1
737.gmsh_r-torus-74B,bw3200_pcless9_pythia,0.86369,62.16,98.27,1
749.fotonik3d_r-default-128B,bw3200_pcless9_pythia,0.39978,79.95,89.58,1
749.fotonik3d_r-default-130B,bw3200_pcless9_pythia,0.37777,70.98,67.02,1
749.fotonik3d_r-default-45B,bw3200_pcless9_pythia,0.341,68.85,79.18,1
749.fotonik3d_r-default-599B,bw3200_pcless9_pythia,0.32776,66.74,70.48,1
749.fotonik3d_r-default-651B,bw3200_pcless9_pythia,0.3737,70.75,67.27,1
765.roms_r-benchmark2-871B,bw3200_pcless9_pythia,0.68412,78.11,88.79,1
765.roms_r-benchmark2-900B,bw3200_pcless9_pythia,0.68294,81.14,89.65,1
765.roms_r-benchmark2-985B,bw3200_pcless9_pythia,0.3078,62.78,61.69,1
800.pot3d_s-pot3d_n1-1067B,bw3200_pcless9_pythia,0.24641,79.18,74.39,1
800.pot3d_s-pot3d_n1-1519B,bw3200_pcless9_pythia,0.2388,78.09,78.66,1
800.pot3d_s-pot3d_n1-2026B,bw3200_pcless9_pythia,0.26539,80.15,87.14,1
800.pot3d_s-pot3d_n1-2544B,bw3200_pcless9_pythia,0.2725,82.77,87.4,1
809.cactus_s-shifted_gauge_wave-1690B,bw3200_pcless9_pythia,0.73349,52.39,13.8,1
809.cactus_s-shifted_gauge_wave-202B,bw3200_pcless9_pythia,0.91226,57.29,19.3,1
809.cactus_s-shifted_gauge_wave-6972B,bw3200_pcless9_pythia,0.73298,54.08,12.83,1
811.tealeaf_s-default-15369B,bw3200_pcless9_pythia,1.52583,68.17,38.39,1
811.tealeaf_s-default-16461B,bw3200_pcless9_pythia,1.57522,69.72,46.89,1
811.tealeaf_s-default-33315B,bw3200_pcless9_pythia,1.53435,70.3,45.42,1
811.tealeaf_s-default-34631B,bw3200_pcless9_pythia,1.47768,74.55,39.31,1
811.tealeaf_s-default-35333B,bw3200_pcless9_pythia,1.2825,67.34,47.32,1
820.cloverleaf_s-default-11714B,bw3200_pcless9_pythia,1.27575,47.13,4.87,1
820.cloverleaf_s-default-11785B,bw3200_pcless9_pythia,2.08062,50.32,38.24,1
820.cloverleaf_s-default-12184B,bw3200_pcless9_pythia,1.99568,47.43,3.04,1
820.cloverleaf_s-default-2345B,bw3200_pcless9_pythia,0.88587,61.26,31.1,1
821.gcc_s-lz4_0002-39B,bw3200_pcless9_pythia,0.81831,57.61,51.02,1
821.gcc_s-lz4hc_0007-10B,bw3200_pcless9_pythia,0.8325,60.99,67.93,1
821.gcc_s-lz4hc_0009-12B,bw3200_pcless9_pythia,0.85323,56.71,49.79,1
821.gcc_s-lz4hc_0009-6B,bw3200_pcless9_pythia,0.66543,58.68,66.84,1
821.gcc_s-lz4hc_0010-14B,bw3200_pcless9_pythia,0.67461,55.57,47.27,1
821.gcc_s-lz4hc_0010-23B,bw3200_pcless9_pythia,0.79745,57.37,34.49,1
821.gcc_s-lz4hc_0018-20B,bw3200_pcless9_pythia,0.95791,57.69,66.94,1
821.gcc_s-lz4hc_0018-31B,bw3200_pcless9_pythia,0.94439,61.04,66.16,1
821.gcc_s-unicodeobject_0006-1B,bw3200_pcless9_pythia,1.10457,61.5,49.11,1
821.gcc_s-unicodeobject_0015-26B,bw3200_pcless9_pythia,0.78592,56.28,30.15,1
822.palm_s-atmos-2602B,bw3200_pcless9_pythia,1.77344,50.48,16.46,1
822.palm_s-atmos-35579B,bw3200_pcless9_pythia,1.77992,50.52,15.69,1
822.palm_s-atmos-4359B,bw3200_pcless9_pythia,1.79899,50.47,15.76,1
822.palm_s-atmos-6227B,bw3200_pcless9_pythia,1.77483,50.52,15.68,1
823.llvm_s-insn_recog_0005-10B,bw3200_pcless9_pythia,0.9601,64.06,66.93,1
823.llvm_s-insn_recog_0005-14B,bw3200_pcless9_pythia,0.68854,67.6,91.88,1
823.llvm_s-insn_recog_0005-15B,bw3200_pcless9_pythia,1.30624,60.62,70.76,1
823.llvm_s-insn_recog_0005-26B,bw3200_pcless9_pythia,1.26019,61.78,49.03,1
823.llvm_s-inst_constrs_3_0017-27B,bw3200_pcless9_pythia,1.18685,59.07,79.69,1
823.llvm_s-inst_constrs_3_0017-35B,bw3200_pcless9_pythia,1.40675,68.84,84.52,1
823.llvm_s-matrix_free_0013-7B,bw3200_pcless9_pythia,0.70974,72.45,97.68,1
823.llvm_s-matrix_free_0019-11B,bw3200_pcless9_pythia,0.89663,72.95,98.44,1
823.llvm_s-matrix_free_0019-7B,bw3200_pcless9_pythia,0.72751,72.43,97.58,1
823.llvm_s-modelsmodule_0004-24B,bw3200_pcless9_pythia,1.15282,67.97,99.99,1
823.llvm_s-modelsmodule_0010-23B,bw3200_pcless9_pythia,1.3619,70.12,92.23,1
823.llvm_s-particle_handler_0015-13B,bw3200_pcless9_pythia,1.19725,62.38,75.14,1
823.llvm_s-particle_handler_0015-5B,bw3200_pcless9_pythia,0.96658,68.6,78.01,1
823.llvm_s-particle_handler_0018-13B,bw3200_pcless9_pythia,1.18389,63.3,88.89,1
823.llvm_s-particle_handler_0018-5B,bw3200_pcless9_pythia,0.9687,67.03,83.94,1
823.llvm_s-particle_handler_0018-8B,bw3200_pcless9_pythia,0.70958,68.01,98.64,1
823.llvm_s-passbuilderpipelines_0003-2B,bw3200_pcless9_pythia,0.90586,66.35,89.86,1
823.llvm_s-selectiondagbuilder_0007-4B,bw3200_pcless9_pythia,0.70305,64.4,79.27,1
823.llvm_s-standardinstrumentations_0014-2B,bw3200_pcless9_pythia,0.98721,65.83,86.59,1
829.abc_s-bitcoin-289B,bw3200_pcless9_pythia,1.55718,55.35,53.25,1
829.abc_s-bitcoin-359B,bw3200_pcless9_pythia,0.35241,51.32,25.78,1
829.abc_s-bitcoin-645B,bw3200_pcless9_pythia,1.19051,70.79,90.41,1
829.abc_s-bitcoin-750B,bw3200_pcless9_pythia,0.84892,81.91,100.0,1
829.abc_s-ethernet_fraig-12B,bw3200_pcless9_pythia,1.32847,65.34,71.19,1
829.abc_s-ethernet_fraig-186B,bw3200_pcless9_pythia,0.93141,64.52,75.88,1
834.vpr_s-sparct1_place-411B,bw3200_pcless9_pythia,0.54629,46.38,12.44,1
834.vpr_s-wb_conmax_place-461B,bw3200_pcless9_pythia,1.33157,63.48,54.45,1
834.vpr_s-wb_conmax_route-461B,bw3200_pcless9_pythia,1.3318,63.59,54.98,1
846.minizinc_s-yumi_dynamic-118B,bw3200_pcless9_pythia,0.53032,60.9,71.55,1
846.minizinc_s-yumi_dynamic-119B,bw3200_pcless9_pythia,0.52385,61.07,71.68,1
846.minizinc_s-yumi_dynamic-256B,bw3200_pcless9_pythia,0.35651,61.82,48.22,1
846.minizinc_s-yumi_dynamic-40B,bw3200_pcless9_pythia,0.55973,55.44,53.38,1
849.fotonik3d_s-default-11846B,bw3200_pcless9_pythia,0.96273,67.65,29.42,1
849.fotonik3d_s-default-1927B,bw3200_pcless9_pythia,0.5892,99.07,99.93,1
849.fotonik3d_s-default-2571B,bw3200_pcless9_pythia,0.9745,44.6,10.76,1
849.fotonik3d_s-default-7623B,bw3200_pcless9_pythia,0.58856,99.1,99.93,1
853.ns3_s-tcp_validation-187B,bw3200_pcless9_pythia,0.12549,58.74,35.25,1
854.graph500_s-bfs-1217B,bw3200_pcless9_pythia,0.08201,88.27,100.0,1
854.graph500_s-bfs-3313B,bw3200_pcless9_pythia,0.5045,65.33,99.96,1
865.roms_s-benchmark3-2365B,bw3200_pcless9_pythia,0.32059,81.34,78.22,1
865.roms_s-benchmark3-2540B,bw3200_pcless9_pythia,0.21786,72.06,86.76,1
865.roms_s-benchmark3-3753B,bw3200_pcless9_pythia,1.27224,75.15,62.27,1
865.roms_s-benchmark3-7363B,bw3200_pcless9_pythia,0.37734,62.93,57.66,1
867.nest_s-microcircuit-2574B,bw3200_pcless9_pythia,0.16551,75.66,96.79,1
867.nest_s-microcircuit-9846B,bw3200_pcless9_pythia,0.28102,70.73,95.94,1
881.neutron_s-rsbench_history-421B,bw3200_pcless9_pythia,1.01322,95.98,100.0,1
881.neutron_s-xsbench_event_unionized-1137B,bw3200_pcless9_pythia,2.06416,56.01,19.29,1
708.sqlite_r-cte_size2000-233B,bw3200_core_o,1.13039,0,0,1
708.sqlite_r-fp_size1000-424B,bw3200_core_o,0.52288,0,0,1
708.sqlite_r-main_size2000-136B,bw3200_core_o,0.8837,0,0,1
708.sqlite_r-main_size2000-499B,bw3200_core_o,1.14238,0,0,1
708.sqlite_r-main_size2000-556B,bw3200_core_o,1.14772,0,0,1
709.cactus_r-shifted_gauge_wave-19B,bw3200_core_o,0.91309,0,0,1
709.cactus_r-shifted_gauge_wave-26B,bw3200_core_o,0.83262,0,0,1
709.cactus_r-shifted_gauge_wave-27B,bw3200_core_o,0.3275,0,0,1
709.cactus_r-shifted_gauge_wave-824B,bw3200_core_o,0.91275,0,0,1
709.cactus_r-shifted_gauge_wave-8B,bw3200_core_o,0.73289,0,0,1
721.gcc_r-gcc_pp_O2_fpic-309B,bw3200_core_o,0.59023,0,0,1
721.gcc_r-ref32_O3_inline12000-113B,bw3200_core_o,0.35374,0,0,1
721.gcc_r-ref32_O3_inline12000-390B,bw3200_core_o,0.37157,0,0,1
721.gcc_r-ref32_O3_inline12000-41B,bw3200_core_o,0.61306,0,0,1
722.palm_r-atmos-1670B,bw3200_core_o,1.40551,0,0,1
722.palm_r-atmos-334B,bw3200_core_o,1.16629,0,0,1
723.llvm_r-codegen-388B,bw3200_core_o,0.63627,0,0,1
727.cppcheck_r-738_diamond-320B,bw3200_core_o,1.58244,0,0,1
727.cppcheck_r-738_diamond-4B,bw3200_core_o,1.51347,0,0,1
727.cppcheck_r-738_diamond-63B,bw3200_core_o,1.57638,0,0,1
727.cppcheck_r-747_dealii-218B,bw3200_core_o,0.90713,0,0,1
727.cppcheck_r-747_dealii-21B,bw3200_core_o,0.94855,0,0,1
727.cppcheck_r-747_dealii-3B,bw3200_core_o,0.73242,0,0,1
727.cppcheck_r-770_7z-38B,bw3200_core_o,1.30791,0,0,1
727.cppcheck_r-770_7z-404B,bw3200_core_o,0.82508,0,0,1
727.cppcheck_r-770_7z-57B,bw3200_core_o,1.33363,0,0,1
729.abc_r-des_system90-103B,bw3200_core_o,0.67721,0,0,1
729.abc_r-des_system90-32B,bw3200_core_o,0.77659,0,0,1
729.abc_r-des_system90-75B,bw3200_core_o,0.735,0,0,1
729.abc_r-des_system90-77B,bw3200_core_o,1.05995,0,0,1
729.abc_r-des_system90-88B,bw3200_core_o,1.23518,0,0,1
729.abc_r-mcml-19B,bw3200_core_o,0.56354,0,0,1
734.vpr_r-jpeg_place-76B,bw3200_core_o,0.70006,0,0,1
734.vpr_r-jpeg_route-49B,bw3200_core_o,1.04882,0,0,1
734.vpr_r-smithwaterman_place-213B,bw3200_core_o,0.62674,0,0,1
736.ocio_r-heavy_transform-65B,bw3200_core_o,1.26686,0,0,1
736.ocio_r-lut1d_halfdom-43B,bw3200_core_o,1.46995,0,0,1
736.ocio_r-lut1d_halfdom-6B,bw3200_core_o,1.17206,0,0,1
736.ocio_r-mntr_srgb_8k-35B,bw3200_core_o,1.15955,0,0,1
737.gmsh_r-choi-225B,bw3200_core_o,0.95208,0,0,1
737.gmsh_r-gasdis-121B,bw3200_core_o,1.15818,0,0,1
737.gmsh_r-gasdis-149B,bw3200_core_o,0.80044,0,0,1
737.gmsh_r-mediterranean-149B,bw3200_core_o,2.1579,0,0,1
737.gmsh_r-mediterranean-160B,bw3200_core_o,2.2426,0,0,1
737.gmsh_r-p19-70B,bw3200_core_o,0.90183,0,0,1
737.gmsh_r-projection-6B,bw3200_core_o,0.51838,0,0,1
737.gmsh_r-spec_hxt-26B,bw3200_core_o,0.50656,0,0,1
737.gmsh_r-spec_hxt-62B,bw3200_core_o,1.5267,0,0,1
737.gmsh_r-torus-33B,bw3200_core_o,0.39362,0,0,1
737.gmsh_r-torus-74B,bw3200_core_o,0.84427,0,0,1
749.fotonik3d_r-default-128B,bw3200_core_o,0.40417,0,0,1
749.fotonik3d_r-default-130B,bw3200_core_o,0.35866,0,0,1
749.fotonik3d_r-default-45B,bw3200_core_o,0.33268,0,0,1
749.fotonik3d_r-default-599B,bw3200_core_o,0.31458,0,0,1
749.fotonik3d_r-default-651B,bw3200_core_o,0.35659,0,0,1
765.roms_r-benchmark2-871B,bw3200_core_o,0.64114,0,0,1
765.roms_r-benchmark2-900B,bw3200_core_o,0.6405,0,0,1
765.roms_r-benchmark2-985B,bw3200_core_o,0.36359,0,0,1
800.pot3d_s-pot3d_n1-1067B,bw3200_core_o,0.26437,0,0,1
800.pot3d_s-pot3d_n1-1519B,bw3200_core_o,0.26002,0,0,1
800.pot3d_s-pot3d_n1-2026B,bw3200_core_o,0.28511,0,0,1
800.pot3d_s-pot3d_n1-2544B,bw3200_core_o,0.29864,0,0,1
809.cactus_s-shifted_gauge_wave-1690B,bw3200_core_o,0.73294,0,0,1
809.cactus_s-shifted_gauge_wave-202B,bw3200_core_o,0.88917,0,0,1
809.cactus_s-shifted_gauge_wave-6972B,bw3200_core_o,0.73238,0,0,1
811.tealeaf_s-default-15369B,bw3200_core_o,0.93865,0,0,1
811.tealeaf_s-default-16461B,bw3200_core_o,1.05224,0,0,1
811.tealeaf_s-default-33315B,bw3200_core_o,1.04454,0,0,1
811.tealeaf_s-default-34631B,bw3200_core_o,0.91748,0,0,1
811.tealeaf_s-default-35333B,bw3200_core_o,0.87346,0,0,1
820.cloverleaf_s-default-11714B,bw3200_core_o,0.71954,0,0,1
820.cloverleaf_s-default-11785B,bw3200_core_o,1.46138,0,0,1
820.cloverleaf_s-default-12184B,bw3200_core_o,1.49348,0,0,1
820.cloverleaf_s-default-2345B,bw3200_core_o,0.65631,0,0,1
821.gcc_s-lz4_0002-39B,bw3200_core_o,0.7963,0,0,1
821.gcc_s-lz4hc_0007-10B,bw3200_core_o,0.76793,0,0,1
821.gcc_s-lz4hc_0009-12B,bw3200_core_o,0.83955,0,0,1
821.gcc_s-lz4hc_0009-6B,bw3200_core_o,0.62977,0,0,1
821.gcc_s-lz4hc_0010-14B,bw3200_core_o,0.62544,0,0,1
821.gcc_s-lz4hc_0010-23B,bw3200_core_o,0.75685,0,0,1
821.gcc_s-lz4hc_0018-20B,bw3200_core_o,0.8962,0,0,1
821.gcc_s-lz4hc_0018-31B,bw3200_core_o,0.881,0,0,1
821.gcc_s-unicodeobject_0006-1B,bw3200_core_o,1.04239,0,0,1
821.gcc_s-unicodeobject_0015-26B,bw3200_core_o,0.75715,0,0,1
822.palm_s-atmos-2602B,bw3200_core_o,1.58722,0,0,1
822.palm_s-atmos-35579B,bw3200_core_o,1.59519,0,0,1
822.palm_s-atmos-4359B,bw3200_core_o,1.61298,0,0,1
822.palm_s-atmos-6227B,bw3200_core_o,1.59108,0,0,1
823.llvm_s-insn_recog_0005-10B,bw3200_core_o,0.91327,0,0,1
823.llvm_s-insn_recog_0005-14B,bw3200_core_o,0.59426,0,0,1
823.llvm_s-insn_recog_0005-15B,bw3200_core_o,1.25367,0,0,1
823.llvm_s-insn_recog_0005-26B,bw3200_core_o,1.23746,0,0,1
823.llvm_s-inst_constrs_3_0017-27B,bw3200_core_o,1.19006,0,0,1
823.llvm_s-inst_constrs_3_0017-35B,bw3200_core_o,1.342,0,0,1
823.llvm_s-matrix_free_0013-7B,bw3200_core_o,0.66674,0,0,1
823.llvm_s-matrix_free_0019-11B,bw3200_core_o,0.87816,0,0,1
823.llvm_s-matrix_free_0019-7B,bw3200_core_o,0.68006,0,0,1
823.llvm_s-modelsmodule_0004-24B,bw3200_core_o,1.09479,0,0,1
823.llvm_s-modelsmodule_0010-23B,bw3200_core_o,1.30745,0,0,1
823.llvm_s-particle_handler_0015-13B,bw3200_core_o,1.17259,0,0,1
823.llvm_s-particle_handler_0015-5B,bw3200_core_o,0.95753,0,0,1
823.llvm_s-particle_handler_0018-13B,bw3200_core_o,1.16325,0,0,1
823.llvm_s-particle_handler_0018-5B,bw3200_core_o,0.95946,0,0,1
823.llvm_s-particle_handler_0018-8B,bw3200_core_o,0.68125,0,0,1
823.llvm_s-passbuilderpipelines_0003-2B,bw3200_core_o,0.8695,0,0,1
823.llvm_s-selectiondagbuilder_0007-4B,bw3200_core_o,0.70445,0,0,1
823.llvm_s-standardinstrumentations_0014-2B,bw3200_core_o,0.93241,0,0,1
829.abc_s-bitcoin-289B,bw3200_core_o,1.72452,0,0,1
829.abc_s-bitcoin-359B,bw3200_core_o,0.24411,0,0,1
829.abc_s-bitcoin-645B,bw3200_core_o,1.17857,0,0,1
829.abc_s-bitcoin-750B,bw3200_core_o,0.83236,0,0,1
829.abc_s-ethernet_fraig-12B,bw3200_core_o,1.20053,0,0,1
829.abc_s-ethernet_fraig-186B,bw3200_core_o,0.91814,0,0,1
834.vpr_s-sparct1_place-411B,bw3200_core_o,0.53352,0,0,1
834.vpr_s-wb_conmax_place-461B,bw3200_core_o,1.09296,0,0,1
834.vpr_s-wb_conmax_route-461B,bw3200_core_o,1.09389,0,0,1
846.minizinc_s-yumi_dynamic-118B,bw3200_core_o,0.48652,0,0,1
846.minizinc_s-yumi_dynamic-119B,bw3200_core_o,0.48919,0,0,1
846.minizinc_s-yumi_dynamic-256B,bw3200_core_o,0.33772,0,0,1
846.minizinc_s-yumi_dynamic-40B,bw3200_core_o,0.59397,0,0,1
849.fotonik3d_s-default-11846B,bw3200_core_o,0.70129,0,0,1
849.fotonik3d_s-default-1927B,bw3200_core_o,0.58495,0,0,1
849.fotonik3d_s-default-2571B,bw3200_core_o,0.60262,0,0,1
849.fotonik3d_s-default-7623B,bw3200_core_o,0.58446,0,0,1
853.ns3_s-tcp_validation-187B,bw3200_core_o,0.13491,0,0,1
854.graph500_s-bfs-1217B,bw3200_core_o,0.08465,0,0,1
854.graph500_s-bfs-3313B,bw3200_core_o,0.57058,0,0,1
865.roms_s-benchmark3-2365B,bw3200_core_o,0.32416,0,0,1
865.roms_s-benchmark3-2540B,bw3200_core_o,0.26089,0,0,1
865.roms_s-benchmark3-3753B,bw3200_core_o,1.13549,0,0,1
865.roms_s-benchmark3-7363B,bw3200_core_o,0.48656,0,0,1
867.nest_s-microcircuit-2574B,bw3200_core_o,0.16042,0,0,1
867.nest_s-microcircuit-9846B,bw3200_core_o,0.26237,0,0,1
881.neutron_s-rsbench_history-421B,bw3200_core_o,1.03818,0,0,1
881.neutron_s-xsbench_event_unionized-1137B,bw3200_core_o,1.96026,0,0,1
708.sqlite_r-cte_size2000-233B,bw3200_core_o_pythia,1.88201,0,0,1
708.sqlite_r-fp_size1000-424B,bw3200_core_o_pythia,0.59806,0,0,1
708.sqlite_r-main_size2000-136B,bw3200_core_o_pythia,0.9033,0,0,1
708.sqlite_r-main_size2000-499B,bw3200_core_o_pythia,1.15874,0,0,1
708.sqlite_r-main_size2000-556B,bw3200_core_o_pythia,1.16373,0,0,1
709.cactus_r-shifted_gauge_wave-19B,bw3200_core_o_pythia,0.92112,0,0,1
709.cactus_r-shifted_gauge_wave-26B,bw3200_core_o_pythia,0.8845,0,0,1
709.cactus_r-shifted_gauge_wave-27B,bw3200_core_o_pythia,0.3363,0,0,1
709.cactus_r-shifted_gauge_wave-824B,bw3200_core_o_pythia,0.92093,0,0,1
709.cactus_r-shifted_gauge_wave-8B,bw3200_core_o_pythia,0.87261,0,0,1
721.gcc_r-gcc_pp_O2_fpic-309B,bw3200_core_o_pythia,0.67465,0,0,1
721.gcc_r-ref32_O3_inline12000-113B,bw3200_core_o_pythia,0.41198,0,0,1
721.gcc_r-ref32_O3_inline12000-390B,bw3200_core_o_pythia,0.45546,0,0,1
721.gcc_r-ref32_O3_inline12000-41B,bw3200_core_o_pythia,0.73111,0,0,1
722.palm_r-atmos-1670B,bw3200_core_o_pythia,1.58497,0,0,1
722.palm_r-atmos-334B,bw3200_core_o_pythia,1.29443,0,0,1
723.llvm_r-codegen-388B,bw3200_core_o_pythia,0.64088,0,0,1
727.cppcheck_r-738_diamond-320B,bw3200_core_o_pythia,1.58184,0,0,1
727.cppcheck_r-738_diamond-4B,bw3200_core_o_pythia,1.5829,0,0,1
727.cppcheck_r-738_diamond-63B,bw3200_core_o_pythia,1.55155,0,0,1
727.cppcheck_r-747_dealii-218B,bw3200_core_o_pythia,0.96869,0,0,1
727.cppcheck_r-747_dealii-21B,bw3200_core_o_pythia,1.11221,0,0,1
727.cppcheck_r-747_dealii-3B,bw3200_core_o_pythia,0.80667,0,0,1
727.cppcheck_r-770_7z-38B,bw3200_core_o_pythia,1.28141,0,0,1
727.cppcheck_r-770_7z-404B,bw3200_core_o_pythia,0.94098,0,0,1
727.cppcheck_r-770_7z-57B,bw3200_core_o_pythia,1.4095,0,0,1
729.abc_r-des_system90-103B,bw3200_core_o_pythia,0.70413,0,0,1
729.abc_r-des_system90-32B,bw3200_core_o_pythia,0.82642,0,0,1
729.abc_r-des_system90-75B,bw3200_core_o_pythia,0.90154,0,0,1
729.abc_r-des_system90-77B,bw3200_core_o_pythia,1.65596,0,0,1
729.abc_r-des_system90-88B,bw3200_core_o_pythia,1.77523,0,0,1
729.abc_r-mcml-19B,bw3200_core_o_pythia,0.62081,0,0,1
734.vpr_r-jpeg_place-76B,bw3200_core_o_pythia,0.81313,0,0,1
734.vpr_r-jpeg_route-49B,bw3200_core_o_pythia,1.13197,0,0,1
734.vpr_r-smithwaterman_place-213B,bw3200_core_o_pythia,0.66087,0,0,1
736.ocio_r-heavy_transform-65B,bw3200_core_o_pythia,1.23978,0,0,1
736.ocio_r-lut1d_halfdom-43B,bw3200_core_o_pythia,1.58164,0,0,1
736.ocio_r-lut1d_halfdom-6B,bw3200_core_o_pythia,1.24436,0,0,1
736.ocio_r-mntr_srgb_8k-35B,bw3200_core_o_pythia,1.10594,0,0,1
737.gmsh_r-choi-225B,bw3200_core_o_pythia,1.0712,0,0,1
737.gmsh_r-gasdis-121B,bw3200_core_o_pythia,1.25539,0,0,1
737.gmsh_r-gasdis-149B,bw3200_core_o_pythia,0.81144,0,0,1
737.gmsh_r-mediterranean-149B,bw3200_core_o_pythia,2.20116,0,0,1
737.gmsh_r-mediterranean-160B,bw3200_core_o_pythia,2.23735,0,0,1
737.gmsh_r-p19-70B,bw3200_core_o_pythia,0.9198,0,0,1
737.gmsh_r-projection-6B,bw3200_core_o_pythia,0.50058,0,0,1
737.gmsh_r-spec_hxt-26B,bw3200_core_o_pythia,0.53193,0,0,1
737.gmsh_r-spec_hxt-62B,bw3200_core_o_pythia,1.52684,0,0,1
737.gmsh_r-torus-33B,bw3200_core_o_pythia,0.39228,0,0,1
737.gmsh_r-torus-74B,bw3200_core_o_pythia,0.858,0,0,1
749.fotonik3d_r-default-128B,bw3200_core_o_pythia,0.41366,0,0,1
749.fotonik3d_r-default-130B,bw3200_core_o_pythia,0.38887,0,0,1
749.fotonik3d_r-default-45B,bw3200_core_o_pythia,0.35684,0,0,1
749.fotonik3d_r-default-599B,bw3200_core_o_pythia,0.34145,0,0,1
749.fotonik3d_r-default-651B,bw3200_core_o_pythia,0.38645,0,0,1
765.roms_r-benchmark2-871B,bw3200_core_o_pythia,0.70162,0,0,1
765.roms_r-benchmark2-900B,bw3200_core_o_pythia,0.69837,0,0,1
765.roms_r-benchmark2-985B,bw3200_core_o_pythia,0.33029,0,0,1
800.pot3d_s-pot3d_n1-1067B,bw3200_core_o_pythia,0.2615,0,0,1
800.pot3d_s-pot3d_n1-1519B,bw3200_core_o_pythia,0.26133,0,0,1
800.pot3d_s-pot3d_n1-2026B,bw3200_core_o_pythia,0.28206,0,0,1
800.pot3d_s-pot3d_n1-2544B,bw3200_core_o_pythia,0.29005,0,0,1
809.cactus_s-shifted_gauge_wave-1690B,bw3200_core_o_pythia,0.7334,0,0,1
809.cactus_s-shifted_gauge_wave-202B,bw3200_core_o_pythia,0.91046,0,0,1
809.cactus_s-shifted_gauge_wave-6972B,bw3200_core_o_pythia,0.73298,0,0,1
811.tealeaf_s-default-15369B,bw3200_core_o_pythia,1.52906,0,0,1
811.tealeaf_s-default-16461B,bw3200_core_o_pythia,1.57935,0,0,1
811.tealeaf_s-default-33315B,bw3200_core_o_pythia,1.53627,0,0,1
811.tealeaf_s-default-34631B,bw3200_core_o_pythia,1.47632,0,0,1
811.tealeaf_s-default-35333B,bw3200_core_o_pythia,1.29871,0,0,1
820.cloverleaf_s-default-11714B,bw3200_core_o_pythia,1.28232,0,0,1
820.cloverleaf_s-default-11785B,bw3200_core_o_pythia,2.0812,0,0,1
820.cloverleaf_s-default-12184B,bw3200_core_o_pythia,2.00746,0,0,1
820.cloverleaf_s-default-2345B,bw3200_core_o_pythia,0.90781,0,0,1
821.gcc_s-lz4_0002-39B,bw3200_core_o_pythia,0.82726,0,0,1
821.gcc_s-lz4hc_0007-10B,bw3200_core_o_pythia,0.84736,0,0,1
821.gcc_s-lz4hc_0009-12B,bw3200_core_o_pythia,0.86354,0,0,1
821.gcc_s-lz4hc_0009-6B,bw3200_core_o_pythia,0.67349,0,0,1
821.gcc_s-lz4hc_0010-14B,bw3200_core_o_pythia,0.68436,0,0,1
821.gcc_s-lz4hc_0010-23B,bw3200_core_o_pythia,0.80538,0,0,1
821.gcc_s-lz4hc_0018-20B,bw3200_core_o_pythia,0.96776,0,0,1
821.gcc_s-lz4hc_0018-31B,bw3200_core_o_pythia,0.95536,0,0,1
821.gcc_s-unicodeobject_0006-1B,bw3200_core_o_pythia,1.11327,0,0,1
821.gcc_s-unicodeobject_0015-26B,bw3200_core_o_pythia,0.79751,0,0,1
822.palm_s-atmos-2602B,bw3200_core_o_pythia,1.77061,0,0,1
822.palm_s-atmos-35579B,bw3200_core_o_pythia,1.77821,0,0,1
822.palm_s-atmos-4359B,bw3200_core_o_pythia,1.79689,0,0,1
822.palm_s-atmos-6227B,bw3200_core_o_pythia,1.77295,0,0,1
823.llvm_s-insn_recog_0005-10B,bw3200_core_o_pythia,0.98247,0,0,1
823.llvm_s-insn_recog_0005-14B,bw3200_core_o_pythia,0.69863,0,0,1
823.llvm_s-insn_recog_0005-15B,bw3200_core_o_pythia,1.30906,0,0,1
823.llvm_s-insn_recog_0005-26B,bw3200_core_o_pythia,1.27401,0,0,1
823.llvm_s-inst_constrs_3_0017-27B,bw3200_core_o_pythia,1.19722,0,0,1
823.llvm_s-inst_constrs_3_0017-35B,bw3200_core_o_pythia,1.40426,0,0,1
823.llvm_s-matrix_free_0013-7B,bw3200_core_o_pythia,0.7256,0,0,1
823.llvm_s-matrix_free_0019-11B,bw3200_core_o_pythia,0.90652,0,0,1
823.llvm_s-matrix_free_0019-7B,bw3200_core_o_pythia,0.73579,0,0,1
823.llvm_s-modelsmodule_0004-24B,bw3200_core_o_pythia,1.15639,0,0,1
823.llvm_s-modelsmodule_0010-23B,bw3200_core_o_pythia,1.36323,0,0,1
823.llvm_s-particle_handler_0015-13B,bw3200_core_o_pythia,1.20384,0,0,1
823.llvm_s-particle_handler_0015-5B,bw3200_core_o_pythia,0.97806,0,0,1
823.llvm_s-particle_handler_0018-13B,bw3200_core_o_pythia,1.18861,0,0,1
823.llvm_s-particle_handler_0018-5B,bw3200_core_o_pythia,0.98224,0,0,1
823.llvm_s-particle_handler_0018-8B,bw3200_core_o_pythia,0.72045,0,0,1
823.llvm_s-passbuilderpipelines_0003-2B,bw3200_core_o_pythia,0.91643,0,0,1
823.llvm_s-selectiondagbuilder_0007-4B,bw3200_core_o_pythia,0.70919,0,0,1
823.llvm_s-standardinstrumentations_0014-2B,bw3200_core_o_pythia,0.99185,0,0,1
829.abc_s-bitcoin-289B,bw3200_core_o_pythia,1.54461,0,0,1
829.abc_s-bitcoin-359B,bw3200_core_o_pythia,0.3526,0,0,1
829.abc_s-bitcoin-645B,bw3200_core_o_pythia,1.20778,0,0,1
829.abc_s-bitcoin-750B,bw3200_core_o_pythia,0.85675,0,0,1
829.abc_s-ethernet_fraig-12B,bw3200_core_o_pythia,1.32867,0,0,1
829.abc_s-ethernet_fraig-186B,bw3200_core_o_pythia,0.95403,0,0,1
834.vpr_s-sparct1_place-411B,bw3200_core_o_pythia,0.55963,0,0,1
834.vpr_s-wb_conmax_place-461B,bw3200_core_o_pythia,1.33191,0,0,1
834.vpr_s-wb_conmax_route-461B,bw3200_core_o_pythia,1.33235,0,0,1
846.minizinc_s-yumi_dynamic-118B,bw3200_core_o_pythia,0.53322,0,0,1
846.minizinc_s-yumi_dynamic-119B,bw3200_core_o_pythia,0.52671,0,0,1
846.minizinc_s-yumi_dynamic-256B,bw3200_core_o_pythia,0.36068,0,0,1
846.minizinc_s-yumi_dynamic-40B,bw3200_core_o_pythia,0.56371,0,0,1
849.fotonik3d_s-default-11846B,bw3200_core_o_pythia,0.97262,0,0,1
849.fotonik3d_s-default-1927B,bw3200_core_o_pythia,0.59018,0,0,1
849.fotonik3d_s-default-2571B,bw3200_core_o_pythia,0.97967,0,0,1
849.fotonik3d_s-default-7623B,bw3200_core_o_pythia,0.5896,0,0,1
853.ns3_s-tcp_validation-187B,bw3200_core_o_pythia,0.12664,0,0,1
854.graph500_s-bfs-1217B,bw3200_core_o_pythia,0.08471,0,0,1
854.graph500_s-bfs-3313B,bw3200_core_o_pythia,0.49237,0,0,1
865.roms_s-benchmark3-2365B,bw3200_core_o_pythia,0.32587,0,0,1
865.roms_s-benchmark3-2540B,bw3200_core_o_pythia,0.23234,0,0,1
865.roms_s-benchmark3-3753B,bw3200_core_o_pythia,1.2835,0,0,1
865.roms_s-benchmark3-7363B,bw3200_core_o_pythia,0.39523,0,0,1
867.nest_s-microcircuit-2574B,bw3200_core_o_pythia,0.1723,0,0,1
867.nest_s-microcircuit-9846B,bw3200_core_o_pythia,0.29497,0,0,1
881.neutron_s-rsbench_history-421B,bw3200_core_o_pythia,1.03259,0,0,1
881.neutron_s-xsbench_event_unionized-1137B,bw3200_core_o_pythia,2.06955,0,0,1
708.sqlite_r-cte_size2000-233B,bw3200_core_p,1.08523,0,0,1
708.sqlite_r-fp_size1000-424B,bw3200_core_p,0.50525,0,0,1
708.sqlite_r-main_size2000-136B,bw3200_core_p,0.8696,0,0,1
708.sqlite_r-main_size2000-499B,bw3200_core_p,1.12332,0,0,1
708.sqlite_r-main_size2000-556B,bw3200_core_p,1.12883,0,0,1
709.cactus_r-shifted_gauge_wave-19B,bw3200_core_p,0.91267,0,0,1
709.cactus_r-shifted_gauge_wave-26B,bw3200_core_p,0.83014,0,0,1
709.cactus_r-shifted_gauge_wave-27B,bw3200_core_p,0.32654,0,0,1
709.cactus_r-shifted_gauge_wave-824B,bw3200_core_p,0.91228,0,0,1
709.cactus_r-shifted_gauge_wave-8B,bw3200_core_p,0.73098,0,0,1
721.gcc_r-gcc_pp_O2_fpic-309B,bw3200_core_p,0.57566,0,0,1
721.gcc_r-ref32_O3_inline12000-113B,bw3200_core_p,0.34116,0,0,1
721.gcc_r-ref32_O3_inline12000-390B,bw3200_core_p,0.35747,0,0,1
721.gcc_r-ref32_O3_inline12000-41B,bw3200_core_p,0.59964,0,0,1
722.palm_r-atmos-1670B,bw3200_core_p,1.38972,0,0,1
722.palm_r-atmos-334B,bw3200_core_p,1.15747,0,0,1
723.llvm_r-codegen-388B,bw3200_core_p,0.61888,0,0,1
727.cppcheck_r-738_diamond-320B,bw3200_core_p,1.55877,0,0,1
727.cppcheck_r-738_diamond-4B,bw3200_core_p,1.46299,0,0,1
727.cppcheck_r-738_diamond-63B,bw3200_core_p,1.5529,0,0,1
727.cppcheck_r-747_dealii-218B,bw3200_core_p,0.87117,0,0,1
727.cppcheck_r-747_dealii-21B,bw3200_core_p,0.90034,0,0,1
727.cppcheck_r-747_dealii-3B,bw3200_core_p,0.68945,0,0,1
727.cppcheck_r-770_7z-38B,bw3200_core_p,1.27019,0,0,1
727.cppcheck_r-770_7z-404B,bw3200_core_p,0.80052,0,0,1
727.cppcheck_r-770_7z-57B,bw3200_core_p,1.29561,0,0,1
729.abc_r-des_system90-103B,bw3200_core_p,0.66569,0,0,1
729.abc_r-des_system90-32B,bw3200_core_p,0.76113,0,0,1
729.abc_r-des_system90-75B,bw3200_core_p,0.72291,0,0,1
729.abc_r-des_system90-77B,bw3200_core_p,1.02455,0,0,1
729.abc_r-des_system90-88B,bw3200_core_p,1.19706,0,0,1
729.abc_r-mcml-19B,bw3200_core_p,0.55138,0,0,1
734.vpr_r-jpeg_place-76B,bw3200_core_p,0.68263,0,0,1
734.vpr_r-jpeg_route-49B,bw3200_core_p,1.04439,0,0,1
734.vpr_r-smithwaterman_place-213B,bw3200_core_p,0.61891,0,0,1
736.ocio_r-heavy_transform-65B,bw3200_core_p,1.26717,0,0,1
736.ocio_r-lut1d_halfdom-43B,bw3200_core_p,1.46099,0,0,1
736.ocio_r-lut1d_halfdom-6B,bw3200_core_p,1.16366,0,0,1
736.ocio_r-mntr_srgb_8k-35B,bw3200_core_p,1.15912,0,0,1
737.gmsh_r-choi-225B,bw3200_core_p,0.93136,0,0,1
737.gmsh_r-gasdis-121B,bw3200_core_p,1.1456,0,0,1
737.gmsh_r-gasdis-149B,bw3200_core_p,0.79386,0,0,1
737.gmsh_r-mediterranean-149B,bw3200_core_p,2.17751,0,0,1
737.gmsh_r-mediterranean-160B,bw3200_core_p,2.22699,0,0,1
737.gmsh_r-p19-70B,bw3200_core_p,0.89627,0,0,1
737.gmsh_r-projection-6B,bw3200_core_p,0.50718,0,0,1
737.gmsh_r-spec_hxt-26B,bw3200_core_p,0.49584,0,0,1
737.gmsh_r-spec_hxt-62B,bw3200_core_p,1.5059,0,0,1
737.gmsh_r-torus-33B,bw3200_core_p,0.38319,0,0,1
737.gmsh_r-torus-74B,bw3200_core_p,0.83966,0,0,1
749.fotonik3d_r-default-128B,bw3200_core_p,0.40307,0,0,1
749.fotonik3d_r-default-130B,bw3200_core_p,0.35632,0,0,1
749.fotonik3d_r-default-45B,bw3200_core_p,0.33021,0,0,1
749.fotonik3d_r-default-599B,bw3200_core_p,0.31232,0,0,1
749.fotonik3d_r-default-651B,bw3200_core_p,0.35414,0,0,1
765.roms_r-benchmark2-871B,bw3200_core_p,0.63325,0,0,1
765.roms_r-benchmark2-900B,bw3200_core_p,0.63263,0,0,1
765.roms_r-benchmark2-985B,bw3200_core_p,0.3635,0,0,1
800.pot3d_s-pot3d_n1-1067B,bw3200_core_p,0.2629,0,0,1
800.pot3d_s-pot3d_n1-1519B,bw3200_core_p,0.25857,0,0,1
800.pot3d_s-pot3d_n1-2026B,bw3200_core_p,0.28389,0,0,1
800.pot3d_s-pot3d_n1-2544B,bw3200_core_p,0.29755,0,0,1
809.cactus_s-shifted_gauge_wave-1690B,bw3200_core_p,0.73292,0,0,1
809.cactus_s-shifted_gauge_wave-202B,bw3200_core_p,0.88788,0,0,1
809.cactus_s-shifted_gauge_wave-6972B,bw3200_core_p,0.73238,0,0,1
811.tealeaf_s-default-15369B,bw3200_core_p,0.93263,0,0,1
811.tealeaf_s-default-16461B,bw3200_core_p,1.03742,0,0,1
811.tealeaf_s-default-33315B,bw3200_core_p,1.02845,0,0,1
811.tealeaf_s-default-34631B,bw3200_core_p,0.91221,0,0,1
811.tealeaf_s-default-35333B,bw3200_core_p,0.86917,0,0,1
820.cloverleaf_s-default-11714B,bw3200_core_p,0.71631,0,0,1
820.cloverleaf_s-default-11785B,bw3200_core_p,1.44909,0,0,1
820.cloverleaf_s-default-12184B,bw3200_core_p,1.47698,0,0,1
820.cloverleaf_s-default-2345B,bw3200_core_p,0.65497,0,0,1
821.gcc_s-lz4_0002-39B,bw3200_core_p,0.78558,0,0,1
821.gcc_s-lz4hc_0007-10B,bw3200_core_p,0.75152,0,0,1
821.gcc_s-lz4hc_0009-12B,bw3200_core_p,0.82923,0,0,1
821.gcc_s-lz4hc_0009-6B,bw3200_core_p,0.61781,0,0,1
821.gcc_s-lz4hc_0010-14B,bw3200_core_p,0.61455,0,0,1
821.gcc_s-lz4hc_0010-23B,bw3200_core_p,0.75036,0,0,1
821.gcc_s-lz4hc_0018-20B,bw3200_core_p,0.88057,0,0,1
821.gcc_s-lz4hc_0018-31B,bw3200_core_p,0.86627,0,0,1
821.gcc_s-unicodeobject_0006-1B,bw3200_core_p,1.02875,0,0,1
821.gcc_s-unicodeobject_0015-26B,bw3200_core_p,0.74726,0,0,1
822.palm_s-atmos-2602B,bw3200_core_p,1.56705,0,0,1
822.palm_s-atmos-35579B,bw3200_core_p,1.57516,0,0,1
822.palm_s-atmos-4359B,bw3200_core_p,1.59236,0,0,1
822.palm_s-atmos-6227B,bw3200_core_p,1.57139,0,0,1
823.llvm_s-insn_recog_0005-10B,bw3200_core_p,0.89236,0,0,1
823.llvm_s-insn_recog_0005-14B,bw3200_core_p,0.57684,0,0,1
823.llvm_s-insn_recog_0005-15B,bw3200_core_p,1.24059,0,0,1
823.llvm_s-insn_recog_0005-26B,bw3200_core_p,1.21969,0,0,1
823.llvm_s-inst_constrs_3_0017-27B,bw3200_core_p,1.17346,0,0,1
823.llvm_s-inst_constrs_3_0017-35B,bw3200_core_p,1.32306,0,0,1
823.llvm_s-matrix_free_0013-7B,bw3200_core_p,0.65078,0,0,1
823.llvm_s-matrix_free_0019-11B,bw3200_core_p,0.86648,0,0,1
823.llvm_s-matrix_free_0019-7B,bw3200_core_p,0.66444,0,0,1
823.llvm_s-modelsmodule_0004-24B,bw3200_core_p,1.07504,0,0,1
823.llvm_s-modelsmodule_0010-23B,bw3200_core_p,1.28771,0,0,1
823.llvm_s-particle_handler_0015-13B,bw3200_core_p,1.15407,0,0,1
823.llvm_s-particle_handler_0015-5B,bw3200_core_p,0.94196,0,0,1
823.llvm_s-particle_handler_0018-13B,bw3200_core_p,1.14669,0,0,1
823.llvm_s-particle_handler_0018-5B,bw3200_core_p,0.94386,0,0,1
823.llvm_s-particle_handler_0018-8B,bw3200_core_p,0.6575,0,0,1
823.llvm_s-passbuilderpipelines_0003-2B,bw3200_core_p,0.8504,0,0,1
823.llvm_s-selectiondagbuilder_0007-4B,bw3200_core_p,0.69054,0,0,1
823.llvm_s-standardinstrumentations_0014-2B,bw3200_core_p,0.91337,0,0,1
829.abc_s-bitcoin-289B,bw3200_core_p,1.70611,0,0,1
829.abc_s-bitcoin-359B,bw3200_core_p,0.23211,0,0,1
829.abc_s-bitcoin-645B,bw3200_core_p,1.16658,0,0,1
829.abc_s-bitcoin-750B,bw3200_core_p,0.82422,0,0,1
829.abc_s-ethernet_fraig-12B,bw3200_core_p,1.18752,0,0,1
829.abc_s-ethernet_fraig-186B,bw3200_core_p,0.90533,0,0,1
834.vpr_s-sparct1_place-411B,bw3200_core_p,0.52661,0,0,1
834.vpr_s-wb_conmax_place-461B,bw3200_core_p,1.08012,0,0,1
834.vpr_s-wb_conmax_route-461B,bw3200_core_p,1.08095,0,0,1
846.minizinc_s-yumi_dynamic-118B,bw3200_core_p,0.47732,0,0,1
846.minizinc_s-yumi_dynamic-119B,bw3200_core_p,0.48059,0,0,1
846.minizinc_s-yumi_dynamic-256B,bw3200_core_p,0.33095,0,0,1
846.minizinc_s-yumi_dynamic-40B,bw3200_core_p,0.59049,0,0,1
849.fotonik3d_s-default-11846B,bw3200_core_p,0.69934,0,0,1
849.fotonik3d_s-default-1927B,bw3200_core_p,0.58475,0,0,1
849.fotonik3d_s-default-2571B,bw3200_core_p,0.59327,0,0,1
849.fotonik3d_s-default-7623B,bw3200_core_p,0.58425,0,0,1
853.ns3_s-tcp_validation-187B,bw3200_core_p,0.13491,0,0,1
854.graph500_s-bfs-1217B,bw3200_core_p,0.08463,0,0,1
854.graph500_s-bfs-3313B,bw3200_core_p,0.56655,0,0,1
865.roms_s-benchmark3-2365B,bw3200_core_p,0.32324,0,0,1
865.roms_s-benchmark3-2540B,bw3200_core_p,0.26063,0,0,1
865.roms_s-benchmark3-3753B,bw3200_core_p,1.12474,0,0,1
865.roms_s-benchmark3-7363B,bw3200_core_p,0.48451,0,0,1
867.nest_s-microcircuit-2574B,bw3200_core_p,0.15489,0,0,1
867.nest_s-microcircuit-9846B,bw3200_core_p,0.25405,0,0,1
881.neutron_s-rsbench_history-421B,bw3200_core_p,1.01837,0,0,1
881.neutron_s-xsbench_event_unionized-1137B,bw3200_core_p,1.95337,0,0,1
708.sqlite_r-cte_size2000-233B,bw3200_core_p_pythia,1.88017,0,0,1
708.sqlite_r-fp_size1000-424B,bw3200_core_p_pythia,0.5826,0,0,1
708.sqlite_r-main_size2000-136B,bw3200_core_p_pythia,0.89482,0,0,1
708.sqlite_r-main_size2000-499B,bw3200_core_p_pythia,1.14054,0,0,1
708.sqlite_r-main_size2000-556B,bw3200_core_p_pythia,1.14578,0,0,1
709.cactus_r-shifted_gauge_wave-19B,bw3200_core_p_pythia,0.92073,0,0,1
709.cactus_r-shifted_gauge_wave-26B,bw3200_core_p_pythia,0.88669,0,0,1
709.cactus_r-shifted_gauge_wave-27B,bw3200_core_p_pythia,0.33862,0,0,1
709.cactus_r-shifted_gauge_wave-824B,bw3200_core_p_pythia,0.92084,0,0,1
709.cactus_r-shifted_gauge_wave-8B,bw3200_core_p_pythia,0.87328,0,0,1
721.gcc_r-gcc_pp_O2_fpic-309B,bw3200_core_p_pythia,0.6683,0,0,1
721.gcc_r-ref32_O3_inline12000-113B,bw3200_core_p_pythia,0.40283,0,0,1
721.gcc_r-ref32_O3_inline12000-390B,bw3200_core_p_pythia,0.4521,0,0,1
721.gcc_r-ref32_O3_inline12000-41B,bw3200_core_p_pythia,0.72676,0,0,1
722.palm_r-atmos-1670B,bw3200_core_p_pythia,1.58498,0,0,1
722.palm_r-atmos-334B,bw3200_core_p_pythia,1.29357,0,0,1
723.llvm_r-codegen-388B,bw3200_core_p_pythia,0.62211,0,0,1
727.cppcheck_r-738_diamond-320B,bw3200_core_p_pythia,1.57519,0,0,1
727.cppcheck_r-738_diamond-4B,bw3200_core_p_pythia,1.5704,0,0,1
727.cppcheck_r-738_diamond-63B,bw3200_core_p_pythia,1.54976,0,0,1
727.cppcheck_r-747_dealii-218B,bw3200_core_p_pythia,0.93646,0,0,1
727.cppcheck_r-747_dealii-21B,bw3200_core_p_pythia,1.10331,0,0,1
727.cppcheck_r-747_dealii-3B,bw3200_core_p_pythia,0.79035,0,0,1
727.cppcheck_r-770_7z-38B,bw3200_core_p_pythia,1.26381,0,0,1
727.cppcheck_r-770_7z-404B,bw3200_core_p_pythia,0.93763,0,0,1
727.cppcheck_r-770_7z-57B,bw3200_core_p_pythia,1.40207,0,0,1
729.abc_r-des_system90-103B,bw3200_core_p_pythia,0.6952,0,0,1
729.abc_r-des_system90-32B,bw3200_core_p_pythia,0.81055,0,0,1
729.abc_r-des_system90-75B,bw3200_core_p_pythia,0.90008,0,0,1
729.abc_r-des_system90-77B,bw3200_core_p_pythia,1.65501,0,0,1
729.abc_r-des_system90-88B,bw3200_core_p_pythia,1.77454,0,0,1
729.abc_r-mcml-19B,bw3200_core_p_pythia,0.61451,0,0,1
734.vpr_r-jpeg_place-76B,bw3200_core_p_pythia,0.8058,0,0,1
734.vpr_r-jpeg_route-49B,bw3200_core_p_pythia,1.12976,0,0,1
734.vpr_r-smithwaterman_place-213B,bw3200_core_p_pythia,0.65712,0,0,1
736.ocio_r-heavy_transform-65B,bw3200_core_p_pythia,1.23974,0,0,1
736.ocio_r-lut1d_halfdom-43B,bw3200_core_p_pythia,1.58194,0,0,1
736.ocio_r-lut1d_halfdom-6B,bw3200_core_p_pythia,1.24403,0,0,1
736.ocio_r-mntr_srgb_8k-35B,bw3200_core_p_pythia,1.10568,0,0,1
737.gmsh_r-choi-225B,bw3200_core_p_pythia,1.06017,0,0,1
737.gmsh_r-gasdis-121B,bw3200_core_p_pythia,1.25322,0,0,1
737.gmsh_r-gasdis-149B,bw3200_core_p_pythia,0.80479,0,0,1
737.gmsh_r-mediterranean-149B,bw3200_core_p_pythia,2.19908,0,0,1
737.gmsh_r-mediterranean-160B,bw3200_core_p_pythia,2.25003,0,0,1
737.gmsh_r-p19-70B,bw3200_core_p_pythia,0.91625,0,0,1
737.gmsh_r-projection-6B,bw3200_core_p_pythia,0.47289,0,0,1
737.gmsh_r-spec_hxt-26B,bw3200_core_p_pythia,0.52524,0,0,1
737.gmsh_r-spec_hxt-62B,bw3200_core_p_pythia,1.52436,0,0,1
737.gmsh_r-torus-33B,bw3200_core_p_pythia,0.38391,0,0,1
737.gmsh_r-torus-74B,bw3200_core_p_pythia,0.85501,0,0,1
749.fotonik3d_r-default-128B,bw3200_core_p_pythia,0.41333,0,0,1
749.fotonik3d_r-default-130B,bw3200_core_p_pythia,0.38824,0,0,1
749.fotonik3d_r-default-45B,bw3200_core_p_pythia,0.3559,0,0,1
749.fotonik3d_r-default-599B,bw3200_core_p_pythia,0.34086,0,0,1
749.fotonik3d_r-default-651B,bw3200_core_p_pythia,0.38565,0,0,1
765.roms_r-benchmark2-871B,bw3200_core_p_pythia,0.70159,0,0,1
765.roms_r-benchmark2-900B,bw3200_core_p_pythia,0.69781,0,0,1
765.roms_r-benchmark2-985B,bw3200_core_p_pythia,0.33038,0,0,1
800.pot3d_s-pot3d_n1-1067B,bw3200_core_p_pythia,0.26105,0,0,1
800.pot3d_s-pot3d_n1-1519B,bw3200_core_p_pythia,0.25943,0,0,1
800.pot3d_s-pot3d_n1-2026B,bw3200_core_p_pythia,0.28189,0,0,1
800.pot3d_s-pot3d_n1-2544B,bw3200_core_p_pythia,0.29076,0,0,1
809.cactus_s-shifted_gauge_wave-1690B,bw3200_core_p_pythia,0.73343,0,0,1
809.cactus_s-shifted_gauge_wave-202B,bw3200_core_p_pythia,0.91126,0,0,1
809.cactus_s-shifted_gauge_wave-6972B,bw3200_core_p_pythia,0.73296,0,0,1
811.tealeaf_s-default-15369B,bw3200_core_p_pythia,1.52804,0,0,1
811.tealeaf_s-default-16461B,bw3200_core_p_pythia,1.57842,0,0,1
811.tealeaf_s-default-33315B,bw3200_core_p_pythia,1.53519,0,0,1
811.tealeaf_s-default-34631B,bw3200_core_p_pythia,1.47563,0,0,1
811.tealeaf_s-default-35333B,bw3200_core_p_pythia,1.29695,0,0,1
820.cloverleaf_s-default-11714B,bw3200_core_p_pythia,1.28159,0,0,1
820.cloverleaf_s-default-11785B,bw3200_core_p_pythia,2.08105,0,0,1
820.cloverleaf_s-default-12184B,bw3200_core_p_pythia,2.00804,0,0,1
820.cloverleaf_s-default-2345B,bw3200_core_p_pythia,0.9076,0,0,1
821.gcc_s-lz4_0002-39B,bw3200_core_p_pythia,0.82262,0,0,1
821.gcc_s-lz4hc_0007-10B,bw3200_core_p_pythia,0.8372,0,0,1
821.gcc_s-lz4hc_0009-12B,bw3200_core_p_pythia,0.86004,0,0,1
821.gcc_s-lz4hc_0009-6B,bw3200_core_p_pythia,0.66682,0,0,1
821.gcc_s-lz4hc_0010-14B,bw3200_core_p_pythia,0.68085,0,0,1
821.gcc_s-lz4hc_0010-23B,bw3200_core_p_pythia,0.80089,0,0,1
821.gcc_s-lz4hc_0018-20B,bw3200_core_p_pythia,0.95824,0,0,1
821.gcc_s-lz4hc_0018-31B,bw3200_core_p_pythia,0.94906,0,0,1
821.gcc_s-unicodeobject_0006-1B,bw3200_core_p_pythia,1.10819,0,0,1
821.gcc_s-unicodeobject_0015-26B,bw3200_core_p_pythia,0.79215,0,0,1
822.palm_s-atmos-2602B,bw3200_core_p_pythia,1.77146,0,0,1
822.palm_s-atmos-35579B,bw3200_core_p_pythia,1.7779,0,0,1
822.palm_s-atmos-4359B,bw3200_core_p_pythia,1.79667,0,0,1
822.palm_s-atmos-6227B,bw3200_core_p_pythia,1.77258,0,0,1
823.llvm_s-insn_recog_0005-10B,bw3200_core_p_pythia,0.98172,0,0,1
823.llvm_s-insn_recog_0005-14B,bw3200_core_p_pythia,0.68922,0,0,1
823.llvm_s-insn_recog_0005-15B,bw3200_core_p_pythia,1.3046,0,0,1
823.llvm_s-insn_recog_0005-26B,bw3200_core_p_pythia,1.26776,0,0,1
823.llvm_s-inst_constrs_3_0017-27B,bw3200_core_p_pythia,1.18688,0,0,1
823.llvm_s-inst_constrs_3_0017-35B,bw3200_core_p_pythia,1.39746,0,0,1
823.llvm_s-matrix_free_0013-7B,bw3200_core_p_pythia,0.71483,0,0,1
823.llvm_s-matrix_free_0019-11B,bw3200_core_p_pythia,0.89758,0,0,1
823.llvm_s-matrix_free_0019-7B,bw3200_core_p_pythia,0.72778,0,0,1
823.llvm_s-modelsmodule_0004-24B,bw3200_core_p_pythia,1.14658,0,0,1
823.llvm_s-modelsmodule_0010-23B,bw3200_core_p_pythia,1.35461,0,0,1
823.llvm_s-particle_handler_0015-13B,bw3200_core_p_pythia,1.1957,0,0,1
823.llvm_s-particle_handler_0015-5B,bw3200_core_p_pythia,0.97155,0,0,1
823.llvm_s-particle_handler_0018-13B,bw3200_core_p_pythia,1.18114,0,0,1
823.llvm_s-particle_handler_0018-5B,bw3200_core_p_pythia,0.97475,0,0,1
823.llvm_s-particle_handler_0018-8B,bw3200_core_p_pythia,0.70556,0,0,1
823.llvm_s-passbuilderpipelines_0003-2B,bw3200_core_p_pythia,0.90652,0,0,1
823.llvm_s-selectiondagbuilder_0007-4B,bw3200_core_p_pythia,0.70243,0,0,1
823.llvm_s-standardinstrumentations_0014-2B,bw3200_core_p_pythia,0.984,0,0,1
829.abc_s-bitcoin-289B,bw3200_core_p_pythia,1.55177,0,0,1
829.abc_s-bitcoin-359B,bw3200_core_p_pythia,0.35212,0,0,1
829.abc_s-bitcoin-645B,bw3200_core_p_pythia,1.20121,0,0,1
829.abc_s-bitcoin-750B,bw3200_core_p_pythia,0.85403,0,0,1
829.abc_s-ethernet_fraig-12B,bw3200_core_p_pythia,1.32984,0,0,1
829.abc_s-ethernet_fraig-186B,bw3200_core_p_pythia,0.95062,0,0,1
834.vpr_s-sparct1_place-411B,bw3200_core_p_pythia,0.55594,0,0,1
834.vpr_s-wb_conmax_place-461B,bw3200_core_p_pythia,1.33088,0,0,1
834.vpr_s-wb_conmax_route-461B,bw3200_core_p_pythia,1.33134,0,0,1
846.minizinc_s-yumi_dynamic-118B,bw3200_core_p_pythia,0.52902,0,0,1
846.minizinc_s-yumi_dynamic-119B,bw3200_core_p_pythia,0.5247,0,0,1
846.minizinc_s-yumi_dynamic-256B,bw3200_core_p_pythia,0.3592,0,0,1
846.minizinc_s-yumi_dynamic-40B,bw3200_core_p_pythia,0.56006,0,0,1
849.fotonik3d_s-default-11846B,bw3200_core_p_pythia,0.97223,0,0,1
849.fotonik3d_s-default-1927B,bw3200_core_p_pythia,0.58997,0,0,1
849.fotonik3d_s-default-2571B,bw3200_core_p_pythia,0.97935,0,0,1
849.fotonik3d_s-default-7623B,bw3200_core_p_pythia,0.58946,0,0,1
853.ns3_s-tcp_validation-187B,bw3200_core_p_pythia,0.12643,0,0,1
854.graph500_s-bfs-1217B,bw3200_core_p_pythia,0.08473,0,0,1
854.graph500_s-bfs-3313B,bw3200_core_p_pythia,0.49179,0,0,1
865.roms_s-benchmark3-2365B,bw3200_core_p_pythia,0.32586,0,0,1
865.roms_s-benchmark3-2540B,bw3200_core_p_pythia,0.23239,0,0,1
865.roms_s-benchmark3-3753B,bw3200_core_p_pythia,1.28351,0,0,1
865.roms_s-benchmark3-7363B,bw3200_core_p_pythia,0.39504,0,0,1
867.nest_s-microcircuit-2574B,bw3200_core_p_pythia,0.16714,0,0,1
867.nest_s-microcircuit-9846B,bw3200_core_p_pythia,0.2882,0,0,1
881.neutron_s-rsbench_history-421B,bw3200_core_p_pythia,1.01295,0,0,1
881.neutron_s-xsbench_event_unionized-1137B,bw3200_core_p_pythia,2.06891,0,0,1
