TraceName,ExpName,ipc,precision,recall,Filter
708.sqlite_r-cte_size2000-233B,bw200_nopf,0.77566,0,0,1
708.sqlite_r-cte_size2000-233B,bw200_pythia,0.92886,0,0,1
708.sqlite_r-cte_size2000-233B,bw200_normal,0.78561,100.0,100.0,1
708.sqlite_r-cte_size2000-233B,bw200_normal_pythia,0.92867,98.13,33.66,1
708.sqlite_r-cte_size2000-233B,bw200_xpt,0.7804,100.0,49.96,1
708.sqlite_r-cte_size2000-233B,bw200_xpt_pythia,0.92886,NaN,0.0,1
708.sqlite_r-cte_size2000-233B,bw400_nopf,0.94923,0,0,1
708.sqlite_r-cte_size2000-233B,bw400_pythia,1.71,0,0,1
708.sqlite_r-cte_size2000-233B,bw400_normal,1.05694,100.0,100.0,1
708.sqlite_r-cte_size2000-233B,bw400_normal_pythia,1.71163,99.98,65.27,1
708.sqlite_r-cte_size2000-233B,bw400_xpt,1.00083,100.0,49.96,1
708.sqlite_r-cte_size2000-233B,bw400_xpt_pythia,1.71,NaN,0.0,1
708.sqlite_r-cte_size2000-233B,bw800_nopf,0.95889,0,0,1
708.sqlite_r-cte_size2000-233B,bw800_pythia,1.8711,0,0,1
708.sqlite_r-cte_size2000-233B,bw800_normal,1.08653,100.0,100.0,1
708.sqlite_r-cte_size2000-233B,bw800_normal_pythia,1.8761,99.98,98.71,1
708.sqlite_r-cte_size2000-233B,bw800_xpt,1.01799,100.0,49.96,1
708.sqlite_r-cte_size2000-233B,bw800_xpt_pythia,1.8711,NaN,0.0,1
708.sqlite_r-cte_size2000-233B,bw1600_nopf,0.95906,0,0,1
708.sqlite_r-cte_size2000-233B,bw1600_pythia,1.873,0,0,1
708.sqlite_r-cte_size2000-233B,bw1600_normal,1.0868,100.0,100.0,1
708.sqlite_r-cte_size2000-233B,bw1600_normal_pythia,1.87952,99.98,98.72,1
708.sqlite_r-cte_size2000-233B,bw1600_xpt,1.01777,100.0,49.96,1
708.sqlite_r-cte_size2000-233B,bw1600_xpt_pythia,1.873,NaN,0.0,1
708.sqlite_r-cte_size2000-233B,bw3200_nopf,0.95908,0,0,1
708.sqlite_r-cte_size2000-233B,bw3200_pythia,1.8735,0,0,1
708.sqlite_r-cte_size2000-233B,bw3200_normal,1.08686,100.0,100.0,1
708.sqlite_r-cte_size2000-233B,bw3200_normal_pythia,1.88024,99.98,98.72,1
708.sqlite_r-cte_size2000-233B,bw3200_xpt,1.01779,100.0,49.96,1
708.sqlite_r-cte_size2000-233B,bw3200_xpt_pythia,1.8735,NaN,0.0,1
708.sqlite_r-cte_size2000-233B,bw6400_nopf,0.95908,0,0,1
708.sqlite_r-cte_size2000-233B,bw6400_pythia,1.87368,0,0,1
708.sqlite_r-cte_size2000-233B,bw6400_normal,1.08688,100.0,100.0,1
708.sqlite_r-cte_size2000-233B,bw6400_normal_pythia,1.8805,99.98,98.72,1
708.sqlite_r-cte_size2000-233B,bw6400_xpt,1.01793,100.0,49.96,1
708.sqlite_r-cte_size2000-233B,bw6400_xpt_pythia,1.87368,NaN,0.0,1
708.sqlite_r-fp_size1000-424B,bw200_nopf,0.4163,0,0,1
708.sqlite_r-fp_size1000-424B,bw200_pythia,0.40277,0,0,1
708.sqlite_r-fp_size1000-424B,bw200_normal,0.44941,99.65,100.0,1
708.sqlite_r-fp_size1000-424B,bw200_normal_pythia,0.41558,99.15,99.96,1
708.sqlite_r-fp_size1000-424B,bw200_xpt,0.4163,NaN,0.0,1
708.sqlite_r-fp_size1000-424B,bw200_xpt_pythia,0.40277,NaN,0.0,1
708.sqlite_r-fp_size1000-424B,bw400_nopf,0.4453,0,0,1
708.sqlite_r-fp_size1000-424B,bw400_pythia,0.51953,0,0,1
708.sqlite_r-fp_size1000-424B,bw400_normal,0.49411,99.65,100.0,1
708.sqlite_r-fp_size1000-424B,bw400_normal_pythia,0.56326,99.18,99.57,1
708.sqlite_r-fp_size1000-424B,bw400_xpt,0.4453,NaN,0.0,1
708.sqlite_r-fp_size1000-424B,bw400_xpt_pythia,0.51953,NaN,0.0,1
708.sqlite_r-fp_size1000-424B,bw800_nopf,0.45118,0,0,1
708.sqlite_r-fp_size1000-424B,bw800_pythia,0.53107,0,0,1
708.sqlite_r-fp_size1000-424B,bw800_normal,0.50142,99.65,100.0,1
708.sqlite_r-fp_size1000-424B,bw800_normal_pythia,0.57735,99.56,97.7,1
708.sqlite_r-fp_size1000-424B,bw800_xpt,0.45118,NaN,0.0,1
708.sqlite_r-fp_size1000-424B,bw800_xpt_pythia,0.53107,NaN,0.0,1
708.sqlite_r-fp_size1000-424B,bw1600_nopf,0.454,0,0,1
708.sqlite_r-fp_size1000-424B,bw1600_pythia,0.53534,0,0,1
708.sqlite_r-fp_size1000-424B,bw1600_normal,0.50495,99.65,100.0,1
708.sqlite_r-fp_size1000-424B,bw1600_normal_pythia,0.58182,99.54,97.7,1
708.sqlite_r-fp_size1000-424B,bw1600_xpt,0.454,NaN,0.0,1
708.sqlite_r-fp_size1000-424B,bw1600_xpt_pythia,0.53534,NaN,0.0,1
708.sqlite_r-fp_size1000-424B,bw3200_nopf,0.45542,0,0,1
708.sqlite_r-fp_size1000-424B,bw3200_pythia,0.53765,0,0,1
708.sqlite_r-fp_size1000-424B,bw3200_normal,0.50672,99.65,100.0,1
708.sqlite_r-fp_size1000-424B,bw3200_normal_pythia,0.58416,99.54,97.7,1
708.sqlite_r-fp_size1000-424B,bw3200_xpt,0.45542,NaN,0.0,1
708.sqlite_r-fp_size1000-424B,bw3200_xpt_pythia,0.53765,NaN,0.0,1
708.sqlite_r-fp_size1000-424B,bw6400_nopf,0.45611,0,0,1
708.sqlite_r-fp_size1000-424B,bw6400_pythia,0.53866,0,0,1
708.sqlite_r-fp_size1000-424B,bw6400_normal,0.50759,99.65,100.0,1
708.sqlite_r-fp_size1000-424B,bw6400_normal_pythia,0.58535,99.53,97.71,1
708.sqlite_r-fp_size1000-424B,bw6400_xpt,0.45611,NaN,0.0,1
708.sqlite_r-fp_size1000-424B,bw6400_xpt_pythia,0.53866,NaN,0.0,1
708.sqlite_r-main_size2000-136B,bw200_nopf,0.59372,0,0,1
708.sqlite_r-main_size2000-136B,bw200_pythia,0.5581,0,0,1
708.sqlite_r-main_size2000-136B,bw200_normal,0.58972,93.58,95.81,1
708.sqlite_r-main_size2000-136B,bw200_normal_pythia,0.55001,91.82,94.64,1
708.sqlite_r-main_size2000-136B,bw200_xpt,0.59769,97.38,7.83,1
708.sqlite_r-main_size2000-136B,bw200_xpt_pythia,0.56305,66.94,0.07,1
708.sqlite_r-main_size2000-136B,bw400_nopf,0.75184,0,0,1
708.sqlite_r-main_size2000-136B,bw400_pythia,0.76305,0,0,1
708.sqlite_r-main_size2000-136B,bw400_normal,0.76353,93.58,95.81,1
708.sqlite_r-main_size2000-136B,bw400_normal_pythia,0.76785,91.85,94.71,1
708.sqlite_r-main_size2000-136B,bw400_xpt,0.75758,97.38,7.83,1
708.sqlite_r-main_size2000-136B,bw400_xpt_pythia,0.76719,66.05,0.07,1
708.sqlite_r-main_size2000-136B,bw800_nopf,0.81379,0,0,1
708.sqlite_r-main_size2000-136B,bw800_pythia,0.84983,0,0,1
708.sqlite_r-main_size2000-136B,bw800_normal,0.84044,93.6,95.82,1
708.sqlite_r-main_size2000-136B,bw800_normal_pythia,0.86376,91.89,94.67,1
708.sqlite_r-main_size2000-136B,bw800_xpt,0.8202,97.38,7.83,1
708.sqlite_r-main_size2000-136B,bw800_xpt_pythia,0.85348,61.96,0.08,1
708.sqlite_r-main_size2000-136B,bw1600_nopf,0.82989,0,0,1
708.sqlite_r-main_size2000-136B,bw1600_pythia,0.87162,0,0,1
708.sqlite_r-main_size2000-136B,bw1600_normal,0.86265,93.6,95.82,1
708.sqlite_r-main_size2000-136B,bw1600_normal_pythia,0.88828,91.99,92.21,1
708.sqlite_r-main_size2000-136B,bw1600_xpt,0.83612,97.38,7.83,1
708.sqlite_r-main_size2000-136B,bw1600_xpt_pythia,0.87222,61.79,0.07,1
708.sqlite_r-main_size2000-136B,bw3200_nopf,0.83253,0,0,1
708.sqlite_r-main_size2000-136B,bw3200_pythia,0.87649,0,0,1
708.sqlite_r-main_size2000-136B,bw3200_normal,0.8709,93.6,95.82,1
708.sqlite_r-main_size2000-136B,bw3200_normal_pythia,0.89493,92.26,92.07,1
708.sqlite_r-main_size2000-136B,bw3200_xpt,0.83777,97.38,7.83,1
708.sqlite_r-main_size2000-136B,bw3200_xpt_pythia,0.87707,61.79,0.07,1
708.sqlite_r-main_size2000-136B,bw6400_nopf,0.83387,0,0,1
708.sqlite_r-main_size2000-136B,bw6400_pythia,0.87893,0,0,1
708.sqlite_r-main_size2000-136B,bw6400_normal,0.87419,93.6,95.82,1
708.sqlite_r-main_size2000-136B,bw6400_normal_pythia,0.89817,92.32,92.17,1
708.sqlite_r-main_size2000-136B,bw6400_xpt,0.83907,97.38,7.83,1
708.sqlite_r-main_size2000-136B,bw6400_xpt_pythia,0.87957,61.79,0.07,1
708.sqlite_r-main_size2000-499B,bw200_nopf,0.86049,0,0,1
708.sqlite_r-main_size2000-499B,bw200_pythia,0.79492,0,0,1
708.sqlite_r-main_size2000-499B,bw200_normal,0.86593,89.32,95.52,1
708.sqlite_r-main_size2000-499B,bw200_normal_pythia,0.79988,89.37,96.95,1
708.sqlite_r-main_size2000-499B,bw200_xpt,0.86065,99.85,0.14,1
708.sqlite_r-main_size2000-499B,bw200_xpt_pythia,0.79492,NaN,0.0,1
708.sqlite_r-main_size2000-499B,bw400_nopf,0.97765,0,0,1
708.sqlite_r-main_size2000-499B,bw400_pythia,0.95791,0,0,1
708.sqlite_r-main_size2000-499B,bw400_normal,1.01858,89.36,95.51,1
708.sqlite_r-main_size2000-499B,bw400_normal_pythia,0.99162,88.9,96.79,1
708.sqlite_r-main_size2000-499B,bw400_xpt,0.97785,99.85,0.14,1
708.sqlite_r-main_size2000-499B,bw400_xpt_pythia,0.95791,NaN,0.0,1
708.sqlite_r-main_size2000-499B,bw800_nopf,1.03204,0,0,1
708.sqlite_r-main_size2000-499B,bw800_pythia,1.03543,0,0,1
708.sqlite_r-main_size2000-499B,bw800_normal,1.08683,89.35,95.5,1
708.sqlite_r-main_size2000-499B,bw800_normal_pythia,1.08897,88.54,96.72,1
708.sqlite_r-main_size2000-499B,bw800_xpt,1.03226,99.85,0.14,1
708.sqlite_r-main_size2000-499B,bw800_xpt_pythia,1.03543,NaN,0.0,1
708.sqlite_r-main_size2000-499B,bw1600_nopf,1.05279,0,0,1
708.sqlite_r-main_size2000-499B,bw1600_pythia,1.06763,0,0,1
708.sqlite_r-main_size2000-499B,bw1600_normal,1.11178,89.31,95.52,1
708.sqlite_r-main_size2000-499B,bw1600_normal_pythia,1.12437,88.92,95.5,1
708.sqlite_r-main_size2000-499B,bw1600_xpt,1.05302,99.85,0.14,1
708.sqlite_r-main_size2000-499B,bw1600_xpt_pythia,1.06763,NaN,0.0,1
708.sqlite_r-main_size2000-499B,bw3200_nopf,1.06013,0,0,1
708.sqlite_r-main_size2000-499B,bw3200_pythia,1.08084,0,0,1
708.sqlite_r-main_size2000-499B,bw3200_normal,1.12051,89.32,95.52,1
708.sqlite_r-main_size2000-499B,bw3200_normal_pythia,1.13798,89.82,95.37,1
708.sqlite_r-main_size2000-499B,bw3200_xpt,1.06037,99.85,0.14,1
708.sqlite_r-main_size2000-499B,bw3200_xpt_pythia,1.08084,NaN,0.0,1
708.sqlite_r-main_size2000-499B,bw6400_nopf,1.06219,0,0,1
708.sqlite_r-main_size2000-499B,bw6400_pythia,1.08318,0,0,1
708.sqlite_r-main_size2000-499B,bw6400_normal,1.12309,89.32,95.52,1
708.sqlite_r-main_size2000-499B,bw6400_normal_pythia,1.14111,90.02,95.45,1
708.sqlite_r-main_size2000-499B,bw6400_xpt,1.06243,99.85,0.14,1
708.sqlite_r-main_size2000-499B,bw6400_xpt_pythia,1.08318,NaN,0.0,1
708.sqlite_r-main_size2000-556B,bw200_nopf,0.86616,0,0,1
708.sqlite_r-main_size2000-556B,bw200_pythia,0.79975,0,0,1
708.sqlite_r-main_size2000-556B,bw200_normal,0.87121,89.18,95.46,1
708.sqlite_r-main_size2000-556B,bw200_normal_pythia,0.8055,89.1,96.5,1
708.sqlite_r-main_size2000-556B,bw200_xpt,0.86632,99.96,0.13,1
708.sqlite_r-main_size2000-556B,bw200_xpt_pythia,0.79975,75.0,0.0,1
708.sqlite_r-main_size2000-556B,bw400_nopf,0.98366,0,0,1
708.sqlite_r-main_size2000-556B,bw400_pythia,0.96419,0,0,1
708.sqlite_r-main_size2000-556B,bw400_normal,1.02434,89.23,95.43,1
708.sqlite_r-main_size2000-556B,bw400_normal_pythia,0.9977,88.7,96.47,1
708.sqlite_r-main_size2000-556B,bw400_xpt,0.98386,99.96,0.13,1
708.sqlite_r-main_size2000-556B,bw400_xpt_pythia,0.96419,75.0,0.0,1
708.sqlite_r-main_size2000-556B,bw800_nopf,1.03812,0,0,1
708.sqlite_r-main_size2000-556B,bw800_pythia,1.04172,0,0,1
708.sqlite_r-main_size2000-556B,bw800_normal,1.09271,89.21,95.43,1
708.sqlite_r-main_size2000-556B,bw800_normal_pythia,1.09467,88.27,96.43,1
708.sqlite_r-main_size2000-556B,bw800_xpt,1.03834,99.96,0.13,1
708.sqlite_r-main_size2000-556B,bw800_xpt_pythia,1.04172,75.0,0.0,1
708.sqlite_r-main_size2000-556B,bw1600_nopf,1.05887,0,0,1
708.sqlite_r-main_size2000-556B,bw1600_pythia,1.07366,0,0,1
708.sqlite_r-main_size2000-556B,bw1600_normal,1.11759,89.18,95.45,1
708.sqlite_r-main_size2000-556B,bw1600_normal_pythia,1.12953,88.53,95.21,1
708.sqlite_r-main_size2000-556B,bw1600_xpt,1.0591,99.96,0.13,1
708.sqlite_r-main_size2000-556B,bw1600_xpt_pythia,1.07366,75.0,0.0,1
708.sqlite_r-main_size2000-556B,bw3200_nopf,1.06619,0,0,1
708.sqlite_r-main_size2000-556B,bw3200_pythia,1.08667,0,0,1
708.sqlite_r-main_size2000-556B,bw3200_normal,1.12624,89.18,95.44,1
708.sqlite_r-main_size2000-556B,bw3200_normal_pythia,1.1432,89.38,95.11,1
708.sqlite_r-main_size2000-556B,bw3200_xpt,1.06642,99.96,0.13,1
708.sqlite_r-main_size2000-556B,bw3200_xpt_pythia,1.08667,75.0,0.0,1
708.sqlite_r-main_size2000-556B,bw6400_nopf,1.06823,0,0,1
708.sqlite_r-main_size2000-556B,bw6400_pythia,1.0889,0,0,1
708.sqlite_r-main_size2000-556B,bw6400_normal,1.12881,89.19,95.44,1
708.sqlite_r-main_size2000-556B,bw6400_normal_pythia,1.14621,89.58,95.02,1
708.sqlite_r-main_size2000-556B,bw6400_xpt,1.06847,99.96,0.13,1
708.sqlite_r-main_size2000-556B,bw6400_xpt_pythia,1.0889,75.0,0.0,1
709.cactus_r-shifted_gauge_wave-19B,bw200_nopf,0.73346,0,0,1
709.cactus_r-shifted_gauge_wave-19B,bw200_pythia,0.79756,0,0,1
709.cactus_r-shifted_gauge_wave-19B,bw200_normal,0.73192,98.03,97.69,1
709.cactus_r-shifted_gauge_wave-19B,bw200_normal_pythia,0.79373,85.69,59.98,1
709.cactus_r-shifted_gauge_wave-19B,bw200_xpt,0.73386,97.35,45.25,1
709.cactus_r-shifted_gauge_wave-19B,bw200_xpt_pythia,0.79722,67.52,3.9,1
709.cactus_r-shifted_gauge_wave-19B,bw400_nopf,0.84211,0,0,1
709.cactus_r-shifted_gauge_wave-19B,bw400_pythia,0.88148,0,0,1
709.cactus_r-shifted_gauge_wave-19B,bw400_normal,0.84408,98.2,97.7,1
709.cactus_r-shifted_gauge_wave-19B,bw400_normal_pythia,0.87807,85.91,60.05,1
709.cactus_r-shifted_gauge_wave-19B,bw400_xpt,0.84484,97.35,45.25,1
709.cactus_r-shifted_gauge_wave-19B,bw400_xpt_pythia,0.8797,57.39,3.76,1
709.cactus_r-shifted_gauge_wave-19B,bw800_nopf,0.89662,0,0,1
709.cactus_r-shifted_gauge_wave-19B,bw800_pythia,0.91323,0,0,1
709.cactus_r-shifted_gauge_wave-19B,bw800_normal,0.89923,98.12,97.57,1
709.cactus_r-shifted_gauge_wave-19B,bw800_normal_pythia,0.91326,85.97,60.86,1
709.cactus_r-shifted_gauge_wave-19B,bw800_xpt,0.89941,97.37,45.25,1
709.cactus_r-shifted_gauge_wave-19B,bw800_xpt_pythia,0.91242,66.94,4.14,1
709.cactus_r-shifted_gauge_wave-19B,bw1600_nopf,0.90908,0,0,1
709.cactus_r-shifted_gauge_wave-19B,bw1600_pythia,0.92065,0,0,1
709.cactus_r-shifted_gauge_wave-19B,bw1600_normal,0.91157,98.26,97.65,1
709.cactus_r-shifted_gauge_wave-19B,bw1600_normal_pythia,0.92026,86.87,63.12,1
709.cactus_r-shifted_gauge_wave-19B,bw1600_xpt,0.91069,97.37,45.25,1
709.cactus_r-shifted_gauge_wave-19B,bw1600_xpt_pythia,0.92053,75.85,3.87,1
709.cactus_r-shifted_gauge_wave-19B,bw3200_nopf,0.9107,0,0,1
709.cactus_r-shifted_gauge_wave-19B,bw3200_pythia,0.92134,0,0,1
709.cactus_r-shifted_gauge_wave-19B,bw3200_normal,0.91334,98.07,97.68,1
709.cactus_r-shifted_gauge_wave-19B,bw3200_normal_pythia,0.92138,86.38,60.25,1
709.cactus_r-shifted_gauge_wave-19B,bw3200_xpt,0.91208,97.35,45.25,1
709.cactus_r-shifted_gauge_wave-19B,bw3200_xpt_pythia,0.92059,64.93,3.91,1
709.cactus_r-shifted_gauge_wave-19B,bw6400_nopf,0.91092,0,0,1
709.cactus_r-shifted_gauge_wave-19B,bw6400_pythia,0.92143,0,0,1
709.cactus_r-shifted_gauge_wave-19B,bw6400_normal,0.91344,98.1,97.69,1
709.cactus_r-shifted_gauge_wave-19B,bw6400_normal_pythia,0.9215,85.83,60.63,1
709.cactus_r-shifted_gauge_wave-19B,bw6400_xpt,0.91224,97.37,45.25,1
709.cactus_r-shifted_gauge_wave-19B,bw6400_xpt_pythia,0.92119,64.22,4.1,1
709.cactus_r-shifted_gauge_wave-26B,bw200_nopf,0.65223,0,0,1
709.cactus_r-shifted_gauge_wave-26B,bw200_pythia,0.73072,0,0,1
709.cactus_r-shifted_gauge_wave-26B,bw200_normal,0.65445,98.92,98.48,1
709.cactus_r-shifted_gauge_wave-26B,bw200_normal_pythia,0.72726,87.1,59.3,1
709.cactus_r-shifted_gauge_wave-26B,bw200_xpt,0.65404,99.18,46.11,1
709.cactus_r-shifted_gauge_wave-26B,bw200_xpt_pythia,0.73021,75.69,7.51,1
709.cactus_r-shifted_gauge_wave-26B,bw400_nopf,0.76321,0,0,1
709.cactus_r-shifted_gauge_wave-26B,bw400_pythia,0.82902,0,0,1
709.cactus_r-shifted_gauge_wave-26B,bw400_normal,0.7717,99.0,98.54,1
709.cactus_r-shifted_gauge_wave-26B,bw400_normal_pythia,0.83092,87.57,62.16,1
709.cactus_r-shifted_gauge_wave-26B,bw400_xpt,0.76733,99.2,46.1,1
709.cactus_r-shifted_gauge_wave-26B,bw400_xpt_pythia,0.82727,76.12,7.33,1
709.cactus_r-shifted_gauge_wave-26B,bw800_nopf,0.80745,0,0,1
709.cactus_r-shifted_gauge_wave-26B,bw800_pythia,0.87422,0,0,1
709.cactus_r-shifted_gauge_wave-26B,bw800_normal,0.82067,99.0,98.45,1
709.cactus_r-shifted_gauge_wave-26B,bw800_normal_pythia,0.87466,87.69,63.6,1
709.cactus_r-shifted_gauge_wave-26B,bw800_xpt,0.81405,99.2,46.1,1
709.cactus_r-shifted_gauge_wave-26B,bw800_xpt_pythia,0.87129,87.02,6.89,1
709.cactus_r-shifted_gauge_wave-26B,bw1600_nopf,0.81856,0,0,1
709.cactus_r-shifted_gauge_wave-26B,bw1600_pythia,0.88537,0,0,1
709.cactus_r-shifted_gauge_wave-26B,bw1600_normal,0.83165,99.07,98.57,1
709.cactus_r-shifted_gauge_wave-26B,bw1600_normal_pythia,0.88273,87.92,62.73,1
709.cactus_r-shifted_gauge_wave-26B,bw1600_xpt,0.82484,99.2,46.1,1
709.cactus_r-shifted_gauge_wave-26B,bw1600_xpt_pythia,0.88089,78.91,7.55,1
709.cactus_r-shifted_gauge_wave-26B,bw3200_nopf,0.81991,0,0,1
709.cactus_r-shifted_gauge_wave-26B,bw3200_pythia,0.88586,0,0,1
709.cactus_r-shifted_gauge_wave-26B,bw3200_normal,0.83287,99.06,98.61,1
709.cactus_r-shifted_gauge_wave-26B,bw3200_normal_pythia,0.88673,87.46,57.49,1
709.cactus_r-shifted_gauge_wave-26B,bw3200_xpt,0.8262,99.2,46.1,1
709.cactus_r-shifted_gauge_wave-26B,bw3200_xpt_pythia,0.88576,83.94,7.5,1
709.cactus_r-shifted_gauge_wave-26B,bw6400_nopf,0.82,0,0,1
709.cactus_r-shifted_gauge_wave-26B,bw6400_pythia,0.887,0,0,1
709.cactus_r-shifted_gauge_wave-26B,bw6400_normal,0.8331,98.94,98.46,1
709.cactus_r-shifted_gauge_wave-26B,bw6400_normal_pythia,0.88763,87.24,61.83,1
709.cactus_r-shifted_gauge_wave-26B,bw6400_xpt,0.82634,99.2,46.1,1
709.cactus_r-shifted_gauge_wave-26B,bw6400_xpt_pythia,0.88809,89.26,7.44,1
709.cactus_r-shifted_gauge_wave-27B,bw200_nopf,0.08377,0,0,1
709.cactus_r-shifted_gauge_wave-27B,bw200_pythia,0.08302,0,0,1
709.cactus_r-shifted_gauge_wave-27B,bw200_normal,0.08378,99.82,99.76,1
709.cactus_r-shifted_gauge_wave-27B,bw200_normal_pythia,0.08182,89.78,72.47,1
709.cactus_r-shifted_gauge_wave-27B,bw200_xpt,0.08377,99.85,46.26,1
709.cactus_r-shifted_gauge_wave-27B,bw200_xpt_pythia,0.08141,46.34,8.49,1
709.cactus_r-shifted_gauge_wave-27B,bw400_nopf,0.14659,0,0,1
709.cactus_r-shifted_gauge_wave-27B,bw400_pythia,0.14642,0,0,1
709.cactus_r-shifted_gauge_wave-27B,bw400_normal,0.14668,99.82,99.76,1
709.cactus_r-shifted_gauge_wave-27B,bw400_normal_pythia,0.14508,94.8,82.76,1
709.cactus_r-shifted_gauge_wave-27B,bw400_xpt,0.14655,99.85,46.26,1
709.cactus_r-shifted_gauge_wave-27B,bw400_xpt_pythia,0.14401,72.1,18.73,1
709.cactus_r-shifted_gauge_wave-27B,bw800_nopf,0.21654,0,0,1
709.cactus_r-shifted_gauge_wave-27B,bw800_pythia,0.22236,0,0,1
709.cactus_r-shifted_gauge_wave-27B,bw800_normal,0.21774,99.82,99.76,1
709.cactus_r-shifted_gauge_wave-27B,bw800_normal_pythia,0.22076,94.21,77.43,1
709.cactus_r-shifted_gauge_wave-27B,bw800_xpt,0.21671,99.85,46.24,1
709.cactus_r-shifted_gauge_wave-27B,bw800_xpt_pythia,0.21803,44.08,11.49,1
709.cactus_r-shifted_gauge_wave-27B,bw1600_nopf,0.27463,0,0,1
709.cactus_r-shifted_gauge_wave-27B,bw1600_pythia,0.29099,0,0,1
709.cactus_r-shifted_gauge_wave-27B,bw1600_normal,0.27731,99.82,99.76,1
709.cactus_r-shifted_gauge_wave-27B,bw1600_normal_pythia,0.28866,86.0,84.94,1
709.cactus_r-shifted_gauge_wave-27B,bw1600_xpt,0.27544,99.85,45.38,1
709.cactus_r-shifted_gauge_wave-27B,bw1600_xpt_pythia,0.28624,26.25,5.43,1
709.cactus_r-shifted_gauge_wave-27B,bw3200_nopf,0.3031,0,0,1
709.cactus_r-shifted_gauge_wave-27B,bw3200_pythia,0.33688,0,0,1
709.cactus_r-shifted_gauge_wave-27B,bw3200_normal,0.31012,99.82,99.76,1
709.cactus_r-shifted_gauge_wave-27B,bw3200_normal_pythia,0.34114,92.18,77.94,1
709.cactus_r-shifted_gauge_wave-27B,bw3200_xpt,0.30579,99.84,45.03,1
709.cactus_r-shifted_gauge_wave-27B,bw3200_xpt_pythia,0.336,37.18,4.56,1
709.cactus_r-shifted_gauge_wave-27B,bw6400_nopf,0.31182,0,0,1
709.cactus_r-shifted_gauge_wave-27B,bw6400_pythia,0.35583,0,0,1
709.cactus_r-shifted_gauge_wave-27B,bw6400_normal,0.31891,99.82,99.76,1
709.cactus_r-shifted_gauge_wave-27B,bw6400_normal_pythia,0.35719,94.21,75.02,1
709.cactus_r-shifted_gauge_wave-27B,bw6400_xpt,0.31421,99.84,44.89,1
709.cactus_r-shifted_gauge_wave-27B,bw6400_xpt_pythia,0.35425,58.74,10.08,1
709.cactus_r-shifted_gauge_wave-824B,bw200_nopf,0.7316,0,0,1
709.cactus_r-shifted_gauge_wave-824B,bw200_pythia,0.7909,0,0,1
709.cactus_r-shifted_gauge_wave-824B,bw200_normal,0.73042,98.13,97.56,1
709.cactus_r-shifted_gauge_wave-824B,bw200_normal_pythia,0.79318,86.06,61.46,1
709.cactus_r-shifted_gauge_wave-824B,bw200_xpt,0.73229,97.14,44.91,1
709.cactus_r-shifted_gauge_wave-824B,bw200_xpt_pythia,0.79384,60.99,4.1,1
709.cactus_r-shifted_gauge_wave-824B,bw400_nopf,0.84112,0,0,1
709.cactus_r-shifted_gauge_wave-824B,bw400_pythia,0.8799,0,0,1
709.cactus_r-shifted_gauge_wave-824B,bw400_normal,0.84231,97.89,97.42,1
709.cactus_r-shifted_gauge_wave-824B,bw400_normal_pythia,0.88161,85.98,59.4,1
709.cactus_r-shifted_gauge_wave-824B,bw400_xpt,0.84412,97.13,44.91,1
709.cactus_r-shifted_gauge_wave-824B,bw400_xpt_pythia,0.8826,61.86,4.11,1
709.cactus_r-shifted_gauge_wave-824B,bw800_nopf,0.89622,0,0,1
709.cactus_r-shifted_gauge_wave-824B,bw800_pythia,0.9123,0,0,1
709.cactus_r-shifted_gauge_wave-824B,bw800_normal,0.89947,98.2,97.75,1
709.cactus_r-shifted_gauge_wave-824B,bw800_normal_pythia,0.91299,86.47,60.94,1
709.cactus_r-shifted_gauge_wave-824B,bw800_xpt,0.89918,97.14,44.91,1
709.cactus_r-shifted_gauge_wave-824B,bw800_xpt_pythia,0.91326,49.06,3.76,1
709.cactus_r-shifted_gauge_wave-824B,bw1600_nopf,0.90881,0,0,1
709.cactus_r-shifted_gauge_wave-824B,bw1600_pythia,0.92017,0,0,1
709.cactus_r-shifted_gauge_wave-824B,bw1600_normal,0.9112,97.93,97.67,1
709.cactus_r-shifted_gauge_wave-824B,bw1600_normal_pythia,0.91986,86.31,60.19,1
709.cactus_r-shifted_gauge_wave-824B,bw1600_xpt,0.91056,97.11,44.9,1
709.cactus_r-shifted_gauge_wave-824B,bw1600_xpt_pythia,0.9197,53.47,3.88,1
709.cactus_r-shifted_gauge_wave-824B,bw3200_nopf,0.91043,0,0,1
709.cactus_r-shifted_gauge_wave-824B,bw3200_pythia,0.92083,0,0,1
709.cactus_r-shifted_gauge_wave-824B,bw3200_normal,0.91312,98.05,97.75,1
709.cactus_r-shifted_gauge_wave-824B,bw3200_normal_pythia,0.92143,85.86,58.58,1
709.cactus_r-shifted_gauge_wave-824B,bw3200_xpt,0.91194,97.15,44.91,1
709.cactus_r-shifted_gauge_wave-824B,bw3200_xpt_pythia,0.92035,53.83,4.26,1
709.cactus_r-shifted_gauge_wave-824B,bw6400_nopf,0.91068,0,0,1
709.cactus_r-shifted_gauge_wave-824B,bw6400_pythia,0.9211,0,0,1
709.cactus_r-shifted_gauge_wave-824B,bw6400_normal,0.91341,98.15,97.92,1
709.cactus_r-shifted_gauge_wave-824B,bw6400_normal_pythia,0.92162,85.37,60.14,1
709.cactus_r-shifted_gauge_wave-824B,bw6400_xpt,0.9121,97.12,44.91,1
709.cactus_r-shifted_gauge_wave-824B,bw6400_xpt_pythia,0.92126,55.46,3.98,1
709.cactus_r-shifted_gauge_wave-8B,bw200_nopf,0.25724,0,0,1
709.cactus_r-shifted_gauge_wave-8B,bw200_pythia,0.26206,0,0,1
709.cactus_r-shifted_gauge_wave-8B,bw200_normal,0.25604,97.81,96.57,1
709.cactus_r-shifted_gauge_wave-8B,bw200_normal_pythia,0.26007,84.68,62.51,1
709.cactus_r-shifted_gauge_wave-8B,bw200_xpt,0.25695,98.15,45.36,1
709.cactus_r-shifted_gauge_wave-8B,bw200_xpt_pythia,0.26199,82.07,18.91,1
709.cactus_r-shifted_gauge_wave-8B,bw400_nopf,0.42569,0,0,1
709.cactus_r-shifted_gauge_wave-8B,bw400_pythia,0.43739,0,0,1
709.cactus_r-shifted_gauge_wave-8B,bw400_normal,0.42562,97.8,96.57,1
709.cactus_r-shifted_gauge_wave-8B,bw400_normal_pythia,0.43591,86.08,64.45,1
709.cactus_r-shifted_gauge_wave-8B,bw400_xpt,0.42601,98.13,45.36,1
709.cactus_r-shifted_gauge_wave-8B,bw400_xpt_pythia,0.43677,81.91,19.18,1
709.cactus_r-shifted_gauge_wave-8B,bw800_nopf,0.59663,0,0,1
709.cactus_r-shifted_gauge_wave-8B,bw800_pythia,0.6435,0,0,1
709.cactus_r-shifted_gauge_wave-8B,bw800_normal,0.60328,97.8,96.55,1
709.cactus_r-shifted_gauge_wave-8B,bw800_normal_pythia,0.64238,86.53,64.74,1
709.cactus_r-shifted_gauge_wave-8B,bw800_xpt,0.59988,98.13,45.31,1
709.cactus_r-shifted_gauge_wave-8B,bw800_xpt_pythia,0.6428,81.32,19.36,1
709.cactus_r-shifted_gauge_wave-8B,bw1600_nopf,0.68372,0,0,1
709.cactus_r-shifted_gauge_wave-8B,bw1600_pythia,0.80828,0,0,1
709.cactus_r-shifted_gauge_wave-8B,bw1600_normal,0.69836,97.79,96.54,1
709.cactus_r-shifted_gauge_wave-8B,bw1600_normal_pythia,0.81006,86.91,65.73,1
709.cactus_r-shifted_gauge_wave-8B,bw1600_xpt,0.68994,98.12,45.32,1
709.cactus_r-shifted_gauge_wave-8B,bw1600_xpt_pythia,0.80816,81.05,19.83,1
709.cactus_r-shifted_gauge_wave-8B,bw3200_nopf,0.69936,0,0,1
709.cactus_r-shifted_gauge_wave-8B,bw3200_pythia,0.87013,0,0,1
709.cactus_r-shifted_gauge_wave-8B,bw3200_normal,0.71516,97.78,96.53,1
709.cactus_r-shifted_gauge_wave-8B,bw3200_normal_pythia,0.87209,87.41,65.08,1
709.cactus_r-shifted_gauge_wave-8B,bw3200_xpt,0.70584,98.1,45.29,1
709.cactus_r-shifted_gauge_wave-8B,bw3200_xpt_pythia,0.86993,80.38,19.36,1
709.cactus_r-shifted_gauge_wave-8B,bw6400_nopf,0.70365,0,0,1
709.cactus_r-shifted_gauge_wave-8B,bw6400_pythia,0.88128,0,0,1
709.cactus_r-shifted_gauge_wave-8B,bw6400_normal,0.71969,97.79,96.51,1
709.cactus_r-shifted_gauge_wave-8B,bw6400_normal_pythia,0.88442,87.49,64.93,1
709.cactus_r-shifted_gauge_wave-8B,bw6400_xpt,0.71016,98.12,45.3,1
709.cactus_r-shifted_gauge_wave-8B,bw6400_xpt_pythia,0.8815,80.41,19.49,1
721.gcc_r-gcc_pp_O2_fpic-309B,bw200_nopf,0.44118,0,0,1
721.gcc_r-gcc_pp_O2_fpic-309B,bw200_pythia,0.40147,0,0,1
721.gcc_r-gcc_pp_O2_fpic-309B,bw200_normal,0.4409,91.73,84.93,1
721.gcc_r-gcc_pp_O2_fpic-309B,bw200_normal_pythia,0.38787,82.13,57.76,1
721.gcc_r-gcc_pp_O2_fpic-309B,bw200_xpt,0.4455,96.99,26.78,1
721.gcc_r-gcc_pp_O2_fpic-309B,bw200_xpt_pythia,0.39965,83.73,11.41,1
721.gcc_r-gcc_pp_O2_fpic-309B,bw400_nopf,0.51757,0,0,1
721.gcc_r-gcc_pp_O2_fpic-309B,bw400_pythia,0.56352,0,0,1
721.gcc_r-gcc_pp_O2_fpic-309B,bw400_normal,0.5357,91.73,85.02,1
721.gcc_r-gcc_pp_O2_fpic-309B,bw400_normal_pythia,0.55864,80.66,55.15,1
721.gcc_r-gcc_pp_O2_fpic-309B,bw400_xpt,0.52911,96.98,26.77,1
721.gcc_r-gcc_pp_O2_fpic-309B,bw400_xpt_pythia,0.562,80.71,7.36,1
721.gcc_r-gcc_pp_O2_fpic-309B,bw800_nopf,0.53599,0,0,1
721.gcc_r-gcc_pp_O2_fpic-309B,bw800_pythia,0.63668,0,0,1
721.gcc_r-gcc_pp_O2_fpic-309B,bw800_normal,0.56816,91.71,85.01,1
721.gcc_r-gcc_pp_O2_fpic-309B,bw800_normal_pythia,0.6428,77.0,43.37,1
721.gcc_r-gcc_pp_O2_fpic-309B,bw800_xpt,0.55017,96.99,26.77,1
721.gcc_r-gcc_pp_O2_fpic-309B,bw800_xpt_pythia,0.64102,57.23,1.26,1
721.gcc_r-gcc_pp_O2_fpic-309B,bw1600_nopf,0.54073,0,0,1
721.gcc_r-gcc_pp_O2_fpic-309B,bw1600_pythia,0.65838,0,0,1
721.gcc_r-gcc_pp_O2_fpic-309B,bw1600_normal,0.57667,91.75,84.95,1
721.gcc_r-gcc_pp_O2_fpic-309B,bw1600_normal_pythia,0.66634,77.06,42.5,1
721.gcc_r-gcc_pp_O2_fpic-309B,bw1600_xpt,0.5551,97.01,26.77,1
721.gcc_r-gcc_pp_O2_fpic-309B,bw1600_xpt_pythia,0.65613,51.06,0.94,1
721.gcc_r-gcc_pp_O2_fpic-309B,bw3200_nopf,0.54223,0,0,1
721.gcc_r-gcc_pp_O2_fpic-309B,bw3200_pythia,0.65904,0,0,1
721.gcc_r-gcc_pp_O2_fpic-309B,bw3200_normal,0.57935,91.71,85.12,1
721.gcc_r-gcc_pp_O2_fpic-309B,bw3200_normal_pythia,0.67,76.22,43.22,1
721.gcc_r-gcc_pp_O2_fpic-309B,bw3200_xpt,0.55691,97.03,26.78,1
721.gcc_r-gcc_pp_O2_fpic-309B,bw3200_xpt_pythia,0.66305,51.09,0.8,1
721.gcc_r-gcc_pp_O2_fpic-309B,bw6400_nopf,0.54266,0,0,1
721.gcc_r-gcc_pp_O2_fpic-309B,bw6400_pythia,0.66294,0,0,1
721.gcc_r-gcc_pp_O2_fpic-309B,bw6400_normal,0.58048,91.72,85.05,1
721.gcc_r-gcc_pp_O2_fpic-309B,bw6400_normal_pythia,0.67326,77.26,42.73,1
721.gcc_r-gcc_pp_O2_fpic-309B,bw6400_xpt,0.55738,97.03,26.78,1
721.gcc_r-gcc_pp_O2_fpic-309B,bw6400_xpt_pythia,0.66198,53.21,0.87,1
721.gcc_r-ref32_O3_inline12000-113B,bw200_nopf,0.19197,0,0,1
721.gcc_r-ref32_O3_inline12000-113B,bw200_pythia,0.15582,0,0,1
721.gcc_r-ref32_O3_inline12000-113B,bw200_normal,0.18815,93.48,98.65,1
721.gcc_r-ref32_O3_inline12000-113B,bw200_normal_pythia,0.15008,85.75,84.26,1
721.gcc_r-ref32_O3_inline12000-113B,bw200_xpt,0.193,99.5,15.32,1
721.gcc_r-ref32_O3_inline12000-113B,bw200_xpt_pythia,0.15625,64.17,0.65,1
721.gcc_r-ref32_O3_inline12000-113B,bw400_nopf,0.26824,0,0,1
721.gcc_r-ref32_O3_inline12000-113B,bw400_pythia,0.26788,0,0,1
721.gcc_r-ref32_O3_inline12000-113B,bw400_normal,0.28083,93.49,98.65,1
721.gcc_r-ref32_O3_inline12000-113B,bw400_normal_pythia,0.26401,86.11,82.6,1
721.gcc_r-ref32_O3_inline12000-113B,bw400_xpt,0.27178,99.51,15.33,1
721.gcc_r-ref32_O3_inline12000-113B,bw400_xpt_pythia,0.26736,58.35,0.41,1
721.gcc_r-ref32_O3_inline12000-113B,bw800_nopf,0.296,0,0,1
721.gcc_r-ref32_O3_inline12000-113B,bw800_pythia,0.34996,0,0,1
721.gcc_r-ref32_O3_inline12000-113B,bw800_normal,0.32594,93.51,98.59,1
721.gcc_r-ref32_O3_inline12000-113B,bw800_normal_pythia,0.36145,86.2,82.6,1
721.gcc_r-ref32_O3_inline12000-113B,bw800_xpt,0.30106,99.51,15.34,1
721.gcc_r-ref32_O3_inline12000-113B,bw800_xpt_pythia,0.35053,54.7,0.48,1
721.gcc_r-ref32_O3_inline12000-113B,bw1600_nopf,0.30467,0,0,1
721.gcc_r-ref32_O3_inline12000-113B,bw1600_pythia,0.37488,0,0,1
721.gcc_r-ref32_O3_inline12000-113B,bw1600_normal,0.33901,93.49,98.65,1
721.gcc_r-ref32_O3_inline12000-113B,bw1600_normal_pythia,0.39334,86.32,82.51,1
721.gcc_r-ref32_O3_inline12000-113B,bw1600_xpt,0.31063,99.52,15.26,1
721.gcc_r-ref32_O3_inline12000-113B,bw1600_xpt_pythia,0.37093,53.78,0.39,1
721.gcc_r-ref32_O3_inline12000-113B,bw3200_nopf,0.30794,0,0,1
721.gcc_r-ref32_O3_inline12000-113B,bw3200_pythia,0.38182,0,0,1
721.gcc_r-ref32_O3_inline12000-113B,bw3200_normal,0.34398,93.5,98.66,1
721.gcc_r-ref32_O3_inline12000-113B,bw3200_normal_pythia,0.40798,86.23,82.47,1
721.gcc_r-ref32_O3_inline12000-113B,bw3200_xpt,0.31408,99.52,15.26,1
721.gcc_r-ref32_O3_inline12000-113B,bw3200_xpt_pythia,0.38162,55.96,0.35,1
721.gcc_r-ref32_O3_inline12000-113B,bw6400_nopf,0.30948,0,0,1
721.gcc_r-ref32_O3_inline12000-113B,bw6400_pythia,0.3827,0,0,1
721.gcc_r-ref32_O3_inline12000-113B,bw6400_normal,0.34694,93.5,98.66,1
721.gcc_r-ref32_O3_inline12000-113B,bw6400_normal_pythia,0.40949,86.57,82.94,1
721.gcc_r-ref32_O3_inline12000-113B,bw6400_xpt,0.31554,99.51,15.26,1
721.gcc_r-ref32_O3_inline12000-113B,bw6400_xpt_pythia,0.38385,66.64,0.53,1
721.gcc_r-ref32_O3_inline12000-390B,bw200_nopf,0.20344,0,0,1
721.gcc_r-ref32_O3_inline12000-390B,bw200_pythia,0.17685,0,0,1
721.gcc_r-ref32_O3_inline12000-390B,bw200_normal,0.20669,96.9,98.36,1
721.gcc_r-ref32_O3_inline12000-390B,bw200_normal_pythia,0.16976,84.65,75.34,1
721.gcc_r-ref32_O3_inline12000-390B,bw200_xpt,0.20529,99.24,23.35,1
721.gcc_r-ref32_O3_inline12000-390B,bw200_xpt_pythia,0.17578,80.91,8.22,1
721.gcc_r-ref32_O3_inline12000-390B,bw400_nopf,0.27829,0,0,1
721.gcc_r-ref32_O3_inline12000-390B,bw400_pythia,0.29905,0,0,1
721.gcc_r-ref32_O3_inline12000-390B,bw400_normal,0.29173,96.91,98.34,1
721.gcc_r-ref32_O3_inline12000-390B,bw400_normal_pythia,0.29532,84.24,73.35,1
721.gcc_r-ref32_O3_inline12000-390B,bw400_xpt,0.28441,99.24,23.34,1
721.gcc_r-ref32_O3_inline12000-390B,bw400_xpt_pythia,0.29863,74.35,4.59,1
721.gcc_r-ref32_O3_inline12000-390B,bw800_nopf,0.30798,0,0,1
721.gcc_r-ref32_O3_inline12000-390B,bw800_pythia,0.38948,0,0,1
721.gcc_r-ref32_O3_inline12000-390B,bw800_normal,0.33894,96.91,98.36,1
721.gcc_r-ref32_O3_inline12000-390B,bw800_normal_pythia,0.39819,83.58,69.59,1
721.gcc_r-ref32_O3_inline12000-390B,bw800_xpt,0.31678,99.24,23.3,1
721.gcc_r-ref32_O3_inline12000-390B,bw800_xpt_pythia,0.39083,59.54,1.33,1
721.gcc_r-ref32_O3_inline12000-390B,bw1600_nopf,0.3177,0,0,1
721.gcc_r-ref32_O3_inline12000-390B,bw1600_pythia,0.42333,0,0,1
721.gcc_r-ref32_O3_inline12000-390B,bw1600_normal,0.35419,96.87,98.36,1
721.gcc_r-ref32_O3_inline12000-390B,bw1600_normal_pythia,0.44267,83.75,68.79,1
721.gcc_r-ref32_O3_inline12000-390B,bw1600_xpt,0.32745,99.25,23.2,1
721.gcc_r-ref32_O3_inline12000-390B,bw1600_xpt_pythia,0.42147,55.49,1.2,1
721.gcc_r-ref32_O3_inline12000-390B,bw3200_nopf,0.32134,0,0,1
721.gcc_r-ref32_O3_inline12000-390B,bw3200_pythia,0.43248,0,0,1
721.gcc_r-ref32_O3_inline12000-390B,bw3200_normal,0.35993,96.89,98.37,1
721.gcc_r-ref32_O3_inline12000-390B,bw3200_normal_pythia,0.45256,83.63,67.92,1
721.gcc_r-ref32_O3_inline12000-390B,bw3200_xpt,0.33124,99.26,23.13,1
721.gcc_r-ref32_O3_inline12000-390B,bw3200_xpt_pythia,0.43592,55.79,1.16,1
721.gcc_r-ref32_O3_inline12000-390B,bw6400_nopf,0.32268,0,0,1
721.gcc_r-ref32_O3_inline12000-390B,bw6400_pythia,0.43647,0,0,1
721.gcc_r-ref32_O3_inline12000-390B,bw6400_normal,0.36261,96.89,98.34,1
721.gcc_r-ref32_O3_inline12000-390B,bw6400_normal_pythia,0.45847,84.96,68.92,1
721.gcc_r-ref32_O3_inline12000-390B,bw6400_xpt,0.33277,99.25,23.13,1
721.gcc_r-ref32_O3_inline12000-390B,bw6400_xpt_pythia,0.43746,54.68,1.1,1
721.gcc_r-ref32_O3_inline12000-41B,bw200_nopf,0.34776,0,0,1
721.gcc_r-ref32_O3_inline12000-41B,bw200_pythia,0.30748,0,0,1
721.gcc_r-ref32_O3_inline12000-41B,bw200_normal,0.34484,94.39,94.17,1
721.gcc_r-ref32_O3_inline12000-41B,bw200_normal_pythia,0.29829,81.6,58.78,1
721.gcc_r-ref32_O3_inline12000-41B,bw200_xpt,0.3485,96.6,28.38,1
721.gcc_r-ref32_O3_inline12000-41B,bw200_xpt_pythia,0.30645,64.64,4.67,1
721.gcc_r-ref32_O3_inline12000-41B,bw400_nopf,0.47507,0,0,1
721.gcc_r-ref32_O3_inline12000-41B,bw400_pythia,0.48509,0,0,1
721.gcc_r-ref32_O3_inline12000-41B,bw400_normal,0.48466,94.43,94.09,1
721.gcc_r-ref32_O3_inline12000-41B,bw400_normal_pythia,0.47755,82.37,58.83,1
721.gcc_r-ref32_O3_inline12000-41B,bw400_xpt,0.48093,96.62,28.38,1
721.gcc_r-ref32_O3_inline12000-41B,bw400_xpt_pythia,0.48462,65.28,4.55,1
721.gcc_r-ref32_O3_inline12000-41B,bw800_nopf,0.53776,0,0,1
721.gcc_r-ref32_O3_inline12000-41B,bw800_pythia,0.62791,0,0,1
721.gcc_r-ref32_O3_inline12000-41B,bw800_normal,0.56389,94.42,94.07,1
721.gcc_r-ref32_O3_inline12000-41B,bw800_normal_pythia,0.62837,83.13,57.34,1
721.gcc_r-ref32_O3_inline12000-41B,bw800_xpt,0.54816,96.59,28.28,1
721.gcc_r-ref32_O3_inline12000-41B,bw800_xpt_pythia,0.6292,66.07,4.15,1
721.gcc_r-ref32_O3_inline12000-41B,bw1600_nopf,0.56109,0,0,1
721.gcc_r-ref32_O3_inline12000-41B,bw1600_pythia,0.69578,0,0,1
721.gcc_r-ref32_O3_inline12000-41B,bw1600_normal,0.59486,94.42,94.15,1
721.gcc_r-ref32_O3_inline12000-41B,bw1600_normal_pythia,0.70255,83.8,57.06,1
721.gcc_r-ref32_O3_inline12000-41B,bw1600_xpt,0.57361,96.59,28.24,1
721.gcc_r-ref32_O3_inline12000-41B,bw1600_xpt_pythia,0.69789,63.95,3.32,1
721.gcc_r-ref32_O3_inline12000-41B,bw3200_nopf,0.56878,0,0,1
721.gcc_r-ref32_O3_inline12000-41B,bw3200_pythia,0.71525,0,0,1
721.gcc_r-ref32_O3_inline12000-41B,bw3200_normal,0.60448,94.42,94.12,1
721.gcc_r-ref32_O3_inline12000-41B,bw3200_normal_pythia,0.72144,83.71,55.63,1
721.gcc_r-ref32_O3_inline12000-41B,bw3200_xpt,0.58172,96.58,28.19,1
721.gcc_r-ref32_O3_inline12000-41B,bw3200_xpt_pythia,0.71594,66.06,3.45,1
721.gcc_r-ref32_O3_inline12000-41B,bw6400_nopf,0.57117,0,0,1
721.gcc_r-ref32_O3_inline12000-41B,bw6400_pythia,0.72168,0,0,1
721.gcc_r-ref32_O3_inline12000-41B,bw6400_normal,0.60847,94.42,94.11,1
721.gcc_r-ref32_O3_inline12000-41B,bw6400_normal_pythia,0.72772,83.73,56.04,1
721.gcc_r-ref32_O3_inline12000-41B,bw6400_xpt,0.58447,96.59,28.18,1
721.gcc_r-ref32_O3_inline12000-41B,bw6400_xpt_pythia,0.72432,64.56,3.0,1
722.palm_r-atmos-1670B,bw200_nopf,0.854,0,0,1
722.palm_r-atmos-1670B,bw200_pythia,0.93584,0,0,1
722.palm_r-atmos-1670B,bw200_normal,0.87916,99.63,99.38,1
722.palm_r-atmos-1670B,bw200_normal_pythia,0.89097,69.78,46.25,1
722.palm_r-atmos-1670B,bw200_xpt,0.87013,99.77,48.79,1
722.palm_r-atmos-1670B,bw200_xpt_pythia,0.90994,59.84,16.04,1
722.palm_r-atmos-1670B,bw400_nopf,1.12038,0,0,1
722.palm_r-atmos-1670B,bw400_pythia,1.33965,0,0,1
722.palm_r-atmos-1670B,bw400_normal,1.16548,99.63,99.35,1
722.palm_r-atmos-1670B,bw400_normal_pythia,1.30937,70.25,50.28,1
722.palm_r-atmos-1670B,bw400_xpt,1.1468,99.77,48.79,1
722.palm_r-atmos-1670B,bw400_xpt_pythia,1.32095,61.41,18.04,1
722.palm_r-atmos-1670B,bw800_nopf,1.26665,0,0,1
722.palm_r-atmos-1670B,bw800_pythia,1.52461,0,0,1
722.palm_r-atmos-1670B,bw800_normal,1.32485,99.62,99.37,1
722.palm_r-atmos-1670B,bw800_normal_pythia,1.5186,72.33,48.07,1
722.palm_r-atmos-1670B,bw800_xpt,1.29794,99.77,48.77,1
722.palm_r-atmos-1670B,bw800_xpt_pythia,1.5186,61.56,17.84,1
722.palm_r-atmos-1670B,bw1600_nopf,1.30078,0,0,1
722.palm_r-atmos-1670B,bw1600_pythia,1.57828,0,0,1
722.palm_r-atmos-1670B,bw1600_normal,1.3649,99.61,99.35,1
722.palm_r-atmos-1670B,bw1600_normal_pythia,1.58089,71.92,45.6,1
722.palm_r-atmos-1670B,bw1600_xpt,1.33559,99.77,48.76,1
722.palm_r-atmos-1670B,bw1600_xpt_pythia,1.57817,58.83,15.48,1
722.palm_r-atmos-1670B,bw3200_nopf,1.30718,0,0,1
722.palm_r-atmos-1670B,bw3200_pythia,1.58345,0,0,1
722.palm_r-atmos-1670B,bw3200_normal,1.37118,99.62,99.35,1
722.palm_r-atmos-1670B,bw3200_normal_pythia,1.58655,72.39,44.64,1
722.palm_r-atmos-1670B,bw3200_xpt,1.34082,99.77,48.75,1
722.palm_r-atmos-1670B,bw3200_xpt_pythia,1.58341,59.5,15.24,1
722.palm_r-atmos-1670B,bw6400_nopf,1.30858,0,0,1
722.palm_r-atmos-1670B,bw6400_pythia,1.58415,0,0,1
722.palm_r-atmos-1670B,bw6400_normal,1.37222,99.62,99.35,1
722.palm_r-atmos-1670B,bw6400_normal_pythia,1.58705,72.56,44.39,1
722.palm_r-atmos-1670B,bw6400_xpt,1.34205,99.77,48.75,1
722.palm_r-atmos-1670B,bw6400_xpt_pythia,1.58415,59.02,15.13,1
722.palm_r-atmos-334B,bw200_nopf,0.34235,0,0,1
722.palm_r-atmos-334B,bw200_pythia,0.34535,0,0,1
722.palm_r-atmos-334B,bw200_normal,0.34316,99.98,99.97,1
722.palm_r-atmos-334B,bw200_normal_pythia,0.33497,91.24,90.7,1
722.palm_r-atmos-334B,bw200_xpt,0.34272,99.88,49.15,1
722.palm_r-atmos-334B,bw200_xpt_pythia,0.33913,87.35,36.46,1
722.palm_r-atmos-334B,bw400_nopf,0.59284,0,0,1
722.palm_r-atmos-334B,bw400_pythia,0.61004,0,0,1
722.palm_r-atmos-334B,bw400_normal,0.59689,99.98,99.97,1
722.palm_r-atmos-334B,bw400_normal_pythia,0.59631,92.22,91.86,1
722.palm_r-atmos-334B,bw400_xpt,0.59434,99.88,49.13,1
722.palm_r-atmos-334B,bw400_xpt_pythia,0.60211,89.03,37.54,1
722.palm_r-atmos-334B,bw800_nopf,0.88165,0,0,1
722.palm_r-atmos-334B,bw800_pythia,0.95613,0,0,1
722.palm_r-atmos-334B,bw800_normal,0.88907,99.98,99.97,1
722.palm_r-atmos-334B,bw800_normal_pythia,0.94507,93.16,93.47,1
722.palm_r-atmos-334B,bw800_xpt,0.88205,99.88,48.64,1
722.palm_r-atmos-334B,bw800_xpt_pythia,0.94847,89.6,38.59,1
722.palm_r-atmos-334B,bw1600_nopf,1.06458,0,0,1
722.palm_r-atmos-334B,bw1600_pythia,1.20519,0,0,1
722.palm_r-atmos-334B,bw1600_normal,1.07282,99.98,99.97,1
722.palm_r-atmos-334B,bw1600_normal_pythia,1.20305,92.07,87.13,1
722.palm_r-atmos-334B,bw1600_xpt,1.06132,99.88,48.29,1
722.palm_r-atmos-334B,bw1600_xpt_pythia,1.20057,82.9,33.89,1
722.palm_r-atmos-334B,bw3200_nopf,1.135,0,0,1
722.palm_r-atmos-334B,bw3200_pythia,1.29078,0,0,1
722.palm_r-atmos-334B,bw3200_normal,1.14753,99.98,99.96,1
722.palm_r-atmos-334B,bw3200_normal_pythia,1.29333,93.2,83.66,1
722.palm_r-atmos-334B,bw3200_xpt,1.1323,99.88,47.87,1
722.palm_r-atmos-334B,bw3200_xpt_pythia,1.28927,80.09,30.25,1
722.palm_r-atmos-334B,bw6400_nopf,1.14717,0,0,1
722.palm_r-atmos-334B,bw6400_pythia,1.30393,0,0,1
722.palm_r-atmos-334B,bw6400_normal,1.16276,99.98,99.96,1
722.palm_r-atmos-334B,bw6400_normal_pythia,1.30926,94.06,82.62,1
722.palm_r-atmos-334B,bw6400_xpt,1.14686,99.88,48.01,1
722.palm_r-atmos-334B,bw6400_xpt_pythia,1.304,80.72,29.49,1
723.llvm_r-codegen-388B,bw200_nopf,0.41911,0,0,1
723.llvm_r-codegen-388B,bw200_pythia,0.36036,0,0,1
723.llvm_r-codegen-388B,bw200_normal,0.42653,98.82,97.71,1
723.llvm_r-codegen-388B,bw200_normal_pythia,0.34405,91.78,93.52,1
723.llvm_r-codegen-388B,bw200_xpt,0.41934,98.94,0.47,1
723.llvm_r-codegen-388B,bw200_xpt_pythia,0.36018,62.87,0.16,1
723.llvm_r-codegen-388B,bw400_nopf,0.50663,0,0,1
723.llvm_r-codegen-388B,bw400_pythia,0.49998,0,0,1
723.llvm_r-codegen-388B,bw400_normal,0.54152,98.8,97.7,1
723.llvm_r-codegen-388B,bw400_normal_pythia,0.51163,92.11,93.67,1
723.llvm_r-codegen-388B,bw400_xpt,0.50692,98.91,0.47,1
723.llvm_r-codegen-388B,bw400_xpt_pythia,0.49976,63.59,0.13,1
723.llvm_r-codegen-388B,bw800_nopf,0.54253,0,0,1
723.llvm_r-codegen-388B,bw800_pythia,0.54633,0,0,1
723.llvm_r-codegen-388B,bw800_normal,0.59022,98.8,97.7,1
723.llvm_r-codegen-388B,bw800_normal_pythia,0.59243,91.51,90.56,1
723.llvm_r-codegen-388B,bw800_xpt,0.54283,98.85,0.47,1
723.llvm_r-codegen-388B,bw800_xpt_pythia,0.54635,69.08,0.1,1
723.llvm_r-codegen-388B,bw1600_nopf,0.55926,0,0,1
723.llvm_r-codegen-388B,bw1600_pythia,0.56197,0,0,1
723.llvm_r-codegen-388B,bw1600_normal,0.61059,98.83,97.7,1
723.llvm_r-codegen-388B,bw1600_normal_pythia,0.61171,91.15,88.34,1
723.llvm_r-codegen-388B,bw1600_xpt,0.55952,98.92,0.48,1
723.llvm_r-codegen-388B,bw1600_xpt_pythia,0.56203,71.4,0.1,1
723.llvm_r-codegen-388B,bw3200_nopf,0.56622,0,0,1
723.llvm_r-codegen-388B,bw3200_pythia,0.56752,0,0,1
723.llvm_r-codegen-388B,bw3200_normal,0.61891,98.82,97.7,1
723.llvm_r-codegen-388B,bw3200_normal_pythia,0.6188,90.94,88.07,1
723.llvm_r-codegen-388B,bw3200_xpt,0.56647,98.92,0.48,1
723.llvm_r-codegen-388B,bw3200_xpt_pythia,0.56754,74.01,0.15,1
723.llvm_r-codegen-388B,bw6400_nopf,0.56899,0,0,1
723.llvm_r-codegen-388B,bw6400_pythia,0.56908,0,0,1
723.llvm_r-codegen-388B,bw6400_normal,0.62225,98.82,97.7,1
723.llvm_r-codegen-388B,bw6400_normal_pythia,0.62062,90.65,86.64,1
723.llvm_r-codegen-388B,bw6400_xpt,0.56925,98.91,0.48,1
723.llvm_r-codegen-388B,bw6400_xpt_pythia,0.5693,74.96,0.17,1
727.cppcheck_r-738_diamond-320B,bw200_nopf,1.40634,0,0,1
727.cppcheck_r-738_diamond-320B,bw200_pythia,1.42726,0,0,1
727.cppcheck_r-738_diamond-320B,bw200_normal,1.49031,99.72,98.8,1
727.cppcheck_r-738_diamond-320B,bw200_normal_pythia,1.35274,86.83,59.78,1
727.cppcheck_r-738_diamond-320B,bw200_xpt,1.42174,98.6,20.03,1
727.cppcheck_r-738_diamond-320B,bw200_xpt_pythia,1.4252,30.0,0.03,1
727.cppcheck_r-738_diamond-320B,bw400_nopf,1.43589,0,0,1
727.cppcheck_r-738_diamond-320B,bw400_pythia,1.52495,0,0,1
727.cppcheck_r-738_diamond-320B,bw400_normal,1.55011,99.72,98.81,1
727.cppcheck_r-738_diamond-320B,bw400_normal_pythia,1.51706,88.23,57.3,1
727.cppcheck_r-738_diamond-320B,bw400_xpt,1.45745,98.6,20.03,1
727.cppcheck_r-738_diamond-320B,bw400_xpt_pythia,1.52527,0.0,0.0,1
727.cppcheck_r-738_diamond-320B,bw800_nopf,1.4423,0,0,1
727.cppcheck_r-738_diamond-320B,bw800_pythia,1.54197,0,0,1
727.cppcheck_r-738_diamond-320B,bw800_normal,1.55704,99.72,98.81,1
727.cppcheck_r-738_diamond-320B,bw800_normal_pythia,1.56895,92.74,67.57,1
727.cppcheck_r-738_diamond-320B,bw800_xpt,1.4641,98.6,20.03,1
727.cppcheck_r-738_diamond-320B,bw800_xpt_pythia,1.54205,0.0,0.0,1
727.cppcheck_r-738_diamond-320B,bw1600_nopf,1.44345,0,0,1
727.cppcheck_r-738_diamond-320B,bw1600_pythia,1.54648,0,0,1
727.cppcheck_r-738_diamond-320B,bw1600_normal,1.55817,99.72,98.82,1
727.cppcheck_r-738_diamond-320B,bw1600_normal_pythia,1.57195,92.96,64.3,1
727.cppcheck_r-738_diamond-320B,bw1600_xpt,1.46528,98.6,20.03,1
727.cppcheck_r-738_diamond-320B,bw1600_xpt_pythia,1.54643,0.0,0.0,1
727.cppcheck_r-738_diamond-320B,bw3200_nopf,1.44374,0,0,1
727.cppcheck_r-738_diamond-320B,bw3200_pythia,1.5477,0,0,1
727.cppcheck_r-738_diamond-320B,bw3200_normal,1.55846,99.72,98.82,1
727.cppcheck_r-738_diamond-320B,bw3200_normal_pythia,1.5713,91.58,62.7,1
727.cppcheck_r-738_diamond-320B,bw3200_xpt,1.46558,98.6,20.03,1
727.cppcheck_r-738_diamond-320B,bw3200_xpt_pythia,1.54771,0.0,0.0,1
727.cppcheck_r-738_diamond-320B,bw6400_nopf,1.44381,0,0,1
727.cppcheck_r-738_diamond-320B,bw6400_pythia,1.54842,0,0,1
727.cppcheck_r-738_diamond-320B,bw6400_normal,1.55851,99.72,98.81,1
727.cppcheck_r-738_diamond-320B,bw6400_normal_pythia,1.5715,91.71,63.12,1
727.cppcheck_r-738_diamond-320B,bw6400_xpt,1.46565,98.6,20.03,1
727.cppcheck_r-738_diamond-320B,bw6400_xpt_pythia,1.54842,0.0,0.0,1
727.cppcheck_r-738_diamond-4B,bw200_nopf,1.19163,0,0,1
727.cppcheck_r-738_diamond-4B,bw200_pythia,0.95559,0,0,1
727.cppcheck_r-738_diamond-4B,bw200_normal,1.23802,99.61,99.6,1
727.cppcheck_r-738_diamond-4B,bw200_normal_pythia,0.96904,94.25,85.48,1
727.cppcheck_r-738_diamond-4B,bw200_xpt,1.19573,99.93,14.51,1
727.cppcheck_r-738_diamond-4B,bw200_xpt_pythia,0.96152,95.58,1.06,1
727.cppcheck_r-738_diamond-4B,bw400_nopf,1.25896,0,0,1
727.cppcheck_r-738_diamond-4B,bw400_pythia,1.37795,0,0,1
727.cppcheck_r-738_diamond-4B,bw400_normal,1.40136,99.61,99.6,1
727.cppcheck_r-738_diamond-4B,bw400_normal_pythia,1.42712,95.16,85.18,1
727.cppcheck_r-738_diamond-4B,bw400_xpt,1.27032,99.95,14.51,1
727.cppcheck_r-738_diamond-4B,bw400_xpt_pythia,1.37875,94.31,0.84,1
727.cppcheck_r-738_diamond-4B,bw800_nopf,1.28805,0,0,1
727.cppcheck_r-738_diamond-4B,bw800_pythia,1.50299,0,0,1
727.cppcheck_r-738_diamond-4B,bw800_normal,1.43856,99.61,99.6,1
727.cppcheck_r-738_diamond-4B,bw800_normal_pythia,1.5693,94.41,79.18,1
727.cppcheck_r-738_diamond-4B,bw800_xpt,1.29988,99.95,14.51,1
727.cppcheck_r-738_diamond-4B,bw800_xpt_pythia,1.50319,50.0,0.0,1
727.cppcheck_r-738_diamond-4B,bw1600_nopf,1.30256,0,0,1
727.cppcheck_r-738_diamond-4B,bw1600_pythia,1.52159,0,0,1
727.cppcheck_r-738_diamond-4B,bw1600_normal,1.45617,99.66,99.62,1
727.cppcheck_r-738_diamond-4B,bw1600_normal_pythia,1.59344,94.09,77.01,1
727.cppcheck_r-738_diamond-4B,bw1600_xpt,1.31453,99.95,14.51,1
727.cppcheck_r-738_diamond-4B,bw1600_xpt_pythia,1.51821,42.86,0.0,1
727.cppcheck_r-738_diamond-4B,bw3200_nopf,1.30987,0,0,1
727.cppcheck_r-738_diamond-4B,bw3200_pythia,1.52555,0,0,1
727.cppcheck_r-738_diamond-4B,bw3200_normal,1.46525,99.67,99.71,1
727.cppcheck_r-738_diamond-4B,bw3200_normal_pythia,1.57143,91.83,69.1,1
727.cppcheck_r-738_diamond-4B,bw3200_xpt,1.32194,99.95,14.51,1
727.cppcheck_r-738_diamond-4B,bw3200_xpt_pythia,1.5251,53.85,0.0,1
727.cppcheck_r-738_diamond-4B,bw6400_nopf,1.31203,0,0,1
727.cppcheck_r-738_diamond-4B,bw6400_pythia,1.52573,0,0,1
727.cppcheck_r-738_diamond-4B,bw6400_normal,1.46802,99.67,99.71,1
727.cppcheck_r-738_diamond-4B,bw6400_normal_pythia,1.5971,94.64,78.74,1
727.cppcheck_r-738_diamond-4B,bw6400_xpt,1.32416,99.95,14.51,1
727.cppcheck_r-738_diamond-4B,bw6400_xpt_pythia,1.52573,51.72,0.0,1
727.cppcheck_r-738_diamond-63B,bw200_nopf,1.38116,0,0,1
727.cppcheck_r-738_diamond-63B,bw200_pythia,1.31354,0,0,1
727.cppcheck_r-738_diamond-63B,bw200_normal,1.45945,99.69,98.89,1
727.cppcheck_r-738_diamond-63B,bw200_normal_pythia,1.28944,85.7,63.05,1
727.cppcheck_r-738_diamond-63B,bw200_xpt,1.39378,98.89,20.12,1
727.cppcheck_r-738_diamond-63B,bw200_xpt_pythia,1.31198,59.48,0.6,1
727.cppcheck_r-738_diamond-63B,bw400_nopf,1.42321,0,0,1
727.cppcheck_r-738_diamond-63B,bw400_pythia,1.47957,0,0,1
727.cppcheck_r-738_diamond-63B,bw400_normal,1.53415,99.69,98.9,1
727.cppcheck_r-738_diamond-63B,bw400_normal_pythia,1.48361,87.32,60.93,1
727.cppcheck_r-738_diamond-63B,bw400_xpt,1.44298,98.89,20.12,1
727.cppcheck_r-738_diamond-63B,bw400_xpt_pythia,1.47839,52.75,0.46,1
727.cppcheck_r-738_diamond-63B,bw800_nopf,1.43518,0,0,1
727.cppcheck_r-738_diamond-63B,bw800_pythia,1.52667,0,0,1
727.cppcheck_r-738_diamond-63B,bw800_normal,1.54825,99.68,98.91,1
727.cppcheck_r-738_diamond-63B,bw800_normal_pythia,1.54277,87.47,58.42,1
727.cppcheck_r-738_diamond-63B,bw800_xpt,1.45584,98.89,20.12,1
727.cppcheck_r-738_diamond-63B,bw800_xpt_pythia,1.52696,53.9,0.61,1
727.cppcheck_r-738_diamond-63B,bw1600_nopf,1.43821,0,0,1
727.cppcheck_r-738_diamond-63B,bw1600_pythia,1.53738,0,0,1
727.cppcheck_r-738_diamond-63B,bw1600_normal,1.55159,99.69,98.91,1
727.cppcheck_r-738_diamond-63B,bw1600_normal_pythia,1.55504,88.3,57.41,1
727.cppcheck_r-738_diamond-63B,bw1600_xpt,1.45915,98.9,20.12,1
727.cppcheck_r-738_diamond-63B,bw1600_xpt_pythia,1.53788,53.84,0.46,1
727.cppcheck_r-738_diamond-63B,bw3200_nopf,1.43908,0,0,1
727.cppcheck_r-738_diamond-63B,bw3200_pythia,1.5404,0,0,1
727.cppcheck_r-738_diamond-63B,bw3200_normal,1.5525,99.69,98.91,1
727.cppcheck_r-738_diamond-63B,bw3200_normal_pythia,1.55674,88.52,57.93,1
727.cppcheck_r-738_diamond-63B,bw3200_xpt,1.46008,98.9,20.12,1
727.cppcheck_r-738_diamond-63B,bw3200_xpt_pythia,1.54049,54.71,0.63,1
727.cppcheck_r-738_diamond-63B,bw6400_nopf,1.43929,0,0,1
727.cppcheck_r-738_diamond-63B,bw6400_pythia,1.54103,0,0,1
727.cppcheck_r-738_diamond-63B,bw6400_normal,1.55272,99.68,98.91,1
727.cppcheck_r-738_diamond-63B,bw6400_normal_pythia,1.55748,88.26,57.78,1
727.cppcheck_r-738_diamond-63B,bw6400_xpt,1.46031,98.9,20.12,1
727.cppcheck_r-738_diamond-63B,bw6400_xpt_pythia,1.541,54.61,0.61,1
727.cppcheck_r-747_dealii-218B,bw200_nopf,0.46531,0,0,1
727.cppcheck_r-747_dealii-218B,bw200_pythia,0.38249,0,0,1
727.cppcheck_r-747_dealii-218B,bw200_normal,0.47554,99.72,99.63,1
727.cppcheck_r-747_dealii-218B,bw200_normal_pythia,0.36325,87.37,77.62,1
727.cppcheck_r-747_dealii-218B,bw200_xpt,0.46806,99.91,17.74,1
727.cppcheck_r-747_dealii-218B,bw200_xpt_pythia,0.38058,93.59,4.26,1
727.cppcheck_r-747_dealii-218B,bw400_nopf,0.65729,0,0,1
727.cppcheck_r-747_dealii-218B,bw400_pythia,0.6187,0,0,1
727.cppcheck_r-747_dealii-218B,bw400_normal,0.71359,99.75,99.6,1
727.cppcheck_r-747_dealii-218B,bw400_normal_pythia,0.61197,88.32,80.12,1
727.cppcheck_r-747_dealii-218B,bw400_xpt,0.66874,99.92,17.75,1
727.cppcheck_r-747_dealii-218B,bw400_xpt_pythia,0.61621,91.53,6.07,1
727.cppcheck_r-747_dealii-218B,bw800_nopf,0.71977,0,0,1
727.cppcheck_r-747_dealii-218B,bw800_pythia,0.7884,0,0,1
727.cppcheck_r-747_dealii-218B,bw800_normal,0.82697,99.75,99.58,1
727.cppcheck_r-747_dealii-218B,bw800_normal_pythia,0.84019,88.29,79.66,1
727.cppcheck_r-747_dealii-218B,bw800_xpt,0.73783,99.91,17.71,1
727.cppcheck_r-747_dealii-218B,bw800_xpt_pythia,0.79833,91.17,3.19,1
727.cppcheck_r-747_dealii-218B,bw1600_nopf,0.73954,0,0,1
727.cppcheck_r-747_dealii-218B,bw1600_pythia,0.84946,0,0,1
727.cppcheck_r-747_dealii-218B,bw1600_normal,0.85526,99.74,99.59,1
727.cppcheck_r-747_dealii-218B,bw1600_normal_pythia,0.90788,89.01,76.13,1
727.cppcheck_r-747_dealii-218B,bw1600_xpt,0.76277,99.91,17.69,1
727.cppcheck_r-747_dealii-218B,bw1600_xpt_pythia,0.82887,80.71,4.09,1
727.cppcheck_r-747_dealii-218B,bw3200_nopf,0.74831,0,0,1
727.cppcheck_r-747_dealii-218B,bw3200_pythia,0.88083,0,0,1
727.cppcheck_r-747_dealii-218B,bw3200_normal,0.8673,99.75,99.6,1
727.cppcheck_r-747_dealii-218B,bw3200_normal_pythia,0.92937,89.51,75.98,1
727.cppcheck_r-747_dealii-218B,bw3200_xpt,0.77216,99.91,17.69,1
727.cppcheck_r-747_dealii-218B,bw3200_xpt_pythia,0.89964,88.55,1.42,1
727.cppcheck_r-747_dealii-218B,bw6400_nopf,0.7526,0,0,1
727.cppcheck_r-747_dealii-218B,bw6400_pythia,0.88727,0,0,1
727.cppcheck_r-747_dealii-218B,bw6400_normal,0.87289,99.73,99.63,1
727.cppcheck_r-747_dealii-218B,bw6400_normal_pythia,0.93919,87.79,73.67,1
727.cppcheck_r-747_dealii-218B,bw6400_xpt,0.77664,99.91,17.69,1
727.cppcheck_r-747_dealii-218B,bw6400_xpt_pythia,0.88927,85.81,1.51,1
727.cppcheck_r-747_dealii-21B,bw200_nopf,0.55932,0,0,1
727.cppcheck_r-747_dealii-21B,bw200_pythia,0.43397,0,0,1
727.cppcheck_r-747_dealii-21B,bw200_normal,0.54726,99.66,99.73,1
727.cppcheck_r-747_dealii-21B,bw200_normal_pythia,0.45171,90.41,82.0,1
727.cppcheck_r-747_dealii-21B,bw200_xpt,0.56402,100.0,12.53,1
727.cppcheck_r-747_dealii-21B,bw200_xpt_pythia,0.4325,64.61,2.43,1
727.cppcheck_r-747_dealii-21B,bw400_nopf,0.72759,0,0,1
727.cppcheck_r-747_dealii-21B,bw400_pythia,0.75285,0,0,1
727.cppcheck_r-747_dealii-21B,bw400_normal,0.8176,99.66,99.73,1
727.cppcheck_r-747_dealii-21B,bw400_normal_pythia,0.77042,92.6,82.74,1
727.cppcheck_r-747_dealii-21B,bw400_xpt,0.73817,100.0,12.53,1
727.cppcheck_r-747_dealii-21B,bw400_xpt_pythia,0.75529,70.54,2.58,1
727.cppcheck_r-747_dealii-21B,bw800_nopf,0.76286,0,0,1
727.cppcheck_r-747_dealii-21B,bw800_pythia,0.91491,0,0,1
727.cppcheck_r-747_dealii-21B,bw800_normal,0.89209,99.66,99.73,1
727.cppcheck_r-747_dealii-21B,bw800_normal_pythia,0.99532,90.97,79.52,1
727.cppcheck_r-747_dealii-21B,bw800_xpt,0.7761,100.0,12.5,1
727.cppcheck_r-747_dealii-21B,bw800_xpt_pythia,0.91935,70.3,5.29,1
727.cppcheck_r-747_dealii-21B,bw1600_nopf,0.76694,0,0,1
727.cppcheck_r-747_dealii-21B,bw1600_pythia,0.97214,0,0,1
727.cppcheck_r-747_dealii-21B,bw1600_normal,0.9006,99.66,99.73,1
727.cppcheck_r-747_dealii-21B,bw1600_normal_pythia,1.08485,91.94,76.61,1
727.cppcheck_r-747_dealii-21B,bw1600_xpt,0.7805,100.0,12.5,1
727.cppcheck_r-747_dealii-21B,bw1600_xpt_pythia,0.9777,68.29,4.23,1
727.cppcheck_r-747_dealii-21B,bw3200_nopf,0.76873,0,0,1
727.cppcheck_r-747_dealii-21B,bw3200_pythia,0.95865,0,0,1
727.cppcheck_r-747_dealii-21B,bw3200_normal,0.90308,99.66,99.73,1
727.cppcheck_r-747_dealii-21B,bw3200_normal_pythia,1.11383,91.73,74.94,1
727.cppcheck_r-747_dealii-21B,bw3200_xpt,0.78213,100.0,12.5,1
727.cppcheck_r-747_dealii-21B,bw3200_xpt_pythia,0.98261,68.07,4.12,1
727.cppcheck_r-747_dealii-21B,bw6400_nopf,0.77022,0,0,1
727.cppcheck_r-747_dealii-21B,bw6400_pythia,0.98453,0,0,1
727.cppcheck_r-747_dealii-21B,bw6400_normal,0.90516,99.66,99.73,1
727.cppcheck_r-747_dealii-21B,bw6400_normal_pythia,1.11702,92.18,76.22,1
727.cppcheck_r-747_dealii-21B,bw6400_xpt,0.78381,100.0,12.5,1
727.cppcheck_r-747_dealii-21B,bw6400_xpt_pythia,0.98784,68.17,4.21,1
727.cppcheck_r-747_dealii-3B,bw200_nopf,0.42527,0,0,1
727.cppcheck_r-747_dealii-3B,bw200_pythia,0.31898,0,0,1
727.cppcheck_r-747_dealii-3B,bw200_normal,0.41363,98.42,99.3,1
727.cppcheck_r-747_dealii-3B,bw200_normal_pythia,0.30921,94.46,91.16,1
727.cppcheck_r-747_dealii-3B,bw200_xpt,0.42518,99.0,10.68,1
727.cppcheck_r-747_dealii-3B,bw200_xpt_pythia,0.31571,94.02,7.24,1
727.cppcheck_r-747_dealii-3B,bw400_nopf,0.54085,0,0,1
727.cppcheck_r-747_dealii-3B,bw400_pythia,0.55063,0,0,1
727.cppcheck_r-747_dealii-3B,bw400_normal,0.60188,98.41,99.3,1
727.cppcheck_r-747_dealii-3B,bw400_normal_pythia,0.5482,93.23,87.77,1
727.cppcheck_r-747_dealii-3B,bw400_xpt,0.54689,99.0,10.68,1
727.cppcheck_r-747_dealii-3B,bw400_xpt_pythia,0.5354,91.61,6.43,1
727.cppcheck_r-747_dealii-3B,bw800_nopf,0.57472,0,0,1
727.cppcheck_r-747_dealii-3B,bw800_pythia,0.71001,0,0,1
727.cppcheck_r-747_dealii-3B,bw800_normal,0.66567,98.36,99.31,1
727.cppcheck_r-747_dealii-3B,bw800_normal_pythia,0.72674,92.53,82.16,1
727.cppcheck_r-747_dealii-3B,bw800_xpt,0.58468,99.0,10.67,1
727.cppcheck_r-747_dealii-3B,bw800_xpt_pythia,0.71938,85.14,2.57,1
727.cppcheck_r-747_dealii-3B,bw1600_nopf,0.58931,0,0,1
727.cppcheck_r-747_dealii-3B,bw1600_pythia,0.76291,0,0,1
727.cppcheck_r-747_dealii-3B,bw1600_normal,0.69769,98.36,99.31,1
727.cppcheck_r-747_dealii-3B,bw1600_normal_pythia,0.79172,94.2,83.27,1
727.cppcheck_r-747_dealii-3B,bw1600_xpt,0.59984,99.0,10.66,1
727.cppcheck_r-747_dealii-3B,bw1600_xpt_pythia,0.75656,98.82,2.2,1
727.cppcheck_r-747_dealii-3B,bw3200_nopf,0.59676,0,0,1
727.cppcheck_r-747_dealii-3B,bw3200_pythia,0.76693,0,0,1
727.cppcheck_r-747_dealii-3B,bw3200_normal,0.71329,98.36,99.31,1
727.cppcheck_r-747_dealii-3B,bw3200_normal_pythia,0.79603,93.68,82.87,1
727.cppcheck_r-747_dealii-3B,bw3200_xpt,0.60748,99.0,10.66,1
727.cppcheck_r-747_dealii-3B,bw3200_xpt_pythia,0.74317,93.27,2.37,1
727.cppcheck_r-747_dealii-3B,bw6400_nopf,0.59908,0,0,1
727.cppcheck_r-747_dealii-3B,bw6400_pythia,0.79767,0,0,1
727.cppcheck_r-747_dealii-3B,bw6400_normal,0.71894,98.36,99.31,1
727.cppcheck_r-747_dealii-3B,bw6400_normal_pythia,0.83714,92.85,78.39,1
727.cppcheck_r-747_dealii-3B,bw6400_xpt,0.60982,99.0,10.66,1
727.cppcheck_r-747_dealii-3B,bw6400_xpt_pythia,0.77135,69.09,0.47,1
727.cppcheck_r-770_7z-38B,bw200_nopf,0.95777,0,0,1
727.cppcheck_r-770_7z-38B,bw200_pythia,0.56441,0,0,1
727.cppcheck_r-770_7z-38B,bw200_normal,0.96123,93.04,88.39,1
727.cppcheck_r-770_7z-38B,bw200_normal_pythia,0.54656,87.74,77.64,1
727.cppcheck_r-770_7z-38B,bw200_xpt,0.96529,95.08,12.51,1
727.cppcheck_r-770_7z-38B,bw200_xpt_pythia,0.56656,47.95,0.69,1
727.cppcheck_r-770_7z-38B,bw400_nopf,1.10046,0,0,1
727.cppcheck_r-770_7z-38B,bw400_pythia,0.93548,0,0,1
727.cppcheck_r-770_7z-38B,bw400_normal,1.1985,92.93,88.79,1
727.cppcheck_r-770_7z-38B,bw400_normal_pythia,0.95043,89.77,69.52,1
727.cppcheck_r-770_7z-38B,bw400_xpt,1.11053,95.1,12.5,1
727.cppcheck_r-770_7z-38B,bw400_xpt_pythia,0.93539,20.84,0.01,1
727.cppcheck_r-770_7z-38B,bw800_nopf,1.13413,0,0,1
727.cppcheck_r-770_7z-38B,bw800_pythia,1.14881,0,0,1
727.cppcheck_r-770_7z-38B,bw800_normal,1.25169,93.11,88.66,1
727.cppcheck_r-770_7z-38B,bw800_normal_pythia,1.2183,91.68,68.36,1
727.cppcheck_r-770_7z-38B,bw800_xpt,1.14519,95.09,12.5,1
727.cppcheck_r-770_7z-38B,bw800_xpt_pythia,1.14881,NaN,0.0,1
727.cppcheck_r-770_7z-38B,bw1600_nopf,1.1425,0,0,1
727.cppcheck_r-770_7z-38B,bw1600_pythia,1.19481,0,0,1
727.cppcheck_r-770_7z-38B,bw1600_normal,1.26174,93.11,88.71,1
727.cppcheck_r-770_7z-38B,bw1600_normal_pythia,1.2689,91.87,68.85,1
727.cppcheck_r-770_7z-38B,bw1600_xpt,1.15341,95.11,12.51,1
727.cppcheck_r-770_7z-38B,bw1600_xpt_pythia,1.19481,NaN,0.0,1
727.cppcheck_r-770_7z-38B,bw3200_nopf,1.14416,0,0,1
727.cppcheck_r-770_7z-38B,bw3200_pythia,1.20226,0,0,1
727.cppcheck_r-770_7z-38B,bw3200_normal,1.26361,93.1,88.7,1
727.cppcheck_r-770_7z-38B,bw3200_normal_pythia,1.27548,91.99,68.85,1
727.cppcheck_r-770_7z-38B,bw3200_xpt,1.15501,95.1,12.5,1
727.cppcheck_r-770_7z-38B,bw3200_xpt_pythia,1.20226,NaN,0.0,1
727.cppcheck_r-770_7z-38B,bw6400_nopf,1.14449,0,0,1
727.cppcheck_r-770_7z-38B,bw6400_pythia,1.20293,0,0,1
727.cppcheck_r-770_7z-38B,bw6400_normal,1.2639,93.09,88.7,1
727.cppcheck_r-770_7z-38B,bw6400_normal_pythia,1.27659,92.01,68.91,1
727.cppcheck_r-770_7z-38B,bw6400_xpt,1.15536,95.1,12.5,1
727.cppcheck_r-770_7z-38B,bw6400_xpt_pythia,1.20293,NaN,0.0,1
727.cppcheck_r-770_7z-404B,bw200_nopf,0.52654,0,0,1
727.cppcheck_r-770_7z-404B,bw200_pythia,0.47488,0,0,1
727.cppcheck_r-770_7z-404B,bw200_normal,0.53494,99.66,99.75,1
727.cppcheck_r-770_7z-404B,bw200_normal_pythia,0.45833,84.47,80.28,1
727.cppcheck_r-770_7z-404B,bw200_xpt,0.52943,99.97,18.05,1
727.cppcheck_r-770_7z-404B,bw200_xpt_pythia,0.4808,73.93,4.02,1
727.cppcheck_r-770_7z-404B,bw400_nopf,0.69889,0,0,1
727.cppcheck_r-770_7z-404B,bw400_pythia,0.70084,0,0,1
727.cppcheck_r-770_7z-404B,bw400_normal,0.7023,99.66,99.75,1
727.cppcheck_r-770_7z-404B,bw400_normal_pythia,0.69227,83.96,82.32,1
727.cppcheck_r-770_7z-404B,bw400_xpt,0.70251,99.97,18.05,1
727.cppcheck_r-770_7z-404B,bw400_xpt_pythia,0.70286,63.04,1.3,1
727.cppcheck_r-770_7z-404B,bw800_nopf,0.75962,0,0,1
727.cppcheck_r-770_7z-404B,bw800_pythia,0.84938,0,0,1
727.cppcheck_r-770_7z-404B,bw800_normal,0.78313,99.66,99.75,1
727.cppcheck_r-770_7z-404B,bw800_normal_pythia,0.85,85.53,82.13,1
727.cppcheck_r-770_7z-404B,bw800_xpt,0.77216,99.97,18.02,1
727.cppcheck_r-770_7z-404B,bw800_xpt_pythia,0.85636,60.06,0.89,1
727.cppcheck_r-770_7z-404B,bw1600_nopf,0.77587,0,0,1
727.cppcheck_r-770_7z-404B,bw1600_pythia,0.88385,0,0,1
727.cppcheck_r-770_7z-404B,bw1600_normal,0.81967,99.66,99.75,1
727.cppcheck_r-770_7z-404B,bw1600_normal_pythia,0.91878,85.46,74.26,1
727.cppcheck_r-770_7z-404B,bw1600_xpt,0.79085,99.97,18.0,1
727.cppcheck_r-770_7z-404B,bw1600_xpt_pythia,0.90296,57.21,0.7,1
727.cppcheck_r-770_7z-404B,bw3200_nopf,0.7816,0,0,1
727.cppcheck_r-770_7z-404B,bw3200_pythia,0.91369,0,0,1
727.cppcheck_r-770_7z-404B,bw3200_normal,0.83222,99.66,99.76,1
727.cppcheck_r-770_7z-404B,bw3200_normal_pythia,0.91017,86.17,82.01,1
727.cppcheck_r-770_7z-404B,bw3200_xpt,0.79697,99.97,18.0,1
727.cppcheck_r-770_7z-404B,bw3200_xpt_pythia,0.89024,57.03,2.02,1
727.cppcheck_r-770_7z-404B,bw6400_nopf,0.78317,0,0,1
727.cppcheck_r-770_7z-404B,bw6400_pythia,0.92422,0,0,1
727.cppcheck_r-770_7z-404B,bw6400_normal,0.8411,99.67,99.75,1
727.cppcheck_r-770_7z-404B,bw6400_normal_pythia,0.91795,86.16,80.18,1
727.cppcheck_r-770_7z-404B,bw6400_xpt,0.79867,99.97,18.0,1
727.cppcheck_r-770_7z-404B,bw6400_xpt_pythia,0.91919,56.87,0.68,1
727.cppcheck_r-770_7z-57B,bw200_nopf,0.93317,0,0,1
727.cppcheck_r-770_7z-57B,bw200_pythia,0.79115,0,0,1
727.cppcheck_r-770_7z-57B,bw200_normal,0.94338,99.5,99.31,1
727.cppcheck_r-770_7z-57B,bw200_normal_pythia,0.74881,88.4,82.21,1
727.cppcheck_r-770_7z-57B,bw200_xpt,0.9376,99.92,15.48,1
727.cppcheck_r-770_7z-57B,bw200_xpt_pythia,0.79137,65.02,0.1,1
727.cppcheck_r-770_7z-57B,bw400_nopf,1.09671,0,0,1
727.cppcheck_r-770_7z-57B,bw400_pythia,1.18109,0,0,1
727.cppcheck_r-770_7z-57B,bw400_normal,1.20796,99.47,99.32,1
727.cppcheck_r-770_7z-57B,bw400_normal_pythia,1.18203,90.02,77.39,1
727.cppcheck_r-770_7z-57B,bw400_xpt,1.10858,99.93,15.53,1
727.cppcheck_r-770_7z-57B,bw400_xpt_pythia,1.17583,65.58,0.07,1
727.cppcheck_r-770_7z-57B,bw800_nopf,1.14239,0,0,1
727.cppcheck_r-770_7z-57B,bw800_pythia,1.34354,0,0,1
727.cppcheck_r-770_7z-57B,bw800_normal,1.26686,99.48,99.32,1
727.cppcheck_r-770_7z-57B,bw800_normal_pythia,1.36655,89.82,74.56,1
727.cppcheck_r-770_7z-57B,bw800_xpt,1.15604,99.93,15.53,1
727.cppcheck_r-770_7z-57B,bw800_xpt_pythia,1.33303,58.9,0.02,1
727.cppcheck_r-770_7z-57B,bw1600_nopf,1.16081,0,0,1
727.cppcheck_r-770_7z-57B,bw1600_pythia,1.38335,0,0,1
727.cppcheck_r-770_7z-57B,bw1600_normal,1.28882,99.49,99.32,1
727.cppcheck_r-770_7z-57B,bw1600_normal_pythia,1.40246,90.25,67.55,1
727.cppcheck_r-770_7z-57B,bw1600_xpt,1.17478,99.93,15.53,1
727.cppcheck_r-770_7z-57B,bw1600_xpt_pythia,1.38505,55.0,0.01,1
727.cppcheck_r-770_7z-57B,bw3200_nopf,1.16855,0,0,1
727.cppcheck_r-770_7z-57B,bw3200_pythia,1.36188,0,0,1
727.cppcheck_r-770_7z-57B,bw3200_normal,1.29722,99.52,99.31,1
727.cppcheck_r-770_7z-57B,bw3200_normal_pythia,1.42905,91.83,69.02,1
727.cppcheck_r-770_7z-57B,bw3200_xpt,1.18269,99.93,15.53,1
727.cppcheck_r-770_7z-57B,bw3200_xpt_pythia,1.3579,60.0,0.02,1
727.cppcheck_r-770_7z-57B,bw6400_nopf,1.17216,0,0,1
727.cppcheck_r-770_7z-57B,bw6400_pythia,1.37015,0,0,1
727.cppcheck_r-770_7z-57B,bw6400_normal,1.30063,99.52,99.31,1
727.cppcheck_r-770_7z-57B,bw6400_normal_pythia,1.39036,91.85,73.05,1
727.cppcheck_r-770_7z-57B,bw6400_xpt,1.18633,99.93,15.53,1
727.cppcheck_r-770_7z-57B,bw6400_xpt_pythia,1.35896,62.55,0.01,1
729.abc_r-des_system90-103B,bw200_nopf,0.39346,0,0,1
729.abc_r-des_system90-103B,bw200_pythia,0.338,0,0,1
729.abc_r-des_system90-103B,bw200_normal,0.38239,94.43,99.95,1
729.abc_r-des_system90-103B,bw200_normal_pythia,0.3279,91.99,98.68,1
729.abc_r-des_system90-103B,bw200_xpt,0.39396,99.97,8.98,1
729.abc_r-des_system90-103B,bw200_xpt_pythia,0.33888,70.72,0.02,1
729.abc_r-des_system90-103B,bw400_nopf,0.54385,0,0,1
729.abc_r-des_system90-103B,bw400_pythia,0.53454,0,0,1
729.abc_r-des_system90-103B,bw400_normal,0.55788,94.41,99.95,1
729.abc_r-des_system90-103B,bw400_normal_pythia,0.53887,91.72,98.59,1
729.abc_r-des_system90-103B,bw400_xpt,0.54605,99.97,8.98,1
729.abc_r-des_system90-103B,bw400_xpt_pythia,0.53464,67.57,0.02,1
729.abc_r-des_system90-103B,bw800_nopf,0.60069,0,0,1
729.abc_r-des_system90-103B,bw800_pythia,0.62293,0,0,1
729.abc_r-des_system90-103B,bw800_normal,0.63134,94.42,99.94,1
729.abc_r-des_system90-103B,bw800_normal_pythia,0.64977,91.42,98.55,1
729.abc_r-des_system90-103B,bw800_xpt,0.60427,99.97,9.07,1
729.abc_r-des_system90-103B,bw800_xpt_pythia,0.62256,44.86,0.04,1
729.abc_r-des_system90-103B,bw1600_nopf,0.61865,0,0,1
729.abc_r-des_system90-103B,bw1600_pythia,0.64863,0,0,1
729.abc_r-des_system90-103B,bw1600_normal,0.65455,94.42,99.94,1
729.abc_r-des_system90-103B,bw1600_normal_pythia,0.6824,91.45,98.34,1
729.abc_r-des_system90-103B,bw1600_xpt,0.62251,99.97,9.07,1
729.abc_r-des_system90-103B,bw1600_xpt_pythia,0.64865,74.11,0.02,1
729.abc_r-des_system90-103B,bw3200_nopf,0.62405,0,0,1
729.abc_r-des_system90-103B,bw3200_pythia,0.65539,0,0,1
729.abc_r-des_system90-103B,bw3200_normal,0.66117,94.42,99.94,1
729.abc_r-des_system90-103B,bw3200_normal_pythia,0.68892,91.31,98.21,1
729.abc_r-des_system90-103B,bw3200_xpt,0.62786,99.97,9.07,1
729.abc_r-des_system90-103B,bw3200_xpt_pythia,0.65554,77.85,0.02,1
729.abc_r-des_system90-103B,bw6400_nopf,0.62593,0,0,1
729.abc_r-des_system90-103B,bw6400_pythia,0.65709,0,0,1
729.abc_r-des_system90-103B,bw6400_normal,0.66359,94.42,99.94,1
729.abc_r-des_system90-103B,bw6400_normal_pythia,0.69028,91.33,98.15,1
729.abc_r-des_system90-103B,bw6400_xpt,0.62974,99.97,9.07,1
729.abc_r-des_system90-103B,bw6400_xpt_pythia,0.65686,77.23,0.02,1
729.abc_r-des_system90-32B,bw200_nopf,0.57378,0,0,1
729.abc_r-des_system90-32B,bw200_pythia,0.54759,0,0,1
729.abc_r-des_system90-32B,bw200_normal,0.57314,86.98,96.98,1
729.abc_r-des_system90-32B,bw200_normal_pythia,0.5305,86.07,94.55,1
729.abc_r-des_system90-32B,bw200_xpt,0.57595,99.69,11.02,1
729.abc_r-des_system90-32B,bw200_xpt_pythia,0.54754,77.63,0.68,1
729.abc_r-des_system90-32B,bw400_nopf,0.65825,0,0,1
729.abc_r-des_system90-32B,bw400_pythia,0.6937,0,0,1
729.abc_r-des_system90-32B,bw400_normal,0.69227,86.99,96.99,1
729.abc_r-des_system90-32B,bw400_normal_pythia,0.72133,86.12,94.69,1
729.abc_r-des_system90-32B,bw400_xpt,0.6626,99.69,11.01,1
729.abc_r-des_system90-32B,bw400_xpt_pythia,0.6933,77.28,0.69,1
729.abc_r-des_system90-32B,bw800_nopf,0.69362,0,0,1
729.abc_r-des_system90-32B,bw800_pythia,0.74208,0,0,1
729.abc_r-des_system90-32B,bw800_normal,0.73468,87.02,96.99,1
729.abc_r-des_system90-32B,bw800_normal_pythia,0.77778,85.96,93.92,1
729.abc_r-des_system90-32B,bw800_xpt,0.69863,99.69,10.97,1
729.abc_r-des_system90-32B,bw800_xpt_pythia,0.74124,69.32,1.03,1
729.abc_r-des_system90-32B,bw1600_nopf,0.70982,0,0,1
729.abc_r-des_system90-32B,bw1600_pythia,0.76481,0,0,1
729.abc_r-des_system90-32B,bw1600_normal,0.75382,87.02,96.99,1
729.abc_r-des_system90-32B,bw1600_normal_pythia,0.80318,85.48,92.96,1
729.abc_r-des_system90-32B,bw1600_xpt,0.71517,99.69,10.97,1
729.abc_r-des_system90-32B,bw1600_xpt_pythia,0.76498,57.86,0.52,1
729.abc_r-des_system90-32B,bw3200_nopf,0.71589,0,0,1
729.abc_r-des_system90-32B,bw3200_pythia,0.77307,0,0,1
729.abc_r-des_system90-32B,bw3200_normal,0.76094,87.01,96.99,1
729.abc_r-des_system90-32B,bw3200_normal_pythia,0.81238,85.69,92.75,1
729.abc_r-des_system90-32B,bw3200_xpt,0.72141,99.69,10.94,1
729.abc_r-des_system90-32B,bw3200_xpt_pythia,0.77315,57.22,0.46,1
729.abc_r-des_system90-32B,bw6400_nopf,0.71747,0,0,1
729.abc_r-des_system90-32B,bw6400_pythia,0.77455,0,0,1
729.abc_r-des_system90-32B,bw6400_normal,0.76271,87.01,96.97,1
729.abc_r-des_system90-32B,bw6400_normal_pythia,0.81399,85.58,92.31,1
729.abc_r-des_system90-32B,bw6400_xpt,0.72293,99.69,10.94,1
729.abc_r-des_system90-32B,bw6400_xpt_pythia,0.77472,56.02,0.42,1
729.abc_r-des_system90-75B,bw200_nopf,0.1554,0,0,1
729.abc_r-des_system90-75B,bw200_pythia,0.15325,0,0,1
729.abc_r-des_system90-75B,bw200_normal,0.15557,99.74,99.77,1
729.abc_r-des_system90-75B,bw200_normal_pythia,0.14673,88.41,89.59,1
729.abc_r-des_system90-75B,bw200_xpt,0.15552,99.85,45.79,1
729.abc_r-des_system90-75B,bw200_xpt_pythia,0.14825,74.86,28.95,1
729.abc_r-des_system90-75B,bw400_nopf,0.28021,0,0,1
729.abc_r-des_system90-75B,bw400_pythia,0.28748,0,0,1
729.abc_r-des_system90-75B,bw400_normal,0.28326,99.75,99.76,1
729.abc_r-des_system90-75B,bw400_normal_pythia,0.27805,89.28,82.06,1
729.abc_r-des_system90-75B,bw400_xpt,0.28219,99.85,45.8,1
729.abc_r-des_system90-75B,bw400_xpt_pythia,0.27722,73.11,28.69,1
729.abc_r-des_system90-75B,bw800_nopf,0.43954,0,0,1
729.abc_r-des_system90-75B,bw800_pythia,0.48977,0,0,1
729.abc_r-des_system90-75B,bw800_normal,0.4551,99.74,99.75,1
729.abc_r-des_system90-75B,bw800_normal_pythia,0.47433,88.61,89.63,1
729.abc_r-des_system90-75B,bw800_xpt,0.44696,99.85,44.99,1
729.abc_r-des_system90-75B,bw800_xpt_pythia,0.47827,80.73,33.1,1
729.abc_r-des_system90-75B,bw1600_nopf,0.5877,0,0,1
729.abc_r-des_system90-75B,bw1600_pythia,0.72595,0,0,1
729.abc_r-des_system90-75B,bw1600_normal,0.61944,99.74,99.75,1
729.abc_r-des_system90-75B,bw1600_normal_pythia,0.71022,90.78,87.5,1
729.abc_r-des_system90-75B,bw1600_xpt,0.60186,99.84,44.39,1
729.abc_r-des_system90-75B,bw1600_xpt_pythia,0.71539,73.15,28.41,1
729.abc_r-des_system90-75B,bw3200_nopf,0.66758,0,0,1
729.abc_r-des_system90-75B,bw3200_pythia,0.89735,0,0,1
729.abc_r-des_system90-75B,bw3200_normal,0.71514,99.74,99.75,1
729.abc_r-des_system90-75B,bw3200_normal_pythia,0.89528,86.8,86.06,1
729.abc_r-des_system90-75B,bw3200_xpt,0.68833,99.84,43.89,1
729.abc_r-des_system90-75B,bw3200_xpt_pythia,0.89277,69.08,25.7,1
729.abc_r-des_system90-75B,bw6400_nopf,0.68987,0,0,1
729.abc_r-des_system90-75B,bw6400_pythia,0.93934,0,0,1
729.abc_r-des_system90-75B,bw6400_normal,0.74422,99.74,99.75,1
729.abc_r-des_system90-75B,bw6400_normal_pythia,0.9421,84.3,78.31,1
729.abc_r-des_system90-75B,bw6400_xpt,0.71331,99.84,43.84,1
729.abc_r-des_system90-75B,bw6400_xpt_pythia,0.93514,59.5,19.0,1
729.abc_r-des_system90-77B,bw200_nopf,0.37417,0,0,1
729.abc_r-des_system90-77B,bw200_pythia,0.39277,0,0,1
729.abc_r-des_system90-77B,bw200_normal,0.37758,99.99,99.99,1
729.abc_r-des_system90-77B,bw200_normal_pythia,0.37766,77.62,73.65,1
729.abc_r-des_system90-77B,bw200_xpt,0.37584,99.99,48.7,1
729.abc_r-des_system90-77B,bw200_xpt_pythia,0.38577,68.2,21.23,1
729.abc_r-des_system90-77B,bw400_nopf,0.61943,0,0,1
729.abc_r-des_system90-77B,bw400_pythia,0.72656,0,0,1
729.abc_r-des_system90-77B,bw400_normal,0.6417,99.99,99.99,1
729.abc_r-des_system90-77B,bw400_normal_pythia,0.71901,80.41,45.3,1
729.abc_r-des_system90-77B,bw400_xpt,0.63029,99.99,48.75,1
729.abc_r-des_system90-77B,bw400_xpt_pythia,0.72201,55.09,7.68,1
729.abc_r-des_system90-77B,bw800_nopf,0.81158,0,0,1
729.abc_r-des_system90-77B,bw800_pythia,1.19008,0,0,1
729.abc_r-des_system90-77B,bw800_normal,0.88468,99.99,99.99,1
729.abc_r-des_system90-77B,bw800_normal_pythia,1.18795,80.92,38.58,1
729.abc_r-des_system90-77B,bw800_xpt,0.84636,99.99,48.78,1
729.abc_r-des_system90-77B,bw800_xpt_pythia,1.19016,37.59,0.39,1
729.abc_r-des_system90-77B,bw1600_nopf,0.90693,0,0,1
729.abc_r-des_system90-77B,bw1600_pythia,1.54353,0,0,1
729.abc_r-des_system90-77B,bw1600_normal,0.99747,99.99,99.99,1
729.abc_r-des_system90-77B,bw1600_normal_pythia,1.54858,83.69,40.16,1
729.abc_r-des_system90-77B,bw1600_xpt,0.94912,99.99,48.77,1
729.abc_r-des_system90-77B,bw1600_xpt_pythia,1.54387,25.97,0.05,1
729.abc_r-des_system90-77B,bw3200_nopf,0.9357,0,0,1
729.abc_r-des_system90-77B,bw3200_pythia,1.64838,0,0,1
729.abc_r-des_system90-77B,bw3200_normal,1.03006,99.99,99.99,1
729.abc_r-des_system90-77B,bw3200_normal_pythia,1.65751,84.64,46.93,1
729.abc_r-des_system90-77B,bw3200_xpt,0.97997,99.99,48.75,1
729.abc_r-des_system90-77B,bw3200_xpt_pythia,1.64878,25.96,0.06,1
729.abc_r-des_system90-77B,bw6400_nopf,0.94627,0,0,1
729.abc_r-des_system90-77B,bw6400_pythia,1.66553,0,0,1
729.abc_r-des_system90-77B,bw6400_normal,1.042,99.99,99.99,1
729.abc_r-des_system90-77B,bw6400_normal_pythia,1.67602,84.97,48.35,1
729.abc_r-des_system90-77B,bw6400_xpt,0.99073,99.99,48.75,1
729.abc_r-des_system90-77B,bw6400_xpt_pythia,1.66572,26.05,0.05,1
729.abc_r-des_system90-88B,bw200_nopf,0.47068,0,0,1
729.abc_r-des_system90-88B,bw200_pythia,0.49605,0,0,1
729.abc_r-des_system90-88B,bw200_normal,0.47594,99.99,99.99,1
729.abc_r-des_system90-88B,bw200_normal_pythia,0.4847,79.72,68.42,1
729.abc_r-des_system90-88B,bw200_xpt,0.47322,99.99,49.05,1
729.abc_r-des_system90-88B,bw200_xpt_pythia,0.49239,71.07,14.43,1
729.abc_r-des_system90-88B,bw400_nopf,0.76088,0,0,1
729.abc_r-des_system90-88B,bw400_pythia,0.90172,0,0,1
729.abc_r-des_system90-88B,bw400_normal,0.78763,99.99,99.99,1
729.abc_r-des_system90-88B,bw400_normal_pythia,0.89836,82.01,41.66,1
729.abc_r-des_system90-88B,bw400_xpt,0.77372,99.99,49.05,1
729.abc_r-des_system90-88B,bw400_xpt_pythia,0.90185,31.49,0.15,1
729.abc_r-des_system90-88B,bw800_nopf,0.98291,0,0,1
729.abc_r-des_system90-88B,bw800_pythia,1.3789,0,0,1
729.abc_r-des_system90-88B,bw800_normal,1.0589,99.99,99.99,1
729.abc_r-des_system90-88B,bw800_normal_pythia,1.37873,81.88,44.17,1
729.abc_r-des_system90-88B,bw800_xpt,1.01994,99.99,49.07,1
729.abc_r-des_system90-88B,bw800_xpt_pythia,1.37899,22.86,0.04,1
729.abc_r-des_system90-88B,bw1600_nopf,1.08397,0,0,1
729.abc_r-des_system90-88B,bw1600_pythia,1.69708,0,0,1
729.abc_r-des_system90-88B,bw1600_normal,1.18981,99.99,99.99,1
729.abc_r-des_system90-88B,bw1600_normal_pythia,1.70195,83.7,50.92,1
729.abc_r-des_system90-88B,bw1600_xpt,1.1338,99.99,49.07,1
729.abc_r-des_system90-88B,bw1600_xpt_pythia,1.69706,26.88,0.05,1
729.abc_r-des_system90-88B,bw3200_nopf,1.11249,0,0,1
729.abc_r-des_system90-88B,bw3200_pythia,1.76867,0,0,1
729.abc_r-des_system90-88B,bw3200_normal,1.22936,99.99,99.99,1
729.abc_r-des_system90-88B,bw3200_normal_pythia,1.77643,85.23,62.65,1
729.abc_r-des_system90-88B,bw3200_xpt,1.1673,99.99,49.07,1
729.abc_r-des_system90-88B,bw3200_xpt_pythia,1.76873,25.54,0.07,1
729.abc_r-des_system90-88B,bw6400_nopf,1.12159,0,0,1
729.abc_r-des_system90-88B,bw6400_pythia,1.77996,0,0,1
729.abc_r-des_system90-88B,bw6400_normal,1.24335,99.99,99.99,1
729.abc_r-des_system90-88B,bw6400_normal_pythia,1.78811,86.93,62.44,1
729.abc_r-des_system90-88B,bw6400_xpt,1.17818,99.99,49.07,1
729.abc_r-des_system90-88B,bw6400_xpt_pythia,1.77991,25.79,0.07,1
729.abc_r-mcml-19B,bw200_nopf,0.20015,0,0,1
729.abc_r-mcml-19B,bw200_pythia,0.19073,0,0,1
729.abc_r-mcml-19B,bw200_normal,0.1997,96.65,99.12,1
729.abc_r-mcml-19B,bw200_normal_pythia,0.1849,91.44,90.32,1
729.abc_r-mcml-19B,bw200_xpt,0.20131,99.5,28.73,1
729.abc_r-mcml-19B,bw200_xpt_pythia,0.18556,72.98,16.69,1
729.abc_r-mcml-19B,bw400_nopf,0.31396,0,0,1
729.abc_r-mcml-19B,bw400_pythia,0.32411,0,0,1
729.abc_r-mcml-19B,bw400_normal,0.32475,96.68,99.1,1
729.abc_r-mcml-19B,bw400_normal_pythia,0.32152,92.26,90.13,1
729.abc_r-mcml-19B,bw400_xpt,0.31805,99.5,28.72,1
729.abc_r-mcml-19B,bw400_xpt_pythia,0.31951,78.28,15.76,1
729.abc_r-mcml-19B,bw800_nopf,0.40875,0,0,1
729.abc_r-mcml-19B,bw800_pythia,0.45162,0,0,1
729.abc_r-mcml-19B,bw800_normal,0.43212,96.69,99.12,1
729.abc_r-mcml-19B,bw800_normal_pythia,0.45752,92.95,90.71,1
729.abc_r-mcml-19B,bw800_xpt,0.41625,99.5,28.27,1
729.abc_r-mcml-19B,bw800_xpt_pythia,0.4454,77.45,15.14,1
729.abc_r-mcml-19B,bw1600_nopf,0.47388,0,0,1
729.abc_r-mcml-19B,bw1600_pythia,0.53971,0,0,1
729.abc_r-mcml-19B,bw1600_normal,0.50736,96.68,99.1,1
729.abc_r-mcml-19B,bw1600_normal_pythia,0.55186,92.13,90.02,1
729.abc_r-mcml-19B,bw1600_xpt,0.48458,99.5,27.9,1
729.abc_r-mcml-19B,bw1600_xpt_pythia,0.53753,77.08,14.54,1
729.abc_r-mcml-19B,bw3200_nopf,0.5038,0,0,1
729.abc_r-mcml-19B,bw3200_pythia,0.58593,0,0,1
729.abc_r-mcml-19B,bw3200_normal,0.54299,96.64,99.11,1
729.abc_r-mcml-19B,bw3200_normal_pythia,0.60546,90.42,88.17,1
729.abc_r-mcml-19B,bw3200_xpt,0.51635,99.49,27.41,1
729.abc_r-mcml-19B,bw3200_xpt_pythia,0.58438,73.16,13.12,1
729.abc_r-mcml-19B,bw6400_nopf,0.51175,0,0,1
729.abc_r-mcml-19B,bw6400_pythia,0.5982,0,0,1
729.abc_r-mcml-19B,bw6400_normal,0.55346,96.69,99.1,1
729.abc_r-mcml-19B,bw6400_normal_pythia,0.62201,89.4,86.29,1
729.abc_r-mcml-19B,bw6400_xpt,0.52538,99.49,27.24,1
729.abc_r-mcml-19B,bw6400_xpt_pythia,0.59545,61.56,10.12,1
734.vpr_r-jpeg_place-76B,bw200_nopf,0.44152,0,0,1
734.vpr_r-jpeg_place-76B,bw200_pythia,0.42063,0,0,1
734.vpr_r-jpeg_place-76B,bw200_normal,0.44792,95.63,96.93,1
734.vpr_r-jpeg_place-76B,bw200_normal_pythia,0.40897,80.0,67.72,1
734.vpr_r-jpeg_place-76B,bw200_xpt,0.44347,98.92,23.12,1
734.vpr_r-jpeg_place-76B,bw200_xpt_pythia,0.419,73.69,5.78,1
734.vpr_r-jpeg_place-76B,bw400_nopf,0.55621,0,0,1
734.vpr_r-jpeg_place-76B,bw400_pythia,0.61938,0,0,1
734.vpr_r-jpeg_place-76B,bw400_normal,0.58718,95.62,96.93,1
734.vpr_r-jpeg_place-76B,bw400_normal_pythia,0.61959,80.42,67.29,1
734.vpr_r-jpeg_place-76B,bw400_xpt,0.56193,98.92,23.12,1
734.vpr_r-jpeg_place-76B,bw400_xpt_pythia,0.61775,76.65,5.04,1
734.vpr_r-jpeg_place-76B,bw800_nopf,0.60486,0,0,1
734.vpr_r-jpeg_place-76B,bw800_pythia,0.72779,0,0,1
734.vpr_r-jpeg_place-76B,bw800_normal,0.64921,95.62,96.92,1
734.vpr_r-jpeg_place-76B,bw800_normal_pythia,0.73873,80.17,65.34,1
734.vpr_r-jpeg_place-76B,bw800_xpt,0.6144,98.92,23.04,1
734.vpr_r-jpeg_place-76B,bw800_xpt_pythia,0.7259,76.85,4.71,1
734.vpr_r-jpeg_place-76B,bw1600_nopf,0.62421,0,0,1
734.vpr_r-jpeg_place-76B,bw1600_pythia,0.77161,0,0,1
734.vpr_r-jpeg_place-76B,bw1600_normal,0.67468,95.62,96.91,1
734.vpr_r-jpeg_place-76B,bw1600_normal_pythia,0.78932,79.8,63.61,1
734.vpr_r-jpeg_place-76B,bw1600_xpt,0.63491,98.92,22.97,1
734.vpr_r-jpeg_place-76B,bw1600_xpt_pythia,0.77247,74.28,4.64,1
734.vpr_r-jpeg_place-76B,bw3200_nopf,0.63175,0,0,1
734.vpr_r-jpeg_place-76B,bw3200_pythia,0.7896,0,0,1
734.vpr_r-jpeg_place-76B,bw3200_normal,0.68465,95.62,96.92,1
734.vpr_r-jpeg_place-76B,bw3200_normal_pythia,0.80607,80.0,61.79,1
734.vpr_r-jpeg_place-76B,bw3200_xpt,0.64269,98.92,22.91,1
734.vpr_r-jpeg_place-76B,bw3200_xpt_pythia,0.78513,72.39,3.93,1
734.vpr_r-jpeg_place-76B,bw6400_nopf,0.63388,0,0,1
734.vpr_r-jpeg_place-76B,bw6400_pythia,0.792,0,0,1
734.vpr_r-jpeg_place-76B,bw6400_normal,0.6878,95.62,96.91,1
734.vpr_r-jpeg_place-76B,bw6400_normal_pythia,0.80905,79.9,61.22,1
734.vpr_r-jpeg_place-76B,bw6400_xpt,0.64498,98.92,22.91,1
734.vpr_r-jpeg_place-76B,bw6400_xpt_pythia,0.79172,71.67,3.59,1
734.vpr_r-jpeg_route-49B,bw200_nopf,0.48272,0,0,1
734.vpr_r-jpeg_route-49B,bw200_pythia,0.44996,0,0,1
734.vpr_r-jpeg_route-49B,bw200_normal,0.48226,99.78,99.68,1
734.vpr_r-jpeg_route-49B,bw200_normal_pythia,0.42063,90.48,82.02,1
734.vpr_r-jpeg_route-49B,bw200_xpt,0.48263,99.73,27.85,1
734.vpr_r-jpeg_route-49B,bw200_xpt_pythia,0.43268,64.33,6.4,1
734.vpr_r-jpeg_route-49B,bw400_nopf,0.74204,0,0,1
734.vpr_r-jpeg_route-49B,bw400_pythia,0.72046,0,0,1
734.vpr_r-jpeg_route-49B,bw400_normal,0.74414,99.79,99.68,1
734.vpr_r-jpeg_route-49B,bw400_normal_pythia,0.69,90.51,80.88,1
734.vpr_r-jpeg_route-49B,bw400_xpt,0.7428,99.7,27.95,1
734.vpr_r-jpeg_route-49B,bw400_xpt_pythia,0.71249,61.75,4.55,1
734.vpr_r-jpeg_route-49B,bw800_nopf,0.90943,0,0,1
734.vpr_r-jpeg_route-49B,bw800_pythia,0.95406,0,0,1
734.vpr_r-jpeg_route-49B,bw800_normal,0.94087,99.78,99.68,1
734.vpr_r-jpeg_route-49B,bw800_normal_pythia,0.95069,90.84,78.77,1
734.vpr_r-jpeg_route-49B,bw800_xpt,0.91956,99.68,27.67,1
734.vpr_r-jpeg_route-49B,bw800_xpt_pythia,0.95992,64.59,2.61,1
734.vpr_r-jpeg_route-49B,bw1600_nopf,0.968,0,0,1
734.vpr_r-jpeg_route-49B,bw1600_pythia,1.08262,0,0,1
734.vpr_r-jpeg_route-49B,bw1600_normal,1.00903,99.79,99.67,1
734.vpr_r-jpeg_route-49B,bw1600_normal_pythia,1.08348,93.13,79.24,1
734.vpr_r-jpeg_route-49B,bw1600_xpt,0.9833,99.68,27.44,1
734.vpr_r-jpeg_route-49B,bw1600_xpt_pythia,1.08235,78.8,1.78,1
734.vpr_r-jpeg_route-49B,bw3200_nopf,0.98816,0,0,1
734.vpr_r-jpeg_route-49B,bw3200_pythia,1.12158,0,0,1
734.vpr_r-jpeg_route-49B,bw3200_normal,1.02967,99.79,99.68,1
734.vpr_r-jpeg_route-49B,bw3200_normal_pythia,1.12873,94.32,82.1,1
734.vpr_r-jpeg_route-49B,bw3200_xpt,1.00333,99.68,27.12,1
734.vpr_r-jpeg_route-49B,bw3200_xpt_pythia,1.11971,83.67,1.53,1
734.vpr_r-jpeg_route-49B,bw6400_nopf,0.99199,0,0,1
734.vpr_r-jpeg_route-49B,bw6400_pythia,1.12762,0,0,1
734.vpr_r-jpeg_route-49B,bw6400_normal,1.03383,99.78,99.68,1
734.vpr_r-jpeg_route-49B,bw6400_normal_pythia,1.13553,95.38,83.86,1
734.vpr_r-jpeg_route-49B,bw6400_xpt,1.00761,99.69,27.11,1
734.vpr_r-jpeg_route-49B,bw6400_xpt_pythia,1.12699,81.61,1.02,1
734.vpr_r-smithwaterman_place-213B,bw200_nopf,0.56993,0,0,1
734.vpr_r-smithwaterman_place-213B,bw200_pythia,0.55718,0,0,1
734.vpr_r-smithwaterman_place-213B,bw200_normal,0.58085,73.54,54.6,1
734.vpr_r-smithwaterman_place-213B,bw200_normal_pythia,0.55232,64.67,33.57,1
734.vpr_r-smithwaterman_place-213B,bw200_xpt,0.57021,92.25,0.04,1
734.vpr_r-smithwaterman_place-213B,bw200_xpt_pythia,0.55718,NaN,0.0,1
734.vpr_r-smithwaterman_place-213B,bw400_nopf,0.5879,0,0,1
734.vpr_r-smithwaterman_place-213B,bw400_pythia,0.62045,0,0,1
734.vpr_r-smithwaterman_place-213B,bw400_normal,0.60634,73.61,54.63,1
734.vpr_r-smithwaterman_place-213B,bw400_normal_pythia,0.6266,64.73,33.5,1
734.vpr_r-smithwaterman_place-213B,bw400_xpt,0.58816,91.83,0.04,1
734.vpr_r-smithwaterman_place-213B,bw400_xpt_pythia,0.62045,NaN,0.0,1
734.vpr_r-smithwaterman_place-213B,bw800_nopf,0.59243,0,0,1
734.vpr_r-smithwaterman_place-213B,bw800_pythia,0.63649,0,0,1
734.vpr_r-smithwaterman_place-213B,bw800_normal,0.61182,73.65,54.47,1
734.vpr_r-smithwaterman_place-213B,bw800_normal_pythia,0.64523,64.68,33.26,1
734.vpr_r-smithwaterman_place-213B,bw800_xpt,0.5927,91.92,0.04,1
734.vpr_r-smithwaterman_place-213B,bw800_xpt_pythia,0.63649,NaN,0.0,1
734.vpr_r-smithwaterman_place-213B,bw1600_nopf,0.59382,0,0,1
734.vpr_r-smithwaterman_place-213B,bw1600_pythia,0.64237,0,0,1
734.vpr_r-smithwaterman_place-213B,bw1600_normal,0.61341,73.6,54.71,1
734.vpr_r-smithwaterman_place-213B,bw1600_normal_pythia,0.65116,64.55,33.18,1
734.vpr_r-smithwaterman_place-213B,bw1600_xpt,0.59408,91.91,0.04,1
734.vpr_r-smithwaterman_place-213B,bw1600_xpt_pythia,0.64237,NaN,0.0,1
734.vpr_r-smithwaterman_place-213B,bw3200_nopf,0.59416,0,0,1
734.vpr_r-smithwaterman_place-213B,bw3200_pythia,0.64459,0,0,1
734.vpr_r-smithwaterman_place-213B,bw3200_normal,0.61381,73.64,54.61,1
734.vpr_r-smithwaterman_place-213B,bw3200_normal_pythia,0.65368,64.61,33.11,1
734.vpr_r-smithwaterman_place-213B,bw3200_xpt,0.59442,91.91,0.04,1
734.vpr_r-smithwaterman_place-213B,bw3200_xpt_pythia,0.64459,NaN,0.0,1
734.vpr_r-smithwaterman_place-213B,bw6400_nopf,0.59428,0,0,1
734.vpr_r-smithwaterman_place-213B,bw6400_pythia,0.64442,0,0,1
734.vpr_r-smithwaterman_place-213B,bw6400_normal,0.61402,73.72,54.56,1
734.vpr_r-smithwaterman_place-213B,bw6400_normal_pythia,0.65378,64.62,33.21,1
734.vpr_r-smithwaterman_place-213B,bw6400_xpt,0.59454,91.91,0.04,1
734.vpr_r-smithwaterman_place-213B,bw6400_xpt_pythia,0.64442,NaN,0.0,1
736.ocio_r-heavy_transform-65B,bw200_nopf,0.37553,0,0,1
736.ocio_r-heavy_transform-65B,bw200_pythia,0.37433,0,0,1
736.ocio_r-heavy_transform-65B,bw200_normal,0.37558,100.0,100.0,1
736.ocio_r-heavy_transform-65B,bw200_normal_pythia,0.36643,81.07,67.89,1
736.ocio_r-heavy_transform-65B,bw200_xpt,0.37558,99.99,49.92,1
736.ocio_r-heavy_transform-65B,bw200_xpt_pythia,0.36973,68.96,20.25,1
736.ocio_r-heavy_transform-65B,bw400_nopf,0.59928,0,0,1
736.ocio_r-heavy_transform-65B,bw400_pythia,0.59586,0,0,1
736.ocio_r-heavy_transform-65B,bw400_normal,0.59936,100.0,100.0,1
736.ocio_r-heavy_transform-65B,bw400_normal_pythia,0.58652,81.44,65.68,1
736.ocio_r-heavy_transform-65B,bw400_xpt,0.59935,99.99,49.92,1
736.ocio_r-heavy_transform-65B,bw400_xpt_pythia,0.59,67.38,19.1,1
736.ocio_r-heavy_transform-65B,bw800_nopf,0.86067,0,0,1
736.ocio_r-heavy_transform-65B,bw800_pythia,0.85368,0,0,1
736.ocio_r-heavy_transform-65B,bw800_normal,0.86057,100.0,100.0,1
736.ocio_r-heavy_transform-65B,bw800_normal_pythia,0.84624,82.66,58.3,1
736.ocio_r-heavy_transform-65B,bw800_xpt,0.8607,99.99,49.53,1
736.ocio_r-heavy_transform-65B,bw800_xpt_pythia,0.84866,64.12,14.48,1
736.ocio_r-heavy_transform-65B,bw1600_nopf,1.08553,0,0,1
736.ocio_r-heavy_transform-65B,bw1600_pythia,1.08792,0,0,1
736.ocio_r-heavy_transform-65B,bw1600_normal,1.08606,100.0,100.0,1
736.ocio_r-heavy_transform-65B,bw1600_normal_pythia,1.0839,86.54,57.66,1
736.ocio_r-heavy_transform-65B,bw1600_xpt,1.08589,99.99,49.49,1
736.ocio_r-heavy_transform-65B,bw1600_xpt_pythia,1.08603,66.48,8.95,1
736.ocio_r-heavy_transform-65B,bw3200_nopf,1.19856,0,0,1
736.ocio_r-heavy_transform-65B,bw3200_pythia,1.23309,0,0,1
736.ocio_r-heavy_transform-65B,bw3200_normal,1.20346,100.0,100.0,1
736.ocio_r-heavy_transform-65B,bw3200_normal_pythia,1.23214,88.84,62.23,1
736.ocio_r-heavy_transform-65B,bw3200_xpt,1.20118,99.99,49.34,1
736.ocio_r-heavy_transform-65B,bw3200_xpt_pythia,1.23274,81.78,8.34,1
736.ocio_r-heavy_transform-65B,bw6400_nopf,1.21997,0,0,1
736.ocio_r-heavy_transform-65B,bw6400_pythia,1.2698,0,0,1
736.ocio_r-heavy_transform-65B,bw6400_normal,1.22667,100.0,100.0,1
736.ocio_r-heavy_transform-65B,bw6400_normal_pythia,1.26958,89.09,62.22,1
736.ocio_r-heavy_transform-65B,bw6400_xpt,1.22334,99.99,49.39,1
736.ocio_r-heavy_transform-65B,bw6400_xpt_pythia,1.2696,81.05,8.13,1
736.ocio_r-lut1d_halfdom-43B,bw200_nopf,0.36102,0,0,1
736.ocio_r-lut1d_halfdom-43B,bw200_pythia,0.36143,0,0,1
736.ocio_r-lut1d_halfdom-43B,bw200_normal,0.36173,100.0,100.0,1
736.ocio_r-lut1d_halfdom-43B,bw200_normal_pythia,0.34828,88.47,99.48,1
736.ocio_r-lut1d_halfdom-43B,bw200_xpt,0.36144,100.0,49.98,1
736.ocio_r-lut1d_halfdom-43B,bw200_xpt_pythia,0.35407,86.03,43.61,1
736.ocio_r-lut1d_halfdom-43B,bw400_nopf,0.66574,0,0,1
736.ocio_r-lut1d_halfdom-43B,bw400_pythia,0.67759,0,0,1
736.ocio_r-lut1d_halfdom-43B,bw400_normal,0.67225,100.0,100.0,1
736.ocio_r-lut1d_halfdom-43B,bw400_normal_pythia,0.65746,89.49,98.82,1
736.ocio_r-lut1d_halfdom-43B,bw400_xpt,0.66928,100.0,49.98,1
736.ocio_r-lut1d_halfdom-43B,bw400_xpt_pythia,0.66728,87.9,42.99,1
736.ocio_r-lut1d_halfdom-43B,bw800_nopf,1.00928,0,0,1
736.ocio_r-lut1d_halfdom-43B,bw800_pythia,1.10502,0,0,1
736.ocio_r-lut1d_halfdom-43B,bw800_normal,1.0284,100.0,100.0,1
736.ocio_r-lut1d_halfdom-43B,bw800_normal_pythia,1.0988,87.31,69.76,1
736.ocio_r-lut1d_halfdom-43B,bw800_xpt,1.01755,100.0,49.87,1
736.ocio_r-lut1d_halfdom-43B,bw800_xpt_pythia,1.10027,15.25,0.9,1
736.ocio_r-lut1d_halfdom-43B,bw1600_nopf,1.26774,0,0,1
736.ocio_r-lut1d_halfdom-43B,bw1600_pythia,1.42746,0,0,1
736.ocio_r-lut1d_halfdom-43B,bw1600_normal,1.30239,100.0,100.0,1
736.ocio_r-lut1d_halfdom-43B,bw1600_normal_pythia,1.42919,93.84,54.42,1
736.ocio_r-lut1d_halfdom-43B,bw1600_xpt,1.28398,100.0,49.96,1
736.ocio_r-lut1d_halfdom-43B,bw1600_xpt_pythia,1.42566,38.21,0.78,1
736.ocio_r-lut1d_halfdom-43B,bw3200_nopf,1.41567,0,0,1
736.ocio_r-lut1d_halfdom-43B,bw3200_pythia,1.58063,0,0,1
736.ocio_r-lut1d_halfdom-43B,bw3200_normal,1.45934,100.0,100.0,1
736.ocio_r-lut1d_halfdom-43B,bw3200_normal_pythia,1.58528,96.77,67.99,1
736.ocio_r-lut1d_halfdom-43B,bw3200_xpt,1.44014,100.0,49.94,1
736.ocio_r-lut1d_halfdom-43B,bw3200_xpt_pythia,1.58073,32.4,0.04,1
736.ocio_r-lut1d_halfdom-43B,bw6400_nopf,1.48688,0,0,1
736.ocio_r-lut1d_halfdom-43B,bw6400_pythia,1.63347,0,0,1
736.ocio_r-lut1d_halfdom-43B,bw6400_normal,1.54161,100.0,100.0,1
736.ocio_r-lut1d_halfdom-43B,bw6400_normal_pythia,1.6394,96.71,72.78,1
736.ocio_r-lut1d_halfdom-43B,bw6400_xpt,1.51659,100.0,49.96,1
736.ocio_r-lut1d_halfdom-43B,bw6400_xpt_pythia,1.63346,27.08,0.01,1
736.ocio_r-lut1d_halfdom-6B,bw200_nopf,0.26036,0,0,1
736.ocio_r-lut1d_halfdom-6B,bw200_pythia,0.26044,0,0,1
736.ocio_r-lut1d_halfdom-6B,bw200_normal,0.26098,100.0,100.0,1
736.ocio_r-lut1d_halfdom-6B,bw200_normal_pythia,0.24748,86.42,88.3,1
736.ocio_r-lut1d_halfdom-6B,bw200_xpt,0.26071,100.0,49.98,1
736.ocio_r-lut1d_halfdom-6B,bw200_xpt_pythia,0.25357,83.48,36.67,1
736.ocio_r-lut1d_halfdom-6B,bw400_nopf,0.47592,0,0,1
736.ocio_r-lut1d_halfdom-6B,bw400_pythia,0.47822,0,0,1
736.ocio_r-lut1d_halfdom-6B,bw400_normal,0.47541,100.0,100.0,1
736.ocio_r-lut1d_halfdom-6B,bw400_normal_pythia,0.45979,88.18,88.03,1
736.ocio_r-lut1d_halfdom-6B,bw400_xpt,0.47579,100.0,49.98,1
736.ocio_r-lut1d_halfdom-6B,bw400_xpt_pythia,0.46842,85.38,36.2,1
736.ocio_r-lut1d_halfdom-6B,bw800_nopf,0.7639,0,0,1
736.ocio_r-lut1d_halfdom-6B,bw800_pythia,0.80139,0,0,1
736.ocio_r-lut1d_halfdom-6B,bw800_normal,0.77012,100.0,100.0,1
736.ocio_r-lut1d_halfdom-6B,bw800_normal_pythia,0.79071,91.68,75.57,1
736.ocio_r-lut1d_halfdom-6B,bw800_xpt,0.76636,100.0,49.73,1
736.ocio_r-lut1d_halfdom-6B,bw800_xpt_pythia,0.79087,71.61,15.97,1
736.ocio_r-lut1d_halfdom-6B,bw1600_nopf,0.98033,0,0,1
736.ocio_r-lut1d_halfdom-6B,bw1600_pythia,1.08828,0,0,1
736.ocio_r-lut1d_halfdom-6B,bw1600_normal,0.99614,100.0,100.0,1
736.ocio_r-lut1d_halfdom-6B,bw1600_normal_pythia,1.08565,92.72,71.25,1
736.ocio_r-lut1d_halfdom-6B,bw1600_xpt,0.98697,100.0,49.86,1
736.ocio_r-lut1d_halfdom-6B,bw1600_xpt_pythia,1.08232,79.71,14.84,1
736.ocio_r-lut1d_halfdom-6B,bw3200_nopf,1.09178,0,0,1
736.ocio_r-lut1d_halfdom-6B,bw3200_pythia,1.23846,0,0,1
736.ocio_r-lut1d_halfdom-6B,bw3200_normal,1.11994,100.0,100.0,1
736.ocio_r-lut1d_halfdom-6B,bw3200_normal_pythia,1.24022,95.35,66.89,1
736.ocio_r-lut1d_halfdom-6B,bw3200_xpt,1.10712,100.0,49.82,1
736.ocio_r-lut1d_halfdom-6B,bw3200_xpt_pythia,1.23833,96.03,10.88,1
736.ocio_r-lut1d_halfdom-6B,bw6400_nopf,1.115,0,0,1
736.ocio_r-lut1d_halfdom-6B,bw6400_pythia,1.27788,0,0,1
736.ocio_r-lut1d_halfdom-6B,bw6400_normal,1.15185,100.0,100.0,1
736.ocio_r-lut1d_halfdom-6B,bw6400_normal_pythia,1.28246,95.88,69.45,1
736.ocio_r-lut1d_halfdom-6B,bw6400_xpt,1.13515,100.0,49.86,1
736.ocio_r-lut1d_halfdom-6B,bw6400_xpt_pythia,1.27757,96.74,11.69,1
736.ocio_r-mntr_srgb_8k-35B,bw200_nopf,0.2041,0,0,1
736.ocio_r-mntr_srgb_8k-35B,bw200_pythia,0.20376,0,0,1
736.ocio_r-mntr_srgb_8k-35B,bw200_normal,0.2041,100.0,100.0,1
736.ocio_r-mntr_srgb_8k-35B,bw200_normal_pythia,0.19615,76.56,91.83,1
736.ocio_r-mntr_srgb_8k-35B,bw200_xpt,0.20411,100.0,49.94,1
736.ocio_r-mntr_srgb_8k-35B,bw200_xpt_pythia,0.19995,68.9,30.94,1
736.ocio_r-mntr_srgb_8k-35B,bw400_nopf,0.35568,0,0,1
736.ocio_r-mntr_srgb_8k-35B,bw400_pythia,0.35718,0,0,1
736.ocio_r-mntr_srgb_8k-35B,bw400_normal,0.3557,100.0,100.0,1
736.ocio_r-mntr_srgb_8k-35B,bw400_normal_pythia,0.34535,75.81,90.12,1
736.ocio_r-mntr_srgb_8k-35B,bw400_xpt,0.35569,100.0,49.94,1
736.ocio_r-mntr_srgb_8k-35B,bw400_xpt_pythia,0.35129,67.69,29.88,1
736.ocio_r-mntr_srgb_8k-35B,bw800_nopf,0.57992,0,0,1
736.ocio_r-mntr_srgb_8k-35B,bw800_pythia,0.58067,0,0,1
736.ocio_r-mntr_srgb_8k-35B,bw800_normal,0.58024,100.0,100.0,1
736.ocio_r-mntr_srgb_8k-35B,bw800_normal_pythia,0.56429,76.16,92.09,1
736.ocio_r-mntr_srgb_8k-35B,bw800_xpt,0.5801,100.0,49.16,1
736.ocio_r-mntr_srgb_8k-35B,bw800_xpt_pythia,0.57271,68.48,30.26,1
736.ocio_r-mntr_srgb_8k-35B,bw1600_nopf,0.84161,0,0,1
736.ocio_r-mntr_srgb_8k-35B,bw1600_pythia,0.84567,0,0,1
736.ocio_r-mntr_srgb_8k-35B,bw1600_normal,0.84222,100.0,100.0,1
736.ocio_r-mntr_srgb_8k-35B,bw1600_normal_pythia,0.82763,77.32,92.81,1
736.ocio_r-mntr_srgb_8k-35B,bw1600_xpt,0.84224,100.0,48.63,1
736.ocio_r-mntr_srgb_8k-35B,bw1600_xpt_pythia,0.83655,68.79,30.08,1
736.ocio_r-mntr_srgb_8k-35B,bw3200_nopf,1.09489,0,0,1
736.ocio_r-mntr_srgb_8k-35B,bw3200_pythia,1.10033,0,0,1
736.ocio_r-mntr_srgb_8k-35B,bw3200_normal,1.10293,100.0,100.0,1
736.ocio_r-mntr_srgb_8k-35B,bw3200_normal_pythia,1.08693,77.73,91.32,1
736.ocio_r-mntr_srgb_8k-35B,bw3200_xpt,1.09773,100.0,48.24,1
736.ocio_r-mntr_srgb_8k-35B,bw3200_xpt_pythia,1.09332,68.14,27.68,1
736.ocio_r-mntr_srgb_8k-35B,bw6400_nopf,1.21874,0,0,1
736.ocio_r-mntr_srgb_8k-35B,bw6400_pythia,1.19652,0,0,1
736.ocio_r-mntr_srgb_8k-35B,bw6400_normal,1.23113,100.0,100.0,1
736.ocio_r-mntr_srgb_8k-35B,bw6400_normal_pythia,1.18669,74.22,85.15,1
736.ocio_r-mntr_srgb_8k-35B,bw6400_xpt,1.22215,100.0,47.33,1
736.ocio_r-mntr_srgb_8k-35B,bw6400_xpt_pythia,1.19044,58.99,21.07,1
737.gmsh_r-choi-225B,bw200_nopf,0.75348,0,0,1
737.gmsh_r-choi-225B,bw200_pythia,0.62231,0,0,1
737.gmsh_r-choi-225B,bw200_normal,0.77026,90.36,92.53,1
737.gmsh_r-choi-225B,bw200_normal_pythia,0.57473,75.45,72.36,1
737.gmsh_r-choi-225B,bw200_xpt,0.75811,95.89,10.26,1
737.gmsh_r-choi-225B,bw200_xpt_pythia,0.62332,40.1,0.61,1
737.gmsh_r-choi-225B,bw400_nopf,0.82858,0,0,1
737.gmsh_r-choi-225B,bw400_pythia,0.90099,0,0,1
737.gmsh_r-choi-225B,bw400_normal,0.88145,90.66,92.6,1
737.gmsh_r-choi-225B,bw400_normal_pythia,0.89907,74.3,65.61,1
737.gmsh_r-choi-225B,bw400_xpt,0.83506,95.89,10.26,1
737.gmsh_r-choi-225B,bw400_xpt_pythia,0.90192,35.88,0.4,1
737.gmsh_r-choi-225B,bw800_nopf,0.84947,0,0,1
737.gmsh_r-choi-225B,bw800_pythia,0.97931,0,0,1
737.gmsh_r-choi-225B,bw800_normal,0.9098,90.57,92.86,1
737.gmsh_r-choi-225B,bw800_normal_pythia,1.00601,73.34,60.45,1
737.gmsh_r-choi-225B,bw800_xpt,0.85663,95.89,10.26,1
737.gmsh_r-choi-225B,bw800_xpt_pythia,0.98005,33.75,0.27,1
737.gmsh_r-choi-225B,bw1600_nopf,0.85491,0,0,1
737.gmsh_r-choi-225B,bw1600_pythia,1.00252,0,0,1
737.gmsh_r-choi-225B,bw1600_normal,0.91706,90.6,92.81,1
737.gmsh_r-choi-225B,bw1600_normal_pythia,1.02715,73.19,58.53,1
737.gmsh_r-choi-225B,bw1600_xpt,0.86224,95.89,10.26,1
737.gmsh_r-choi-225B,bw1600_xpt_pythia,1.00322,28.36,0.13,1
737.gmsh_r-choi-225B,bw3200_nopf,0.85698,0,0,1
737.gmsh_r-choi-225B,bw3200_pythia,1.02068,0,0,1
737.gmsh_r-choi-225B,bw3200_normal,0.91953,90.61,92.81,1
737.gmsh_r-choi-225B,bw3200_normal_pythia,1.04148,73.02,53.9,1
737.gmsh_r-choi-225B,bw3200_xpt,0.86425,95.89,10.26,1
737.gmsh_r-choi-225B,bw3200_xpt_pythia,1.02097,23.42,0.04,1
737.gmsh_r-choi-225B,bw6400_nopf,0.85744,0,0,1
737.gmsh_r-choi-225B,bw6400_pythia,1.02965,0,0,1
737.gmsh_r-choi-225B,bw6400_normal,0.92012,90.61,92.81,1
737.gmsh_r-choi-225B,bw6400_normal_pythia,1.04942,73.42,49.76,1
737.gmsh_r-choi-225B,bw6400_xpt,0.86469,95.89,10.26,1
737.gmsh_r-choi-225B,bw6400_xpt_pythia,1.02986,29.88,0.03,1
737.gmsh_r-gasdis-121B,bw200_nopf,0.28381,0,0,1
737.gmsh_r-gasdis-121B,bw200_pythia,0.2792,0,0,1
737.gmsh_r-gasdis-121B,bw200_normal,0.28329,98.57,98.68,1
737.gmsh_r-gasdis-121B,bw200_normal_pythia,0.26915,89.9,88.84,1
737.gmsh_r-gasdis-121B,bw200_xpt,0.28348,98.89,45.47,1
737.gmsh_r-gasdis-121B,bw200_xpt_pythia,0.27329,87.05,35.95,1
737.gmsh_r-gasdis-121B,bw400_nopf,0.50168,0,0,1
737.gmsh_r-gasdis-121B,bw400_pythia,0.50916,0,0,1
737.gmsh_r-gasdis-121B,bw400_normal,0.50376,98.56,98.67,1
737.gmsh_r-gasdis-121B,bw400_normal_pythia,0.49474,90.31,89.65,1
737.gmsh_r-gasdis-121B,bw400_xpt,0.50193,98.89,45.47,1
737.gmsh_r-gasdis-121B,bw400_xpt_pythia,0.5,87.98,36.34,1
737.gmsh_r-gasdis-121B,bw800_nopf,0.76588,0,0,1
737.gmsh_r-gasdis-121B,bw800_pythia,0.82707,0,0,1
737.gmsh_r-gasdis-121B,bw800_normal,0.78128,98.51,98.64,1
737.gmsh_r-gasdis-121B,bw800_normal_pythia,0.81247,90.04,89.9,1
737.gmsh_r-gasdis-121B,bw800_xpt,0.77136,98.88,44.85,1
737.gmsh_r-gasdis-121B,bw800_xpt_pythia,0.81734,88.55,34.76,1
737.gmsh_r-gasdis-121B,bw1600_nopf,0.98839,0,0,1
737.gmsh_r-gasdis-121B,bw1600_pythia,1.12123,0,0,1
737.gmsh_r-gasdis-121B,bw1600_normal,1.02639,98.48,98.62,1
737.gmsh_r-gasdis-121B,bw1600_normal_pythia,1.11567,89.77,89.46,1
737.gmsh_r-gasdis-121B,bw1600_xpt,1.00285,98.88,44.33,1
737.gmsh_r-gasdis-121B,bw1600_xpt_pythia,1.114,88.22,34.15,1
737.gmsh_r-gasdis-121B,bw3200_nopf,1.07284,0,0,1
737.gmsh_r-gasdis-121B,bw3200_pythia,1.24564,0,0,1
737.gmsh_r-gasdis-121B,bw3200_normal,1.12568,98.49,98.62,1
737.gmsh_r-gasdis-121B,bw3200_normal_pythia,1.24872,88.56,88.82,1
737.gmsh_r-gasdis-121B,bw3200_xpt,1.09298,98.87,43.89,1
737.gmsh_r-gasdis-121B,bw3200_xpt_pythia,1.24184,85.4,32.36,1
737.gmsh_r-gasdis-121B,bw6400_nopf,1.09512,0,0,1
737.gmsh_r-gasdis-121B,bw6400_pythia,1.2768,0,0,1
737.gmsh_r-gasdis-121B,bw6400_normal,1.15262,98.49,98.61,1
737.gmsh_r-gasdis-121B,bw6400_normal_pythia,1.28202,88.03,88.16,1
737.gmsh_r-gasdis-121B,bw6400_xpt,1.11693,98.87,43.85,1
737.gmsh_r-gasdis-121B,bw6400_xpt_pythia,1.27354,84.5,31.7,1
737.gmsh_r-gasdis-149B,bw200_nopf,0.65972,0,0,1
737.gmsh_r-gasdis-149B,bw200_pythia,0.61761,0,0,1
737.gmsh_r-gasdis-149B,bw200_normal,0.63425,80.27,87.82,1
737.gmsh_r-gasdis-149B,bw200_normal_pythia,0.59416,79.0,79.93,1
737.gmsh_r-gasdis-149B,bw200_xpt,0.66062,100.0,1.61,1
737.gmsh_r-gasdis-149B,bw200_xpt_pythia,0.61781,68.59,0.03,1
737.gmsh_r-gasdis-149B,bw400_nopf,0.74104,0,0,1
737.gmsh_r-gasdis-149B,bw400_pythia,0.73378,0,0,1
737.gmsh_r-gasdis-149B,bw400_normal,0.75888,80.28,87.81,1
737.gmsh_r-gasdis-149B,bw400_normal_pythia,0.75006,79.1,79.6,1
737.gmsh_r-gasdis-149B,bw400_xpt,0.74221,100.0,1.61,1
737.gmsh_r-gasdis-149B,bw400_xpt_pythia,0.73391,71.32,0.04,1
737.gmsh_r-gasdis-149B,bw800_nopf,0.75841,0,0,1
737.gmsh_r-gasdis-149B,bw800_pythia,0.76269,0,0,1
737.gmsh_r-gasdis-149B,bw800_normal,0.78781,80.28,87.87,1
737.gmsh_r-gasdis-149B,bw800_normal_pythia,0.7932,79.58,79.84,1
737.gmsh_r-gasdis-149B,bw800_xpt,0.75966,100.0,1.61,1
737.gmsh_r-gasdis-149B,bw800_xpt_pythia,0.76269,46.51,0.0,1
737.gmsh_r-gasdis-149B,bw1600_nopf,0.76417,0,0,1
737.gmsh_r-gasdis-149B,bw1600_pythia,0.76933,0,0,1
737.gmsh_r-gasdis-149B,bw1600_normal,0.79478,80.25,87.88,1
737.gmsh_r-gasdis-149B,bw1600_normal_pythia,0.80173,81.15,83.84,1
737.gmsh_r-gasdis-149B,bw1600_xpt,0.76545,100.0,1.61,1
737.gmsh_r-gasdis-149B,bw1600_xpt_pythia,0.76933,46.51,0.0,1
737.gmsh_r-gasdis-149B,bw3200_nopf,0.76377,0,0,1
737.gmsh_r-gasdis-149B,bw3200_pythia,0.77128,0,0,1
737.gmsh_r-gasdis-149B,bw3200_normal,0.79492,80.28,87.82,1
737.gmsh_r-gasdis-149B,bw3200_normal_pythia,0.80368,82.1,85.17,1
737.gmsh_r-gasdis-149B,bw3200_xpt,0.76504,100.0,1.61,1
737.gmsh_r-gasdis-149B,bw3200_xpt_pythia,0.77128,46.51,0.0,1
737.gmsh_r-gasdis-149B,bw6400_nopf,0.76411,0,0,1
737.gmsh_r-gasdis-149B,bw6400_pythia,0.77176,0,0,1
737.gmsh_r-gasdis-149B,bw6400_normal,0.79542,80.26,87.83,1
737.gmsh_r-gasdis-149B,bw6400_normal_pythia,0.8043,83.24,85.51,1
737.gmsh_r-gasdis-149B,bw6400_xpt,0.76538,100.0,1.61,1
737.gmsh_r-gasdis-149B,bw6400_xpt_pythia,0.77176,46.51,0.0,1
737.gmsh_r-mediterranean-149B,bw200_nopf,0.2752,0,0,1
737.gmsh_r-mediterranean-149B,bw200_pythia,0.2891,0,0,1
737.gmsh_r-mediterranean-149B,bw200_normal,0.27846,99.81,99.41,1
737.gmsh_r-mediterranean-149B,bw200_normal_pythia,0.28849,97.96,96.27,1
737.gmsh_r-mediterranean-149B,bw200_xpt,0.28006,99.87,49.49,1
737.gmsh_r-mediterranean-149B,bw200_xpt_pythia,0.28959,97.6,47.0,1
737.gmsh_r-mediterranean-149B,bw400_nopf,0.51695,0,0,1
737.gmsh_r-mediterranean-149B,bw400_pythia,0.54143,0,0,1
737.gmsh_r-mediterranean-149B,bw400_normal,0.52278,99.82,99.42,1
737.gmsh_r-mediterranean-149B,bw400_normal_pythia,0.54023,97.92,96.25,1
737.gmsh_r-mediterranean-149B,bw400_xpt,0.52461,99.87,49.46,1
737.gmsh_r-mediterranean-149B,bw400_xpt_pythia,0.54318,97.52,46.74,1
737.gmsh_r-mediterranean-149B,bw800_nopf,0.92239,0,0,1
737.gmsh_r-mediterranean-149B,bw800_pythia,0.95678,0,0,1
737.gmsh_r-mediterranean-149B,bw800_normal,0.93155,99.8,99.36,1
737.gmsh_r-mediterranean-149B,bw800_normal_pythia,0.95663,97.73,96.14,1
737.gmsh_r-mediterranean-149B,bw800_xpt,0.93311,99.87,48.78,1
737.gmsh_r-mediterranean-149B,bw800_xpt_pythia,0.96062,97.43,45.79,1
737.gmsh_r-mediterranean-149B,bw1600_nopf,1.49055,0,0,1
737.gmsh_r-mediterranean-149B,bw1600_pythia,1.54627,0,0,1
737.gmsh_r-mediterranean-149B,bw1600_normal,1.50046,99.77,99.31,1
737.gmsh_r-mediterranean-149B,bw1600_normal_pythia,1.54216,97.75,96.35,1
737.gmsh_r-mediterranean-149B,bw1600_xpt,1.52669,99.87,47.22,1
737.gmsh_r-mediterranean-149B,bw1600_xpt_pythia,1.56708,97.39,44.52,1
737.gmsh_r-mediterranean-149B,bw3200_nopf,2.15746,0,0,1
737.gmsh_r-mediterranean-149B,bw3200_pythia,2.21421,0,0,1
737.gmsh_r-mediterranean-149B,bw3200_normal,2.17363,99.75,99.24,1
737.gmsh_r-mediterranean-149B,bw3200_normal_pythia,2.22721,97.89,96.51,1
737.gmsh_r-mediterranean-149B,bw3200_xpt,2.16785,99.87,44.63,1
737.gmsh_r-mediterranean-149B,bw3200_xpt_pythia,2.19631,98.0,41.72,1
737.gmsh_r-mediterranean-149B,bw6400_nopf,2.1877,0,0,1
737.gmsh_r-mediterranean-149B,bw6400_pythia,2.26709,0,0,1
737.gmsh_r-mediterranean-149B,bw6400_normal,2.40201,99.69,99.27,1
737.gmsh_r-mediterranean-149B,bw6400_normal_pythia,2.40673,97.81,96.48,1
737.gmsh_r-mediterranean-149B,bw6400_xpt,2.24025,99.88,48.76,1
737.gmsh_r-mediterranean-149B,bw6400_xpt_pythia,2.33988,97.5,41.59,1
737.gmsh_r-mediterranean-160B,bw200_nopf,0.29266,0,0,1
737.gmsh_r-mediterranean-160B,bw200_pythia,0.29475,0,0,1
737.gmsh_r-mediterranean-160B,bw200_normal,0.29637,99.62,99.09,1
737.gmsh_r-mediterranean-160B,bw200_normal_pythia,0.29021,97.01,93.83,1
737.gmsh_r-mediterranean-160B,bw200_xpt,0.29706,99.76,49.47,1
737.gmsh_r-mediterranean-160B,bw200_xpt_pythia,0.29403,97.0,44.76,1
737.gmsh_r-mediterranean-160B,bw400_nopf,0.54675,0,0,1
737.gmsh_r-mediterranean-160B,bw400_pythia,0.55268,0,0,1
737.gmsh_r-mediterranean-160B,bw400_normal,0.55342,99.61,99.08,1
737.gmsh_r-mediterranean-160B,bw400_normal_pythia,0.54389,96.78,93.57,1
737.gmsh_r-mediterranean-160B,bw400_xpt,0.55433,99.75,49.28,1
737.gmsh_r-mediterranean-160B,bw400_xpt_pythia,0.55155,96.85,44.36,1
737.gmsh_r-mediterranean-160B,bw800_nopf,0.9661,0,0,1
737.gmsh_r-mediterranean-160B,bw800_pythia,0.98017,0,0,1
737.gmsh_r-mediterranean-160B,bw800_normal,0.97376,99.57,99.05,1
737.gmsh_r-mediterranean-160B,bw800_normal_pythia,0.96733,96.85,93.79,1
737.gmsh_r-mediterranean-160B,bw800_xpt,0.97794,99.76,48.27,1
737.gmsh_r-mediterranean-160B,bw800_xpt_pythia,0.98013,96.7,43.33,1
737.gmsh_r-mediterranean-160B,bw1600_nopf,1.56768,0,0,1
737.gmsh_r-mediterranean-160B,bw1600_pythia,1.58413,0,0,1
737.gmsh_r-mediterranean-160B,bw1600_normal,1.5774,99.47,99.01,1
737.gmsh_r-mediterranean-160B,bw1600_normal_pythia,1.56443,96.61,94.26,1
737.gmsh_r-mediterranean-160B,bw1600_xpt,1.57995,99.76,46.92,1
737.gmsh_r-mediterranean-160B,bw1600_xpt_pythia,1.58426,96.72,42.44,1
737.gmsh_r-mediterranean-160B,bw3200_nopf,2.20165,0,0,1
737.gmsh_r-mediterranean-160B,bw3200_pythia,2.24913,0,0,1
737.gmsh_r-mediterranean-160B,bw3200_normal,2.22206,99.55,99.01,1
737.gmsh_r-mediterranean-160B,bw3200_normal_pythia,2.25071,96.5,94.56,1
737.gmsh_r-mediterranean-160B,bw3200_xpt,2.21797,99.74,44.35,1
737.gmsh_r-mediterranean-160B,bw3200_xpt_pythia,2.25159,97.47,39.93,1
737.gmsh_r-mediterranean-160B,bw6400_nopf,2.23406,0,0,1
737.gmsh_r-mediterranean-160B,bw6400_pythia,2.32938,0,0,1
737.gmsh_r-mediterranean-160B,bw6400_normal,2.43903,99.53,98.96,1
737.gmsh_r-mediterranean-160B,bw6400_normal_pythia,2.46312,96.48,94.65,1
737.gmsh_r-mediterranean-160B,bw6400_xpt,2.34043,99.76,47.85,1
737.gmsh_r-mediterranean-160B,bw6400_xpt_pythia,2.3739,96.68,39.78,1
737.gmsh_r-p19-70B,bw200_nopf,0.78031,0,0,1
737.gmsh_r-p19-70B,bw200_pythia,0.7532,0,0,1
737.gmsh_r-p19-70B,bw200_normal,0.76488,83.78,88.62,1
737.gmsh_r-p19-70B,bw200_normal_pythia,0.73211,78.75,78.0,1
737.gmsh_r-p19-70B,bw200_xpt,0.78167,100.0,2.38,1
737.gmsh_r-p19-70B,bw200_xpt_pythia,0.75306,48.65,0.0,1
737.gmsh_r-p19-70B,bw400_nopf,0.85346,0,0,1
737.gmsh_r-p19-70B,bw400_pythia,0.86133,0,0,1
737.gmsh_r-p19-70B,bw400_normal,0.87344,83.76,88.75,1
737.gmsh_r-p19-70B,bw400_normal_pythia,0.87453,78.76,76.35,1
737.gmsh_r-p19-70B,bw400_xpt,0.85517,100.0,2.38,1
737.gmsh_r-p19-70B,bw400_xpt_pythia,0.86121,50.5,0.0,1
737.gmsh_r-p19-70B,bw800_nopf,0.86827,0,0,1
737.gmsh_r-p19-70B,bw800_pythia,0.88832,0,0,1
737.gmsh_r-p19-70B,bw800_normal,0.89704,83.74,88.8,1
737.gmsh_r-p19-70B,bw800_normal_pythia,0.91201,78.77,75.27,1
737.gmsh_r-p19-70B,bw800_xpt,0.87005,100.0,2.38,1
737.gmsh_r-p19-70B,bw800_xpt_pythia,0.88832,45.05,0.0,1
737.gmsh_r-p19-70B,bw1600_nopf,0.87306,0,0,1
737.gmsh_r-p19-70B,bw1600_pythia,0.89562,0,0,1
737.gmsh_r-p19-70B,bw1600_normal,0.90286,83.72,88.79,1
737.gmsh_r-p19-70B,bw1600_normal_pythia,0.92025,79.68,76.76,1
737.gmsh_r-p19-70B,bw1600_xpt,0.87487,100.0,2.38,1
737.gmsh_r-p19-70B,bw1600_xpt_pythia,0.89562,45.05,0.0,1
737.gmsh_r-p19-70B,bw3200_nopf,0.87308,0,0,1
737.gmsh_r-p19-70B,bw3200_pythia,0.89846,0,0,1
737.gmsh_r-p19-70B,bw3200_normal,0.90312,83.72,88.76,1
737.gmsh_r-p19-70B,bw3200_normal_pythia,0.92295,80.05,77.49,1
737.gmsh_r-p19-70B,bw3200_xpt,0.87489,100.0,2.38,1
737.gmsh_r-p19-70B,bw3200_xpt_pythia,0.89846,45.05,0.0,1
737.gmsh_r-p19-70B,bw6400_nopf,0.87315,0,0,1
737.gmsh_r-p19-70B,bw6400_pythia,0.89913,0,0,1
737.gmsh_r-p19-70B,bw6400_normal,0.90331,83.7,88.78,1
737.gmsh_r-p19-70B,bw6400_normal_pythia,0.92393,80.35,77.73,1
737.gmsh_r-p19-70B,bw6400_xpt,0.87496,100.0,2.38,1
737.gmsh_r-p19-70B,bw6400_xpt_pythia,0.89913,45.05,0.0,1
737.gmsh_r-projection-6B,bw200_nopf,0.13691,0,0,1
737.gmsh_r-projection-6B,bw200_pythia,0.09811,0,0,1
737.gmsh_r-projection-6B,bw200_normal,0.13691,98.01,97.44,1
737.gmsh_r-projection-6B,bw200_normal_pythia,0.09581,94.52,95.75,1
737.gmsh_r-projection-6B,bw200_xpt,0.13667,99.51,4.93,1
737.gmsh_r-projection-6B,bw200_xpt_pythia,0.09842,73.35,0.02,1
737.gmsh_r-projection-6B,bw400_nopf,0.22979,0,0,1
737.gmsh_r-projection-6B,bw400_pythia,0.1762,0,0,1
737.gmsh_r-projection-6B,bw400_normal,0.23385,97.97,97.46,1
737.gmsh_r-projection-6B,bw400_normal_pythia,0.17524,94.62,95.76,1
737.gmsh_r-projection-6B,bw400_xpt,0.22997,99.47,4.93,1
737.gmsh_r-projection-6B,bw400_xpt_pythia,0.17631,77.61,0.02,1
737.gmsh_r-projection-6B,bw800_nopf,0.33626,0,0,1
737.gmsh_r-projection-6B,bw800_pythia,0.27996,0,0,1
737.gmsh_r-projection-6B,bw800_normal,0.35046,98.02,97.49,1
737.gmsh_r-projection-6B,bw800_normal_pythia,0.28637,94.79,95.79,1
737.gmsh_r-projection-6B,bw800_xpt,0.33748,99.43,4.89,1
737.gmsh_r-projection-6B,bw800_xpt_pythia,0.27864,81.68,0.02,1
737.gmsh_r-projection-6B,bw1600_nopf,0.42068,0,0,1
737.gmsh_r-projection-6B,bw1600_pythia,0.38926,0,0,1
737.gmsh_r-projection-6B,bw1600_normal,0.44835,97.97,97.37,1
737.gmsh_r-projection-6B,bw1600_normal_pythia,0.40667,95.04,96.09,1
737.gmsh_r-projection-6B,bw1600_xpt,0.42349,99.43,4.88,1
737.gmsh_r-projection-6B,bw1600_xpt_pythia,0.39058,85.46,0.03,1
737.gmsh_r-projection-6B,bw3200_nopf,0.45063,0,0,1
737.gmsh_r-projection-6B,bw3200_pythia,0.45624,0,0,1
737.gmsh_r-projection-6B,bw3200_normal,0.4877,97.93,97.28,1
737.gmsh_r-projection-6B,bw3200_normal_pythia,0.46386,95.48,96.03,1
737.gmsh_r-projection-6B,bw3200_xpt,0.45495,99.42,4.86,1
737.gmsh_r-projection-6B,bw3200_xpt_pythia,0.45593,92.36,0.04,1
737.gmsh_r-projection-6B,bw6400_nopf,0.45478,0,0,1
737.gmsh_r-projection-6B,bw6400_pythia,0.46399,0,0,1
737.gmsh_r-projection-6B,bw6400_normal,0.49587,97.98,97.44,1
737.gmsh_r-projection-6B,bw6400_normal_pythia,0.49973,95.07,97.05,1
737.gmsh_r-projection-6B,bw6400_xpt,0.45909,99.42,4.86,1
737.gmsh_r-projection-6B,bw6400_xpt_pythia,0.46447,92.08,0.03,1
737.gmsh_r-spec_hxt-26B,bw200_nopf,0.22208,0,0,1
737.gmsh_r-spec_hxt-26B,bw200_pythia,0.18966,0,0,1
737.gmsh_r-spec_hxt-26B,bw200_normal,0.21948,97.5,99.53,1
737.gmsh_r-spec_hxt-26B,bw200_normal_pythia,0.1856,93.49,91.92,1
737.gmsh_r-spec_hxt-26B,bw200_xpt,0.22208,99.62,8.51,1
737.gmsh_r-spec_hxt-26B,bw200_xpt_pythia,0.18929,38.26,0.45,1
737.gmsh_r-spec_hxt-26B,bw400_nopf,0.33332,0,0,1
737.gmsh_r-spec_hxt-26B,bw400_pythia,0.31699,0,0,1
737.gmsh_r-spec_hxt-26B,bw400_normal,0.34517,97.49,99.54,1
737.gmsh_r-spec_hxt-26B,bw400_normal_pythia,0.32241,93.64,90.96,1
737.gmsh_r-spec_hxt-26B,bw400_xpt,0.33418,99.62,8.51,1
737.gmsh_r-spec_hxt-26B,bw400_xpt_pythia,0.31589,40.86,0.58,1
737.gmsh_r-spec_hxt-26B,bw800_nopf,0.41039,0,0,1
737.gmsh_r-spec_hxt-26B,bw800_pythia,0.42224,0,0,1
737.gmsh_r-spec_hxt-26B,bw800_normal,0.43247,97.5,99.54,1
737.gmsh_r-spec_hxt-26B,bw800_normal_pythia,0.43977,93.83,91.33,1
737.gmsh_r-spec_hxt-26B,bw800_xpt,0.41196,99.62,8.48,1
737.gmsh_r-spec_hxt-26B,bw800_xpt_pythia,0.4211,35.41,0.34,1
737.gmsh_r-spec_hxt-26B,bw1600_nopf,0.44576,0,0,1
737.gmsh_r-spec_hxt-26B,bw1600_pythia,0.47513,0,0,1
737.gmsh_r-spec_hxt-26B,bw1600_normal,0.47439,97.5,99.53,1
737.gmsh_r-spec_hxt-26B,bw1600_normal_pythia,0.50256,93.4,92.2,1
737.gmsh_r-spec_hxt-26B,bw1600_xpt,0.44798,99.63,8.46,1
737.gmsh_r-spec_hxt-26B,bw1600_xpt_pythia,0.47579,32.4,0.25,1
737.gmsh_r-spec_hxt-26B,bw3200_nopf,0.45598,0,0,1
737.gmsh_r-spec_hxt-26B,bw3200_pythia,0.48623,0,0,1
737.gmsh_r-spec_hxt-26B,bw3200_normal,0.48794,97.49,99.53,1
737.gmsh_r-spec_hxt-26B,bw3200_normal_pythia,0.51553,92.87,91.74,1
737.gmsh_r-spec_hxt-26B,bw3200_xpt,0.45863,99.63,8.45,1
737.gmsh_r-spec_hxt-26B,bw3200_xpt_pythia,0.49129,32.26,0.25,1
737.gmsh_r-spec_hxt-26B,bw6400_nopf,0.45966,0,0,1
737.gmsh_r-spec_hxt-26B,bw6400_pythia,0.49217,0,0,1
737.gmsh_r-spec_hxt-26B,bw6400_normal,0.4935,97.49,99.53,1
737.gmsh_r-spec_hxt-26B,bw6400_normal_pythia,0.51747,93.29,91.88,1
737.gmsh_r-spec_hxt-26B,bw6400_xpt,0.46255,99.62,8.45,1
737.gmsh_r-spec_hxt-26B,bw6400_xpt_pythia,0.49115,19.8,0.05,1
737.gmsh_r-spec_hxt-62B,bw200_nopf,0.92814,0,0,1
737.gmsh_r-spec_hxt-62B,bw200_pythia,0.91666,0,0,1
737.gmsh_r-spec_hxt-62B,bw200_normal,0.94173,98.14,99.69,1
737.gmsh_r-spec_hxt-62B,bw200_normal_pythia,0.88881,78.82,71.42,1
737.gmsh_r-spec_hxt-62B,bw200_xpt,0.93553,99.25,32.11,1
737.gmsh_r-spec_hxt-62B,bw200_xpt_pythia,0.90959,73.9,10.79,1
737.gmsh_r-spec_hxt-62B,bw400_nopf,1.23183,0,0,1
737.gmsh_r-spec_hxt-62B,bw400_pythia,1.2481,0,0,1
737.gmsh_r-spec_hxt-62B,bw400_normal,1.27986,98.15,99.7,1
737.gmsh_r-spec_hxt-62B,bw400_normal_pythia,1.22914,79.09,72.05,1
737.gmsh_r-spec_hxt-62B,bw400_xpt,1.25235,99.25,32.1,1
737.gmsh_r-spec_hxt-62B,bw400_xpt_pythia,1.24162,73.49,10.87,1
737.gmsh_r-spec_hxt-62B,bw800_nopf,1.35733,0,0,1
737.gmsh_r-spec_hxt-62B,bw800_pythia,1.41999,0,0,1
737.gmsh_r-spec_hxt-62B,bw800_normal,1.43002,98.15,99.71,1
737.gmsh_r-spec_hxt-62B,bw800_normal_pythia,1.4152,79.09,72.18,1
737.gmsh_r-spec_hxt-62B,bw800_xpt,1.38623,99.24,32.01,1
737.gmsh_r-spec_hxt-62B,bw800_xpt_pythia,1.41609,73.54,10.6,1
737.gmsh_r-spec_hxt-62B,bw1600_nopf,1.40571,0,0,1
737.gmsh_r-spec_hxt-62B,bw1600_pythia,1.49211,0,0,1
737.gmsh_r-spec_hxt-62B,bw1600_normal,1.48849,98.18,99.7,1
737.gmsh_r-spec_hxt-62B,bw1600_normal_pythia,1.49647,78.85,70.39,1
737.gmsh_r-spec_hxt-62B,bw1600_xpt,1.43744,99.24,31.92,1
737.gmsh_r-spec_hxt-62B,bw1600_xpt_pythia,1.49058,71.94,9.25,1
737.gmsh_r-spec_hxt-62B,bw3200_nopf,1.41912,0,0,1
737.gmsh_r-spec_hxt-62B,bw3200_pythia,1.51415,0,0,1
737.gmsh_r-spec_hxt-62B,bw3200_normal,1.50542,98.18,99.7,1
737.gmsh_r-spec_hxt-62B,bw3200_normal_pythia,1.52134,78.57,68.0,1
737.gmsh_r-spec_hxt-62B,bw3200_xpt,1.45103,99.24,31.85,1
737.gmsh_r-spec_hxt-62B,bw3200_xpt_pythia,1.51351,67.47,7.7,1
737.gmsh_r-spec_hxt-62B,bw6400_nopf,1.42301,0,0,1
737.gmsh_r-spec_hxt-62B,bw6400_pythia,1.51863,0,0,1
737.gmsh_r-spec_hxt-62B,bw6400_normal,1.50979,98.18,99.7,1
737.gmsh_r-spec_hxt-62B,bw6400_normal_pythia,1.52655,77.99,66.53,1
737.gmsh_r-spec_hxt-62B,bw6400_xpt,1.45494,99.24,31.84,1
737.gmsh_r-spec_hxt-62B,bw6400_xpt_pythia,1.5179,66.68,7.57,1
737.gmsh_r-torus-33B,bw200_nopf,0.22788,0,0,1
737.gmsh_r-torus-33B,bw200_pythia,0.19686,0,0,1
737.gmsh_r-torus-33B,bw200_normal,0.21515,88.98,97.09,1
737.gmsh_r-torus-33B,bw200_normal_pythia,0.18696,88.14,95.13,1
737.gmsh_r-torus-33B,bw200_xpt,0.22802,98.7,1.94,1
737.gmsh_r-torus-33B,bw200_xpt_pythia,0.19629,70.37,0.08,1
737.gmsh_r-torus-33B,bw400_nopf,0.30803,0,0,1
737.gmsh_r-torus-33B,bw400_pythia,0.29681,0,0,1
737.gmsh_r-torus-33B,bw400_normal,0.32058,88.99,97.09,1
737.gmsh_r-torus-33B,bw400_normal_pythia,0.30356,88.31,94.03,1
737.gmsh_r-torus-33B,bw400_xpt,0.30818,98.73,1.94,1
737.gmsh_r-torus-33B,bw400_xpt_pythia,0.29847,75.63,0.08,1
737.gmsh_r-torus-33B,bw800_nopf,0.33425,0,0,1
737.gmsh_r-torus-33B,bw800_pythia,0.33891,0,0,1
737.gmsh_r-torus-33B,bw800_normal,0.36133,89.02,97.1,1
737.gmsh_r-torus-33B,bw800_normal_pythia,0.36336,88.4,93.96,1
737.gmsh_r-torus-33B,bw800_xpt,0.3345,98.61,1.94,1
737.gmsh_r-torus-33B,bw800_xpt_pythia,0.33882,77.97,0.09,1
737.gmsh_r-torus-33B,bw1600_nopf,0.34327,0,0,1
737.gmsh_r-torus-33B,bw1600_pythia,0.3479,0,0,1
737.gmsh_r-torus-33B,bw1600_normal,0.37349,89.1,97.1,1
737.gmsh_r-torus-33B,bw1600_normal_pythia,0.37904,87.96,94.47,1
737.gmsh_r-torus-33B,bw1600_xpt,0.34357,98.61,1.93,1
737.gmsh_r-torus-33B,bw1600_xpt_pythia,0.34838,77.45,0.09,1
737.gmsh_r-torus-33B,bw3200_nopf,0.3469,0,0,1
737.gmsh_r-torus-33B,bw3200_pythia,0.35085,0,0,1
737.gmsh_r-torus-33B,bw3200_normal,0.37835,89.09,97.09,1
737.gmsh_r-torus-33B,bw3200_normal_pythia,0.38084,87.43,94.69,1
737.gmsh_r-torus-33B,bw3200_xpt,0.3472,98.6,1.93,1
737.gmsh_r-torus-33B,bw3200_xpt_pythia,0.35005,72.54,0.08,1
737.gmsh_r-torus-33B,bw6400_nopf,0.34787,0,0,1
737.gmsh_r-torus-33B,bw6400_pythia,0.35242,0,0,1
737.gmsh_r-torus-33B,bw6400_normal,0.37977,89.09,97.1,1
737.gmsh_r-torus-33B,bw6400_normal_pythia,0.3811,87.37,94.73,1
737.gmsh_r-torus-33B,bw6400_xpt,0.34818,98.6,1.93,1
737.gmsh_r-torus-33B,bw6400_xpt_pythia,0.3506,67.98,0.05,1
737.gmsh_r-torus-74B,bw200_nopf,0.73889,0,0,1
737.gmsh_r-torus-74B,bw200_pythia,0.71172,0,0,1
737.gmsh_r-torus-74B,bw200_normal,0.73098,85.64,89.08,1
737.gmsh_r-torus-74B,bw200_normal_pythia,0.69945,81.95,81.91,1
737.gmsh_r-torus-74B,bw200_xpt,0.74021,100.0,2.15,1
737.gmsh_r-torus-74B,bw200_xpt_pythia,0.71166,49.09,0.0,1
737.gmsh_r-torus-74B,bw400_nopf,0.80255,0,0,1
737.gmsh_r-torus-74B,bw400_pythia,0.80587,0,0,1
737.gmsh_r-torus-74B,bw400_normal,0.82276,85.61,89.11,1
737.gmsh_r-torus-74B,bw400_normal_pythia,0.8219,82.01,80.83,1
737.gmsh_r-torus-74B,bw400_xpt,0.80414,100.0,2.15,1
737.gmsh_r-torus-74B,bw400_xpt_pythia,0.80586,49.09,0.0,1
737.gmsh_r-torus-74B,bw800_nopf,0.81548,0,0,1
737.gmsh_r-torus-74B,bw800_pythia,0.82922,0,0,1
737.gmsh_r-torus-74B,bw800_normal,0.84142,85.59,89.2,1
737.gmsh_r-torus-74B,bw800_normal_pythia,0.85262,81.99,80.17,1
737.gmsh_r-torus-74B,bw800_xpt,0.81713,100.0,2.15,1
737.gmsh_r-torus-74B,bw800_xpt_pythia,0.82922,39.02,0.0,1
737.gmsh_r-torus-74B,bw1600_nopf,0.82006,0,0,1
737.gmsh_r-torus-74B,bw1600_pythia,0.83621,0,0,1
737.gmsh_r-torus-74B,bw1600_normal,0.84649,85.52,89.18,1
737.gmsh_r-torus-74B,bw1600_normal_pythia,0.86036,82.78,82.47,1
737.gmsh_r-torus-74B,bw1600_xpt,0.82173,100.0,2.15,1
737.gmsh_r-torus-74B,bw1600_xpt_pythia,0.83621,39.02,0.0,1
737.gmsh_r-torus-74B,bw3200_nopf,0.81957,0,0,1
737.gmsh_r-torus-74B,bw3200_pythia,0.83855,0,0,1
737.gmsh_r-torus-74B,bw3200_normal,0.84641,85.55,89.17,1
737.gmsh_r-torus-74B,bw3200_normal_pythia,0.8628,83.21,83.34,1
737.gmsh_r-torus-74B,bw3200_xpt,0.82124,100.0,2.15,1
737.gmsh_r-torus-74B,bw3200_xpt_pythia,0.83855,39.02,0.0,1
737.gmsh_r-torus-74B,bw6400_nopf,0.81976,0,0,1
737.gmsh_r-torus-74B,bw6400_pythia,0.83883,0,0,1
737.gmsh_r-torus-74B,bw6400_normal,0.84663,85.55,89.18,1
737.gmsh_r-torus-74B,bw6400_normal_pythia,0.86432,83.59,83.36,1
737.gmsh_r-torus-74B,bw6400_xpt,0.82143,100.0,2.15,1
737.gmsh_r-torus-74B,bw6400_xpt_pythia,0.83883,39.02,0.0,1
749.fotonik3d_r-default-128B,bw200_nopf,0.0612,0,0,1
749.fotonik3d_r-default-128B,bw200_pythia,0.05704,0,0,1
749.fotonik3d_r-default-128B,bw200_normal,0.061,99.37,99.63,1
749.fotonik3d_r-default-128B,bw200_normal_pythia,0.05489,91.43,92.45,1
749.fotonik3d_r-default-128B,bw200_xpt,0.06117,99.65,36.08,1
749.fotonik3d_r-default-128B,bw200_xpt_pythia,0.05631,87.48,21.04,1
749.fotonik3d_r-default-128B,bw400_nopf,0.11314,0,0,1
749.fotonik3d_r-default-128B,bw400_pythia,0.10643,0,0,1
749.fotonik3d_r-default-128B,bw400_normal,0.11283,99.37,99.64,1
749.fotonik3d_r-default-128B,bw400_normal_pythia,0.10274,90.96,91.05,1
749.fotonik3d_r-default-128B,bw400_xpt,0.11309,99.65,36.11,1
749.fotonik3d_r-default-128B,bw400_xpt_pythia,0.10519,87.93,21.24,1
749.fotonik3d_r-default-128B,bw800_nopf,0.1994,0,0,1
749.fotonik3d_r-default-128B,bw800_pythia,0.19037,0,0,1
749.fotonik3d_r-default-128B,bw800_normal,0.19833,99.37,99.63,1
749.fotonik3d_r-default-128B,bw800_normal_pythia,0.18447,91.04,90.34,1
749.fotonik3d_r-default-128B,bw800_xpt,0.19871,99.65,36.0,1
749.fotonik3d_r-default-128B,bw800_xpt_pythia,0.18831,87.89,20.95,1
749.fotonik3d_r-default-128B,bw1600_nopf,0.30732,0,0,1
749.fotonik3d_r-default-128B,bw1600_pythia,0.30733,0,0,1
749.fotonik3d_r-default-128B,bw1600_normal,0.30747,99.36,99.64,1
749.fotonik3d_r-default-128B,bw1600_normal_pythia,0.30075,91.52,90.25,1
749.fotonik3d_r-default-128B,bw1600_xpt,0.30695,99.64,35.72,1
749.fotonik3d_r-default-128B,bw1600_xpt_pythia,0.30515,90.02,21.16,1
749.fotonik3d_r-default-128B,bw3200_nopf,0.39598,0,0,1
749.fotonik3d_r-default-128B,bw3200_pythia,0.41502,0,0,1
749.fotonik3d_r-default-128B,bw3200_normal,0.39992,99.36,99.64,1
749.fotonik3d_r-default-128B,bw3200_normal_pythia,0.41191,94.37,90.4,1
749.fotonik3d_r-default-128B,bw3200_xpt,0.39679,99.64,34.99,1
749.fotonik3d_r-default-128B,bw3200_xpt_pythia,0.41478,97.24,22.7,1
749.fotonik3d_r-default-128B,bw6400_nopf,0.45162,0,0,1
749.fotonik3d_r-default-128B,bw6400_pythia,0.47377,0,0,1
749.fotonik3d_r-default-128B,bw6400_normal,0.4568,99.36,99.64,1
749.fotonik3d_r-default-128B,bw6400_normal_pythia,0.47171,94.5,90.2,1
749.fotonik3d_r-default-128B,bw6400_xpt,0.45253,99.64,35.3,1
749.fotonik3d_r-default-128B,bw6400_xpt_pythia,0.47471,97.28,22.72,1
749.fotonik3d_r-default-130B,bw200_nopf,0.07071,0,0,1
749.fotonik3d_r-default-130B,bw200_pythia,0.06283,0,0,1
749.fotonik3d_r-default-130B,bw200_normal,0.07038,98.94,99.6,1
749.fotonik3d_r-default-130B,bw200_normal_pythia,0.06128,91.44,84.58,1
749.fotonik3d_r-default-130B,bw200_xpt,0.07068,99.34,29.99,1
749.fotonik3d_r-default-130B,bw200_xpt_pythia,0.06265,85.49,6.26,1
749.fotonik3d_r-default-130B,bw400_nopf,0.13096,0,0,1
749.fotonik3d_r-default-130B,bw400_pythia,0.11829,0,0,1
749.fotonik3d_r-default-130B,bw400_normal,0.13059,98.94,99.61,1
749.fotonik3d_r-default-130B,bw400_normal_pythia,0.11562,91.12,82.72,1
749.fotonik3d_r-default-130B,bw400_xpt,0.13091,99.33,30.07,1
749.fotonik3d_r-default-130B,bw400_xpt_pythia,0.11792,85.99,6.34,1
749.fotonik3d_r-default-130B,bw800_nopf,0.22196,0,0,1
749.fotonik3d_r-default-130B,bw800_pythia,0.20993,0,0,1
749.fotonik3d_r-default-130B,bw800_normal,0.22171,98.95,99.62,1
749.fotonik3d_r-default-130B,bw800_normal_pythia,0.20631,91.0,81.97,1
749.fotonik3d_r-default-130B,bw800_xpt,0.22156,99.35,30.19,1
749.fotonik3d_r-default-130B,bw800_xpt_pythia,0.20959,85.81,6.35,1
749.fotonik3d_r-default-130B,bw1600_nopf,0.31254,0,0,1
749.fotonik3d_r-default-130B,bw1600_pythia,0.32269,0,0,1
749.fotonik3d_r-default-130B,bw1600_normal,0.31497,98.97,99.62,1
749.fotonik3d_r-default-130B,bw1600_normal_pythia,0.31999,91.33,80.37,1
749.fotonik3d_r-default-130B,bw1600_xpt,0.31243,99.35,30.28,1
749.fotonik3d_r-default-130B,bw1600_xpt_pythia,0.32274,87.67,6.47,1
749.fotonik3d_r-default-130B,bw3200_nopf,0.35518,0,0,1
749.fotonik3d_r-default-130B,bw3200_pythia,0.39331,0,0,1
749.fotonik3d_r-default-130B,bw3200_normal,0.36254,98.98,99.63,1
749.fotonik3d_r-default-130B,bw3200_normal_pythia,0.39124,93.11,81.57,1
749.fotonik3d_r-default-130B,bw3200_xpt,0.35606,99.35,30.28,1
749.fotonik3d_r-default-130B,bw3200_xpt_pythia,0.39049,93.88,7.0,1
749.fotonik3d_r-default-130B,bw6400_nopf,0.37307,0,0,1
749.fotonik3d_r-default-130B,bw6400_pythia,0.41589,0,0,1
749.fotonik3d_r-default-130B,bw6400_normal,0.38141,99.0,99.64,1
749.fotonik3d_r-default-130B,bw6400_normal_pythia,0.41598,93.13,81.6,1
749.fotonik3d_r-default-130B,bw6400_xpt,0.37396,99.36,30.35,1
749.fotonik3d_r-default-130B,bw6400_xpt_pythia,0.41286,93.81,7.01,1
749.fotonik3d_r-default-45B,bw200_nopf,0.06617,0,0,1
749.fotonik3d_r-default-45B,bw200_pythia,0.05846,0,0,1
749.fotonik3d_r-default-45B,bw200_normal,0.06571,98.92,99.65,1
749.fotonik3d_r-default-45B,bw200_normal_pythia,0.05672,90.89,84.26,1
749.fotonik3d_r-default-45B,bw200_xpt,0.06611,99.39,30.47,1
749.fotonik3d_r-default-45B,bw200_xpt_pythia,0.0582,79.21,4.87,1
749.fotonik3d_r-default-45B,bw400_nopf,0.12269,0,0,1
749.fotonik3d_r-default-45B,bw400_pythia,0.11032,0,0,1
749.fotonik3d_r-default-45B,bw400_normal,0.12208,98.91,99.64,1
749.fotonik3d_r-default-45B,bw400_normal_pythia,0.10738,91.07,84.66,1
749.fotonik3d_r-default-45B,bw400_xpt,0.12261,99.38,30.45,1
749.fotonik3d_r-default-45B,bw400_xpt_pythia,0.10997,80.06,4.85,1
749.fotonik3d_r-default-45B,bw800_nopf,0.20779,0,0,1
749.fotonik3d_r-default-45B,bw800_pythia,0.19607,0,0,1
749.fotonik3d_r-default-45B,bw800_normal,0.20718,98.89,99.64,1
749.fotonik3d_r-default-45B,bw800_normal_pythia,0.19218,91.13,82.8,1
749.fotonik3d_r-default-45B,bw800_xpt,0.20736,99.4,30.32,1
749.fotonik3d_r-default-45B,bw800_xpt_pythia,0.19531,79.58,4.74,1
749.fotonik3d_r-default-45B,bw1600_nopf,0.29253,0,0,1
749.fotonik3d_r-default-45B,bw1600_pythia,0.30014,0,0,1
749.fotonik3d_r-default-45B,bw1600_normal,0.29409,98.9,99.65,1
749.fotonik3d_r-default-45B,bw1600_normal_pythia,0.29653,91.37,82.84,1
749.fotonik3d_r-default-45B,bw1600_xpt,0.2921,99.4,30.19,1
749.fotonik3d_r-default-45B,bw1600_xpt_pythia,0.29992,82.17,4.64,1
749.fotonik3d_r-default-45B,bw3200_nopf,0.32829,0,0,1
749.fotonik3d_r-default-45B,bw3200_pythia,0.3604,0,0,1
749.fotonik3d_r-default-45B,bw3200_normal,0.33476,98.91,99.66,1
749.fotonik3d_r-default-45B,bw3200_normal_pythia,0.35765,92.12,83.04,1
749.fotonik3d_r-default-45B,bw3200_xpt,0.32898,99.39,30.0,1
749.fotonik3d_r-default-45B,bw3200_xpt_pythia,0.35988,89.48,4.98,1
749.fotonik3d_r-default-45B,bw6400_nopf,0.34176,0,0,1
749.fotonik3d_r-default-45B,bw6400_pythia,0.38029,0,0,1
749.fotonik3d_r-default-45B,bw6400_normal,0.34929,98.9,99.65,1
749.fotonik3d_r-default-45B,bw6400_normal_pythia,0.37792,91.98,83.19,1
749.fotonik3d_r-default-45B,bw6400_xpt,0.34264,99.41,30.02,1
749.fotonik3d_r-default-45B,bw6400_xpt_pythia,0.37869,89.54,4.92,1
749.fotonik3d_r-default-599B,bw200_nopf,0.0632,0,0,1
749.fotonik3d_r-default-599B,bw200_pythia,0.05571,0,0,1
749.fotonik3d_r-default-599B,bw200_normal,0.06281,98.94,99.61,1
749.fotonik3d_r-default-599B,bw200_normal_pythia,0.05405,90.11,79.27,1
749.fotonik3d_r-default-599B,bw200_xpt,0.06315,99.37,30.57,1
749.fotonik3d_r-default-599B,bw200_xpt_pythia,0.05553,55.87,1.21,1
749.fotonik3d_r-default-599B,bw400_nopf,0.11759,0,0,1
749.fotonik3d_r-default-599B,bw400_pythia,0.10529,0,0,1
749.fotonik3d_r-default-599B,bw400_normal,0.11709,98.94,99.61,1
749.fotonik3d_r-default-599B,bw400_normal_pythia,0.10249,90.05,79.04,1
749.fotonik3d_r-default-599B,bw400_xpt,0.11751,99.37,30.57,1
749.fotonik3d_r-default-599B,bw400_xpt_pythia,0.10501,55.79,1.13,1
749.fotonik3d_r-default-599B,bw800_nopf,0.19945,0,0,1
749.fotonik3d_r-default-599B,bw800_pythia,0.18758,0,0,1
749.fotonik3d_r-default-599B,bw800_normal,0.19912,98.94,99.61,1
749.fotonik3d_r-default-599B,bw800_normal_pythia,0.18345,90.24,79.81,1
749.fotonik3d_r-default-599B,bw800_xpt,0.19919,99.37,30.44,1
749.fotonik3d_r-default-599B,bw800_xpt_pythia,0.18711,52.15,0.85,1
749.fotonik3d_r-default-599B,bw1600_nopf,0.27999,0,0,1
749.fotonik3d_r-default-599B,bw1600_pythia,0.28834,0,0,1
749.fotonik3d_r-default-599B,bw1600_normal,0.28196,98.95,99.6,1
749.fotonik3d_r-default-599B,bw1600_normal_pythia,0.28451,90.61,78.95,1
749.fotonik3d_r-default-599B,bw1600_xpt,0.27979,99.38,30.34,1
749.fotonik3d_r-default-599B,bw1600_xpt_pythia,0.28793,51.16,0.76,1
749.fotonik3d_r-default-599B,bw3200_nopf,0.30928,0,0,1
749.fotonik3d_r-default-599B,bw3200_pythia,0.3436,0,0,1
749.fotonik3d_r-default-599B,bw3200_normal,0.31599,98.93,99.61,1
749.fotonik3d_r-default-599B,bw3200_normal_pythia,0.34234,90.66,79.27,1
749.fotonik3d_r-default-599B,bw3200_xpt,0.31019,99.38,30.28,1
749.fotonik3d_r-default-599B,bw3200_xpt_pythia,0.34321,51.75,0.64,1
749.fotonik3d_r-default-599B,bw6400_nopf,0.31854,0,0,1
749.fotonik3d_r-default-599B,bw6400_pythia,0.36035,0,0,1
749.fotonik3d_r-default-599B,bw6400_normal,0.32612,98.91,99.61,1
749.fotonik3d_r-default-599B,bw6400_normal_pythia,0.35818,90.51,79.08,1
749.fotonik3d_r-default-599B,bw6400_xpt,0.3196,99.38,30.27,1
749.fotonik3d_r-default-599B,bw6400_xpt_pythia,0.36021,52.1,0.6,1
749.fotonik3d_r-default-651B,bw200_nopf,0.07042,0,0,1
749.fotonik3d_r-default-651B,bw200_pythia,0.06249,0,0,1
749.fotonik3d_r-default-651B,bw200_normal,0.07011,98.96,99.62,1
749.fotonik3d_r-default-651B,bw200_normal_pythia,0.06089,90.85,84.1,1
749.fotonik3d_r-default-651B,bw200_xpt,0.0704,99.35,30.01,1
749.fotonik3d_r-default-651B,bw200_xpt_pythia,0.06231,85.44,5.75,1
749.fotonik3d_r-default-651B,bw400_nopf,0.13048,0,0,1
749.fotonik3d_r-default-651B,bw400_pythia,0.11762,0,0,1
749.fotonik3d_r-default-651B,bw400_normal,0.13011,98.97,99.61,1
749.fotonik3d_r-default-651B,bw400_normal_pythia,0.11502,90.58,82.05,1
749.fotonik3d_r-default-651B,bw400_xpt,0.13044,99.34,30.08,1
749.fotonik3d_r-default-651B,bw400_xpt_pythia,0.11734,85.89,5.82,1
749.fotonik3d_r-default-651B,bw800_nopf,0.22106,0,0,1
749.fotonik3d_r-default-651B,bw800_pythia,0.20875,0,0,1
749.fotonik3d_r-default-651B,bw800_normal,0.22085,98.98,99.63,1
749.fotonik3d_r-default-651B,bw800_normal_pythia,0.20501,90.67,81.05,1
749.fotonik3d_r-default-651B,bw800_xpt,0.22069,99.35,30.2,1
749.fotonik3d_r-default-651B,bw800_xpt_pythia,0.2082,85.73,5.81,1
749.fotonik3d_r-default-651B,bw1600_nopf,0.31096,0,0,1
749.fotonik3d_r-default-651B,bw1600_pythia,0.32017,0,0,1
749.fotonik3d_r-default-651B,bw1600_normal,0.31334,99.0,99.64,1
749.fotonik3d_r-default-651B,bw1600_normal_pythia,0.31749,91.3,79.62,1
749.fotonik3d_r-default-651B,bw1600_xpt,0.31075,99.36,30.3,1
749.fotonik3d_r-default-651B,bw1600_xpt_pythia,0.32021,87.54,5.93,1
749.fotonik3d_r-default-651B,bw3200_nopf,0.35234,0,0,1
749.fotonik3d_r-default-651B,bw3200_pythia,0.3891,0,0,1
749.fotonik3d_r-default-651B,bw3200_normal,0.35992,99.01,99.64,1
749.fotonik3d_r-default-651B,bw3200_normal_pythia,0.38736,92.3,80.15,1
749.fotonik3d_r-default-651B,bw3200_xpt,0.35322,99.36,30.31,1
749.fotonik3d_r-default-651B,bw3200_xpt_pythia,0.38792,93.97,6.5,1
749.fotonik3d_r-default-651B,bw6400_nopf,0.36942,0,0,1
749.fotonik3d_r-default-651B,bw6400_pythia,0.41386,0,0,1
749.fotonik3d_r-default-651B,bw6400_normal,0.37814,99.03,99.64,1
749.fotonik3d_r-default-651B,bw6400_normal_pythia,0.41195,92.5,80.91,1
749.fotonik3d_r-default-651B,bw6400_xpt,0.37023,99.36,30.37,1
749.fotonik3d_r-default-651B,bw6400_xpt_pythia,0.4127,93.77,6.46,1
765.roms_r-benchmark2-871B,bw200_nopf,0.13876,0,0,1
765.roms_r-benchmark2-871B,bw200_pythia,0.13578,0,0,1
765.roms_r-benchmark2-871B,bw200_normal,0.13922,99.69,99.01,1
765.roms_r-benchmark2-871B,bw200_normal_pythia,0.12857,90.58,95.77,1
765.roms_r-benchmark2-871B,bw200_xpt,0.13874,97.15,26.13,1
765.roms_r-benchmark2-871B,bw200_xpt_pythia,0.13314,84.24,19.03,1
765.roms_r-benchmark2-871B,bw400_nopf,0.24531,0,0,1
765.roms_r-benchmark2-871B,bw400_pythia,0.24687,0,0,1
765.roms_r-benchmark2-871B,bw400_normal,0.24496,99.69,98.94,1
765.roms_r-benchmark2-871B,bw400_normal_pythia,0.23576,90.95,94.94,1
765.roms_r-benchmark2-871B,bw400_xpt,0.24535,97.1,26.17,1
765.roms_r-benchmark2-871B,bw400_xpt_pythia,0.24287,84.77,19.1,1
765.roms_r-benchmark2-871B,bw800_nopf,0.39052,0,0,1
765.roms_r-benchmark2-871B,bw800_pythia,0.41217,0,0,1
765.roms_r-benchmark2-871B,bw800_normal,0.39386,99.68,98.84,1
765.roms_r-benchmark2-871B,bw800_normal_pythia,0.39814,91.11,95.18,1
765.roms_r-benchmark2-871B,bw800_xpt,0.39259,97.09,25.49,1
765.roms_r-benchmark2-871B,bw800_xpt_pythia,0.40713,84.67,18.59,1
765.roms_r-benchmark2-871B,bw1600_nopf,0.53856,0,0,1
765.roms_r-benchmark2-871B,bw1600_pythia,0.59896,0,0,1
765.roms_r-benchmark2-871B,bw1600_normal,0.55113,99.66,98.78,1
765.roms_r-benchmark2-871B,bw1600_normal_pythia,0.58414,90.64,94.32,1
765.roms_r-benchmark2-871B,bw1600_xpt,0.54317,97.0,24.82,1
765.roms_r-benchmark2-871B,bw1600_xpt_pythia,0.59406,83.71,17.51,1
765.roms_r-benchmark2-871B,bw3200_nopf,0.59959,0,0,1
765.roms_r-benchmark2-871B,bw3200_pythia,0.70144,0,0,1
765.roms_r-benchmark2-871B,bw3200_normal,0.62284,99.66,98.73,1
765.roms_r-benchmark2-871B,bw3200_normal_pythia,0.69502,89.29,90.42,1
765.roms_r-benchmark2-871B,bw3200_xpt,0.60666,96.97,24.36,1
765.roms_r-benchmark2-871B,bw3200_xpt_pythia,0.69812,81.54,16.04,1
765.roms_r-benchmark2-871B,bw6400_nopf,0.61255,0,0,1
765.roms_r-benchmark2-871B,bw6400_pythia,0.72711,0,0,1
765.roms_r-benchmark2-871B,bw6400_normal,0.64242,99.67,98.75,1
765.roms_r-benchmark2-871B,bw6400_normal_pythia,0.72221,88.73,91.0,1
765.roms_r-benchmark2-871B,bw6400_xpt,0.62099,97.01,24.26,1
765.roms_r-benchmark2-871B,bw6400_xpt_pythia,0.72421,79.95,15.19,1
765.roms_r-benchmark2-900B,bw200_nopf,0.13796,0,0,1
765.roms_r-benchmark2-900B,bw200_pythia,0.13476,0,0,1
765.roms_r-benchmark2-900B,bw200_normal,0.13838,99.66,98.96,1
765.roms_r-benchmark2-900B,bw200_normal_pythia,0.12769,90.89,96.17,1
765.roms_r-benchmark2-900B,bw200_xpt,0.13771,97.04,26.1,1
765.roms_r-benchmark2-900B,bw200_xpt_pythia,0.13231,84.93,19.54,1
765.roms_r-benchmark2-900B,bw400_nopf,0.24403,0,0,1
765.roms_r-benchmark2-900B,bw400_pythia,0.24556,0,0,1
765.roms_r-benchmark2-900B,bw400_normal,0.24375,99.65,98.9,1
765.roms_r-benchmark2-900B,bw400_normal_pythia,0.23489,91.36,95.46,1
765.roms_r-benchmark2-900B,bw400_xpt,0.24366,96.97,26.12,1
765.roms_r-benchmark2-900B,bw400_xpt_pythia,0.24162,85.52,19.45,1
765.roms_r-benchmark2-900B,bw800_nopf,0.38988,0,0,1
765.roms_r-benchmark2-900B,bw800_pythia,0.41012,0,0,1
765.roms_r-benchmark2-900B,bw800_normal,0.39328,99.65,98.81,1
765.roms_r-benchmark2-900B,bw800_normal_pythia,0.39767,91.71,95.63,1
765.roms_r-benchmark2-900B,bw800_xpt,0.39102,96.91,25.53,1
765.roms_r-benchmark2-900B,bw800_xpt_pythia,0.40632,85.82,19.19,1
765.roms_r-benchmark2-900B,bw1600_nopf,0.53896,0,0,1
765.roms_r-benchmark2-900B,bw1600_pythia,0.59766,0,0,1
765.roms_r-benchmark2-900B,bw1600_normal,0.55174,99.62,98.73,1
765.roms_r-benchmark2-900B,bw1600_normal_pythia,0.58387,91.1,94.57,1
765.roms_r-benchmark2-900B,bw1600_xpt,0.54292,96.77,24.88,1
765.roms_r-benchmark2-900B,bw1600_xpt_pythia,0.59192,84.11,18.17,1
765.roms_r-benchmark2-900B,bw3200_nopf,0.5972,0,0,1
765.roms_r-benchmark2-900B,bw3200_pythia,0.69841,0,0,1
765.roms_r-benchmark2-900B,bw3200_normal,0.62105,99.63,98.74,1
765.roms_r-benchmark2-900B,bw3200_normal_pythia,0.69125,89.83,94.01,1
765.roms_r-benchmark2-900B,bw3200_xpt,0.60509,96.81,24.4,1
765.roms_r-benchmark2-900B,bw3200_xpt_pythia,0.69482,82.25,16.93,1
765.roms_r-benchmark2-900B,bw6400_nopf,0.61022,0,0,1
765.roms_r-benchmark2-900B,bw6400_pythia,0.72277,0,0,1
765.roms_r-benchmark2-900B,bw6400_normal,0.63977,99.62,98.72,1
765.roms_r-benchmark2-900B,bw6400_normal_pythia,0.7178,88.92,93.36,1
765.roms_r-benchmark2-900B,bw6400_xpt,0.61914,96.79,24.28,1
765.roms_r-benchmark2-900B,bw6400_xpt_pythia,0.71955,80.15,16.11,1
765.roms_r-benchmark2-985B,bw200_nopf,0.05311,0,0,1
765.roms_r-benchmark2-985B,bw200_pythia,0.04612,0,0,1
765.roms_r-benchmark2-985B,bw200_normal,0.05188,94.74,88.67,1
765.roms_r-benchmark2-985B,bw200_normal_pythia,0.04372,82.73,68.32,1
765.roms_r-benchmark2-985B,bw200_xpt,0.05228,87.33,23.95,1
765.roms_r-benchmark2-985B,bw200_xpt_pythia,0.04481,59.32,12.2,1
765.roms_r-benchmark2-985B,bw400_nopf,0.10072,0,0,1
765.roms_r-benchmark2-985B,bw400_pythia,0.08769,0,0,1
765.roms_r-benchmark2-985B,bw400_normal,0.09867,94.73,88.53,1
765.roms_r-benchmark2-985B,bw400_normal_pythia,0.08335,82.2,66.83,1
765.roms_r-benchmark2-985B,bw400_xpt,0.09946,87.57,23.86,1
765.roms_r-benchmark2-985B,bw400_xpt_pythia,0.08531,59.2,12.12,1
765.roms_r-benchmark2-985B,bw800_nopf,0.18395,0,0,1
765.roms_r-benchmark2-985B,bw800_pythia,0.16071,0,0,1
765.roms_r-benchmark2-985B,bw800_normal,0.18024,94.46,88.54,1
765.roms_r-benchmark2-985B,bw800_normal_pythia,0.15335,81.53,65.6,1
765.roms_r-benchmark2-985B,bw800_xpt,0.18174,87.53,23.54,1
765.roms_r-benchmark2-985B,bw800_xpt_pythia,0.15679,58.49,11.74,1
765.roms_r-benchmark2-985B,bw1600_nopf,0.28938,0,0,1
765.roms_r-benchmark2-985B,bw1600_pythia,0.26708,0,0,1
765.roms_r-benchmark2-985B,bw1600_normal,0.28901,94.26,88.24,1
765.roms_r-benchmark2-985B,bw1600_normal_pythia,0.2576,80.77,63.16,1
765.roms_r-benchmark2-985B,bw1600_xpt,0.28776,87.01,23.29,1
765.roms_r-benchmark2-985B,bw1600_xpt_pythia,0.26233,56.4,10.72,1
765.roms_r-benchmark2-985B,bw3200_nopf,0.33642,0,0,1
765.roms_r-benchmark2-985B,bw3200_pythia,0.32904,0,0,1
765.roms_r-benchmark2-985B,bw3200_normal,0.34023,94.14,88.12,1
765.roms_r-benchmark2-985B,bw3200_normal_pythia,0.32184,79.39,60.39,1
765.roms_r-benchmark2-985B,bw3200_xpt,0.33645,87.01,23.05,1
765.roms_r-benchmark2-985B,bw3200_xpt_pythia,0.32515,53.01,9.51,1
765.roms_r-benchmark2-985B,bw6400_nopf,0.35098,0,0,1
765.roms_r-benchmark2-985B,bw6400_pythia,0.34727,0,0,1
765.roms_r-benchmark2-985B,bw6400_normal,0.35579,94.16,88.11,1
765.roms_r-benchmark2-985B,bw6400_normal_pythia,0.34016,78.68,59.13,1
765.roms_r-benchmark2-985B,bw6400_xpt,0.35113,87.03,23.02,1
765.roms_r-benchmark2-985B,bw6400_xpt_pythia,0.34345,51.62,9.01,1
800.pot3d_s-pot3d_n1-1067B,bw200_nopf,0.03061,0,0,1
800.pot3d_s-pot3d_n1-1067B,bw200_pythia,0.02996,0,0,1
800.pot3d_s-pot3d_n1-1067B,bw200_normal,0.03059,99.58,99.56,1
800.pot3d_s-pot3d_n1-1067B,bw200_normal_pythia,0.02834,86.23,75.33,1
800.pot3d_s-pot3d_n1-1067B,bw200_xpt,0.03062,99.95,48.87,1
800.pot3d_s-pot3d_n1-1067B,bw200_xpt_pythia,0.02853,77.67,25.9,1
800.pot3d_s-pot3d_n1-1067B,bw400_nopf,0.05841,0,0,1
800.pot3d_s-pot3d_n1-1067B,bw400_pythia,0.05781,0,0,1
800.pot3d_s-pot3d_n1-1067B,bw400_normal,0.05832,99.56,99.58,1
800.pot3d_s-pot3d_n1-1067B,bw400_normal_pythia,0.0537,85.56,73.88,1
800.pot3d_s-pot3d_n1-1067B,bw400_xpt,0.05839,99.94,49.02,1
800.pot3d_s-pot3d_n1-1067B,bw400_xpt_pythia,0.05475,77.06,26.93,1
800.pot3d_s-pot3d_n1-1067B,bw800_nopf,0.10806,0,0,1
800.pot3d_s-pot3d_n1-1067B,bw800_pythia,0.10791,0,0,1
800.pot3d_s-pot3d_n1-1067B,bw800_normal,0.10789,99.56,99.6,1
800.pot3d_s-pot3d_n1-1067B,bw800_normal_pythia,0.10151,86.17,70.56,1
800.pot3d_s-pot3d_n1-1067B,bw800_xpt,0.10804,99.94,48.5,1
800.pot3d_s-pot3d_n1-1067B,bw800_xpt_pythia,0.10479,79.69,26.34,1
800.pot3d_s-pot3d_n1-1067B,bw1600_nopf,0.1811,0,0,1
800.pot3d_s-pot3d_n1-1067B,bw1600_pythia,0.1878,0,0,1
800.pot3d_s-pot3d_n1-1067B,bw1600_normal,0.18377,99.55,99.61,1
800.pot3d_s-pot3d_n1-1067B,bw1600_normal_pythia,0.17833,86.78,70.95,1
800.pot3d_s-pot3d_n1-1067B,bw1600_xpt,0.18283,99.94,47.89,1
800.pot3d_s-pot3d_n1-1067B,bw1600_xpt_pythia,0.18047,77.2,25.21,1
800.pot3d_s-pot3d_n1-1067B,bw3200_nopf,0.22827,0,0,1
800.pot3d_s-pot3d_n1-1067B,bw3200_pythia,0.26171,0,0,1
800.pot3d_s-pot3d_n1-1067B,bw3200_normal,0.24246,99.56,99.61,1
800.pot3d_s-pot3d_n1-1067B,bw3200_normal_pythia,0.25417,87.66,69.42,1
800.pot3d_s-pot3d_n1-1067B,bw3200_xpt,0.23558,99.94,47.44,1
800.pot3d_s-pot3d_n1-1067B,bw3200_xpt_pythia,0.25356,77.47,24.66,1
800.pot3d_s-pot3d_n1-1067B,bw6400_nopf,0.24291,0,0,1
800.pot3d_s-pot3d_n1-1067B,bw6400_pythia,0.29042,0,0,1
800.pot3d_s-pot3d_n1-1067B,bw6400_normal,0.26142,99.55,99.61,1
800.pot3d_s-pot3d_n1-1067B,bw6400_normal_pythia,0.27507,86.14,70.15,1
800.pot3d_s-pot3d_n1-1067B,bw6400_xpt,0.25234,99.94,47.4,1
800.pot3d_s-pot3d_n1-1067B,bw6400_xpt_pythia,0.27432,77.2,24.05,1
800.pot3d_s-pot3d_n1-1519B,bw200_nopf,0.03004,0,0,1
800.pot3d_s-pot3d_n1-1519B,bw200_pythia,0.02971,0,0,1
800.pot3d_s-pot3d_n1-1519B,bw200_normal_pythia,0.028,86.16,77.28,1
800.pot3d_s-pot3d_n1-1519B,bw200_xpt,0.03005,99.97,49.11,1
800.pot3d_s-pot3d_n1-1519B,bw200_xpt_pythia,0.02782,75.45,27.18,1
800.pot3d_s-pot3d_n1-1519B,bw400_nopf,0.05725,0,0,1
800.pot3d_s-pot3d_n1-1519B,bw400_pythia,0.05691,0,0,1
800.pot3d_s-pot3d_n1-1519B,bw400_normal,0.05717,99.71,99.78,1
800.pot3d_s-pot3d_n1-1519B,bw400_normal_pythia,0.05421,86.68,75.3,1
800.pot3d_s-pot3d_n1-1519B,bw400_xpt,0.05723,99.97,49.2,1
800.pot3d_s-pot3d_n1-1519B,bw400_xpt_pythia,0.05306,70.86,26.23,1
800.pot3d_s-pot3d_n1-1519B,bw800_nopf,0.10575,0,0,1
800.pot3d_s-pot3d_n1-1519B,bw800_pythia,0.10597,0,0,1
800.pot3d_s-pot3d_n1-1519B,bw800_normal,0.10562,99.68,99.79,1
800.pot3d_s-pot3d_n1-1519B,bw800_normal_pythia,0.10034,86.21,75.92,1
800.pot3d_s-pot3d_n1-1519B,bw800_xpt,0.10575,99.97,48.6,1
800.pot3d_s-pot3d_n1-1519B,bw800_xpt_pythia,0.10237,75.93,27.73,1
800.pot3d_s-pot3d_n1-1519B,bw1600_nopf,0.17689,0,0,1
800.pot3d_s-pot3d_n1-1519B,bw1600_pythia,0.18503,0,0,1
800.pot3d_s-pot3d_n1-1519B,bw1600_normal,0.17942,99.65,99.79,1
800.pot3d_s-pot3d_n1-1519B,bw1600_normal_pythia,0.17355,86.12,72.72,1
800.pot3d_s-pot3d_n1-1519B,bw1600_xpt,0.17846,99.97,47.81,1
800.pot3d_s-pot3d_n1-1519B,bw1600_xpt_pythia,0.17525,72.91,23.91,1
800.pot3d_s-pot3d_n1-1519B,bw3200_nopf,0.22095,0,0,1
800.pot3d_s-pot3d_n1-1519B,bw3200_pythia,0.25853,0,0,1
800.pot3d_s-pot3d_n1-1519B,bw3200_normal,0.23412,99.64,99.79,1
800.pot3d_s-pot3d_n1-1519B,bw3200_normal_pythia,0.25495,86.61,74.27,1
800.pot3d_s-pot3d_n1-1519B,bw3200_xpt,0.22771,99.97,47.36,1
800.pot3d_s-pot3d_n1-1519B,bw3200_xpt_pythia,0.2566,74.49,22.86,1
800.pot3d_s-pot3d_n1-1519B,bw6400_nopf,0.23528,0,0,1
800.pot3d_s-pot3d_n1-1519B,bw6400_pythia,0.27852,0,0,1
800.pot3d_s-pot3d_n1-1519B,bw6400_normal,0.25168,99.64,99.78,1
800.pot3d_s-pot3d_n1-1519B,bw6400_normal_pythia,0.26397,85.52,71.69,1
800.pot3d_s-pot3d_n1-1519B,bw6400_xpt,0.24367,99.97,47.55,1
800.pot3d_s-pot3d_n1-1519B,bw6400_xpt_pythia,0.27156,74.34,21.6,1
800.pot3d_s-pot3d_n1-2026B,bw200_nopf,0.03142,0,0,1
800.pot3d_s-pot3d_n1-2026B,bw200_pythia,0.03069,0,0,1
800.pot3d_s-pot3d_n1-2026B,bw200_normal,0.03141,99.82,99.82,1
800.pot3d_s-pot3d_n1-2026B,bw200_normal_pythia,0.02914,89.95,81.43,1
800.pot3d_s-pot3d_n1-2026B,bw200_xpt,0.03143,99.97,49.32,1
800.pot3d_s-pot3d_n1-2026B,bw200_xpt_pythia,0.02927,79.38,32.09,1
800.pot3d_s-pot3d_n1-2026B,bw400_nopf,0.05976,0,0,1
800.pot3d_s-pot3d_n1-2026B,bw400_pythia,0.05879,0,0,1
800.pot3d_s-pot3d_n1-2026B,bw400_normal,0.0597,99.8,99.84,1
800.pot3d_s-pot3d_n1-2026B,bw400_normal_pythia,0.05699,90.68,80.43,1
800.pot3d_s-pot3d_n1-2026B,bw400_xpt,0.05974,99.97,49.48,1
800.pot3d_s-pot3d_n1-2026B,bw400_xpt_pythia,0.05616,79.04,31.95,1
800.pot3d_s-pot3d_n1-2026B,bw800_nopf,0.11056,0,0,1
800.pot3d_s-pot3d_n1-2026B,bw800_pythia,0.10966,0,0,1
800.pot3d_s-pot3d_n1-2026B,bw800_normal,0.11045,99.78,99.84,1
800.pot3d_s-pot3d_n1-2026B,bw800_normal_pythia,0.10454,90.04,82.0,1
800.pot3d_s-pot3d_n1-2026B,bw800_xpt,0.11055,99.97,48.77,1
800.pot3d_s-pot3d_n1-2026B,bw800_xpt_pythia,0.106,79.79,32.56,1
800.pot3d_s-pot3d_n1-2026B,bw1600_nopf,0.18736,0,0,1
800.pot3d_s-pot3d_n1-2026B,bw1600_pythia,0.19109,0,0,1
800.pot3d_s-pot3d_n1-2026B,bw1600_normal,0.18898,99.76,99.84,1
800.pot3d_s-pot3d_n1-2026B,bw1600_normal_pythia,0.1827,89.9,82.55,1
800.pot3d_s-pot3d_n1-2026B,bw1600_xpt,0.18838,99.97,47.92,1
800.pot3d_s-pot3d_n1-2026B,bw1600_xpt_pythia,0.18577,79.54,31.53,1
800.pot3d_s-pot3d_n1-2026B,bw3200_nopf,0.24845,0,0,1
800.pot3d_s-pot3d_n1-2026B,bw3200_pythia,0.27738,0,0,1
800.pot3d_s-pot3d_n1-2026B,bw3200_normal,0.2621,99.75,99.84,1
800.pot3d_s-pot3d_n1-2026B,bw3200_normal_pythia,0.27274,90.94,83.84,1
800.pot3d_s-pot3d_n1-2026B,bw3200_xpt,0.25571,99.97,47.47,1
800.pot3d_s-pot3d_n1-2026B,bw3200_xpt_pythia,0.26741,76.24,28.6,1
800.pot3d_s-pot3d_n1-2026B,bw6400_nopf,0.26816,0,0,1
800.pot3d_s-pot3d_n1-2026B,bw6400_pythia,0.29855,0,0,1
800.pot3d_s-pot3d_n1-2026B,bw6400_normal,0.28595,99.75,99.84,1
800.pot3d_s-pot3d_n1-2026B,bw6400_normal_pythia,0.29521,89.71,82.5,1
800.pot3d_s-pot3d_n1-2026B,bw6400_xpt,0.27779,99.97,47.6,1
800.pot3d_s-pot3d_n1-2026B,bw6400_xpt_pythia,0.30378,76.51,28.87,1
800.pot3d_s-pot3d_n1-2544B,bw200_nopf,0.03292,0,0,1
800.pot3d_s-pot3d_n1-2544B,bw200_pythia,0.03212,0,0,1
800.pot3d_s-pot3d_n1-2544B,bw200_normal,0.03291,99.82,99.83,1
800.pot3d_s-pot3d_n1-2544B,bw200_normal_pythia,0.03056,89.94,78.5,1
800.pot3d_s-pot3d_n1-2544B,bw200_xpt,0.03293,99.97,49.38,1
800.pot3d_s-pot3d_n1-2544B,bw200_xpt_pythia,0.03062,79.7,32.29,1
800.pot3d_s-pot3d_n1-2544B,bw400_nopf,0.06274,0,0,1
800.pot3d_s-pot3d_n1-2544B,bw400_pythia,0.0617,0,0,1
800.pot3d_s-pot3d_n1-2544B,bw400_normal,0.06267,99.8,99.84,1
800.pot3d_s-pot3d_n1-2544B,bw400_normal_pythia,0.06014,91.12,83.35,1
800.pot3d_s-pot3d_n1-2544B,bw400_xpt,0.06272,99.97,49.45,1
800.pot3d_s-pot3d_n1-2544B,bw400_xpt_pythia,0.05924,81.92,32.44,1
800.pot3d_s-pot3d_n1-2544B,bw800_nopf,0.1163,0,0,1
800.pot3d_s-pot3d_n1-2544B,bw800_pythia,0.11515,0,0,1
800.pot3d_s-pot3d_n1-2544B,bw800_normal,0.11618,99.78,99.84,1
800.pot3d_s-pot3d_n1-2544B,bw800_normal_pythia,0.11007,90.26,81.0,1
800.pot3d_s-pot3d_n1-2544B,bw800_xpt,0.11629,99.97,48.79,1
800.pot3d_s-pot3d_n1-2544B,bw800_xpt_pythia,0.11005,78.57,31.33,1
800.pot3d_s-pot3d_n1-2544B,bw1600_nopf,0.19765,0,0,1
800.pot3d_s-pot3d_n1-2544B,bw1600_pythia,0.20104,0,0,1
800.pot3d_s-pot3d_n1-2544B,bw1600_normal,0.1995,99.76,99.84,1
800.pot3d_s-pot3d_n1-2544B,bw1600_normal_pythia,0.19309,89.9,79.16,1
800.pot3d_s-pot3d_n1-2544B,bw1600_xpt,0.19881,99.97,48.04,1
800.pot3d_s-pot3d_n1-2544B,bw1600_xpt_pythia,0.19507,82.71,31.07,1
800.pot3d_s-pot3d_n1-2544B,bw3200_nopf,0.25971,0,0,1
800.pot3d_s-pot3d_n1-2544B,bw3200_pythia,0.28541,0,0,1
800.pot3d_s-pot3d_n1-2544B,bw3200_normal,0.2753,99.75,99.84,1
800.pot3d_s-pot3d_n1-2544B,bw3200_normal_pythia,0.27887,89.87,83.57,1
800.pot3d_s-pot3d_n1-2544B,bw3200_xpt,0.26787,99.97,47.64,1
800.pot3d_s-pot3d_n1-2544B,bw3200_xpt_pythia,0.28432,79.43,28.92,1
800.pot3d_s-pot3d_n1-2544B,bw6400_nopf,0.27981,0,0,1
800.pot3d_s-pot3d_n1-2544B,bw6400_pythia,0.31327,0,0,1
800.pot3d_s-pot3d_n1-2544B,bw6400_normal,0.29949,99.75,99.84,1
800.pot3d_s-pot3d_n1-2544B,bw6400_normal_pythia,0.3088,90.47,82.66,1
800.pot3d_s-pot3d_n1-2544B,bw6400_xpt,0.29017,99.97,47.71,1
800.pot3d_s-pot3d_n1-2544B,bw6400_xpt_pythia,0.30929,75.69,26.18,1
809.cactus_s-shifted_gauge_wave-1690B,bw200_nopf,0.62869,0,0,1
809.cactus_s-shifted_gauge_wave-1690B,bw200_pythia,0.69028,0,0,1
809.cactus_s-shifted_gauge_wave-1690B,bw200_normal,0.62784,96.14,71.89,1
809.cactus_s-shifted_gauge_wave-1690B,bw200_normal_pythia,0.68917,84.93,49.47,1
809.cactus_s-shifted_gauge_wave-1690B,bw200_xpt,0.62869,82.89,0.0,1
809.cactus_s-shifted_gauge_wave-1690B,bw200_xpt_pythia,0.69028,NaN,0.0,1
809.cactus_s-shifted_gauge_wave-1690B,bw400_nopf,0.70343,0,0,1
809.cactus_s-shifted_gauge_wave-1690B,bw400_pythia,0.72466,0,0,1
809.cactus_s-shifted_gauge_wave-1690B,bw400_normal,0.70425,96.24,72.41,1
809.cactus_s-shifted_gauge_wave-1690B,bw400_normal_pythia,0.72428,84.33,46.68,1
809.cactus_s-shifted_gauge_wave-1690B,bw400_xpt,0.70344,80.49,0.0,1
809.cactus_s-shifted_gauge_wave-1690B,bw400_xpt_pythia,0.72466,NaN,0.0,1
809.cactus_s-shifted_gauge_wave-1690B,bw800_nopf,0.7297,0,0,1
809.cactus_s-shifted_gauge_wave-1690B,bw800_pythia,0.73213,0,0,1
809.cactus_s-shifted_gauge_wave-1690B,bw800_normal,0.73012,96.25,72.69,1
809.cactus_s-shifted_gauge_wave-1690B,bw800_normal_pythia,0.73225,85.48,49.32,1
809.cactus_s-shifted_gauge_wave-1690B,bw800_xpt,0.72971,82.05,0.0,1
809.cactus_s-shifted_gauge_wave-1690B,bw800_xpt_pythia,0.73213,NaN,0.0,1
809.cactus_s-shifted_gauge_wave-1690B,bw1600_nopf,0.73253,0,0,1
809.cactus_s-shifted_gauge_wave-1690B,bw1600_pythia,0.73331,0,0,1
809.cactus_s-shifted_gauge_wave-1690B,bw1600_normal,0.73277,96.24,72.76,1
809.cactus_s-shifted_gauge_wave-1690B,bw1600_normal_pythia,0.73333,85.46,49.66,1
809.cactus_s-shifted_gauge_wave-1690B,bw1600_xpt,0.73253,84.21,0.0,1
809.cactus_s-shifted_gauge_wave-1690B,bw1600_xpt_pythia,0.73331,NaN,0.0,1
809.cactus_s-shifted_gauge_wave-1690B,bw3200_nopf,0.73276,0,0,1
809.cactus_s-shifted_gauge_wave-1690B,bw3200_pythia,0.73336,0,0,1
809.cactus_s-shifted_gauge_wave-1690B,bw3200_normal,0.73296,96.24,72.79,1
809.cactus_s-shifted_gauge_wave-1690B,bw3200_normal_pythia,0.73343,85.75,51.09,1
809.cactus_s-shifted_gauge_wave-1690B,bw3200_xpt,0.73276,82.72,0.0,1
809.cactus_s-shifted_gauge_wave-1690B,bw3200_xpt_pythia,0.73336,NaN,0.0,1
809.cactus_s-shifted_gauge_wave-1690B,bw6400_nopf,0.73279,0,0,1
809.cactus_s-shifted_gauge_wave-1690B,bw6400_pythia,0.73348,0,0,1
809.cactus_s-shifted_gauge_wave-1690B,bw6400_normal,0.733,96.25,72.84,1
809.cactus_s-shifted_gauge_wave-1690B,bw6400_normal_pythia,0.73351,85.38,51.16,1
809.cactus_s-shifted_gauge_wave-1690B,bw6400_xpt,0.73279,82.72,0.0,1
809.cactus_s-shifted_gauge_wave-1690B,bw6400_xpt_pythia,0.73348,NaN,0.0,1
809.cactus_s-shifted_gauge_wave-202B,bw200_nopf,0.67898,0,0,1
809.cactus_s-shifted_gauge_wave-202B,bw200_pythia,0.81092,0,0,1
809.cactus_s-shifted_gauge_wave-202B,bw200_normal,0.67703,98.05,91.56,1
809.cactus_s-shifted_gauge_wave-202B,bw200_normal_pythia,0.80887,87.45,49.28,1
809.cactus_s-shifted_gauge_wave-202B,bw200_xpt,0.6775,41.93,1.39,1
809.cactus_s-shifted_gauge_wave-202B,bw200_xpt_pythia,0.80338,33.31,0.64,1
809.cactus_s-shifted_gauge_wave-202B,bw400_nopf,0.81703,0,0,1
809.cactus_s-shifted_gauge_wave-202B,bw400_pythia,0.88685,0,0,1
809.cactus_s-shifted_gauge_wave-202B,bw400_normal,0.82214,98.08,91.7,1
809.cactus_s-shifted_gauge_wave-202B,bw400_normal_pythia,0.88171,86.63,49.9,1
809.cactus_s-shifted_gauge_wave-202B,bw400_xpt,0.81667,41.98,1.37,1
809.cactus_s-shifted_gauge_wave-202B,bw400_xpt_pythia,0.88188,44.34,0.64,1
809.cactus_s-shifted_gauge_wave-202B,bw800_nopf,0.86914,0,0,1
809.cactus_s-shifted_gauge_wave-202B,bw800_pythia,0.90746,0,0,1
809.cactus_s-shifted_gauge_wave-202B,bw800_normal,0.87866,98.07,91.56,1
809.cactus_s-shifted_gauge_wave-202B,bw800_normal_pythia,0.90733,88.92,53.91,1
809.cactus_s-shifted_gauge_wave-202B,bw800_xpt,0.869,42.22,1.39,1
809.cactus_s-shifted_gauge_wave-202B,bw800_xpt_pythia,0.90879,44.77,0.88,1
809.cactus_s-shifted_gauge_wave-202B,bw1600_nopf,0.87973,0,0,1
809.cactus_s-shifted_gauge_wave-202B,bw1600_pythia,0.91019,0,0,1
809.cactus_s-shifted_gauge_wave-202B,bw1600_normal,0.8902,98.09,91.56,1
809.cactus_s-shifted_gauge_wave-202B,bw1600_normal_pythia,0.91176,86.24,50.77,1
809.cactus_s-shifted_gauge_wave-202B,bw1600_xpt,0.87955,42.12,1.36,1
809.cactus_s-shifted_gauge_wave-202B,bw1600_xpt_pythia,0.91097,44.88,0.56,1
809.cactus_s-shifted_gauge_wave-202B,bw3200_nopf,0.88079,0,0,1
809.cactus_s-shifted_gauge_wave-202B,bw3200_pythia,0.91079,0,0,1
809.cactus_s-shifted_gauge_wave-202B,bw3200_normal,0.89132,98.1,91.73,1
809.cactus_s-shifted_gauge_wave-202B,bw3200_normal_pythia,0.91072,88.05,52.22,1
809.cactus_s-shifted_gauge_wave-202B,bw3200_xpt,0.8806,42.18,1.4,1
809.cactus_s-shifted_gauge_wave-202B,bw3200_xpt_pythia,0.91122,46.99,0.78,1
809.cactus_s-shifted_gauge_wave-202B,bw6400_nopf,0.88082,0,0,1
809.cactus_s-shifted_gauge_wave-202B,bw6400_pythia,0.91155,0,0,1
809.cactus_s-shifted_gauge_wave-202B,bw6400_normal,0.89144,98.06,91.62,1
809.cactus_s-shifted_gauge_wave-202B,bw6400_normal_pythia,0.91178,87.55,53.12,1
809.cactus_s-shifted_gauge_wave-202B,bw6400_xpt,0.88064,41.99,1.37,1
809.cactus_s-shifted_gauge_wave-202B,bw6400_xpt_pythia,0.91151,47.71,0.79,1
809.cactus_s-shifted_gauge_wave-6972B,bw200_nopf,0.626,0,0,1
809.cactus_s-shifted_gauge_wave-6972B,bw200_pythia,0.68689,0,0,1
809.cactus_s-shifted_gauge_wave-6972B,bw200_normal,0.6248,96.22,72.56,1
809.cactus_s-shifted_gauge_wave-6972B,bw200_normal_pythia,0.68782,85.59,49.26,1
809.cactus_s-shifted_gauge_wave-6972B,bw200_xpt,0.626,66.67,0.0,1
809.cactus_s-shifted_gauge_wave-6972B,bw200_xpt_pythia,0.68689,NaN,0.0,1
809.cactus_s-shifted_gauge_wave-6972B,bw400_nopf,0.70179,0,0,1
809.cactus_s-shifted_gauge_wave-6972B,bw400_pythia,0.72407,0,0,1
809.cactus_s-shifted_gauge_wave-6972B,bw400_normal,0.70239,96.15,72.79,1
809.cactus_s-shifted_gauge_wave-6972B,bw400_normal_pythia,0.72321,85.04,47.45,1
809.cactus_s-shifted_gauge_wave-6972B,bw400_xpt,0.70179,70.73,0.0,1
809.cactus_s-shifted_gauge_wave-6972B,bw400_xpt_pythia,0.72407,NaN,0.0,1
809.cactus_s-shifted_gauge_wave-6972B,bw800_nopf,0.72898,0,0,1
809.cactus_s-shifted_gauge_wave-6972B,bw800_pythia,0.73143,0,0,1
809.cactus_s-shifted_gauge_wave-6972B,bw800_normal,0.72932,96.28,72.98,1
809.cactus_s-shifted_gauge_wave-6972B,bw800_normal_pythia,0.73151,85.91,49.97,1
809.cactus_s-shifted_gauge_wave-6972B,bw800_xpt,0.72898,74.47,0.0,1
809.cactus_s-shifted_gauge_wave-6972B,bw800_xpt_pythia,0.73143,NaN,0.0,1
809.cactus_s-shifted_gauge_wave-6972B,bw1600_nopf,0.73193,0,0,1
809.cactus_s-shifted_gauge_wave-6972B,bw1600_pythia,0.7327,0,0,1
809.cactus_s-shifted_gauge_wave-6972B,bw1600_normal,0.73224,96.25,72.97,1
809.cactus_s-shifted_gauge_wave-6972B,bw1600_normal_pythia,0.73279,85.54,51.85,1
809.cactus_s-shifted_gauge_wave-6972B,bw1600_xpt,0.73193,68.42,0.0,1
809.cactus_s-shifted_gauge_wave-6972B,bw1600_xpt_pythia,0.7327,NaN,0.0,1
809.cactus_s-shifted_gauge_wave-6972B,bw3200_nopf,0.73219,0,0,1
809.cactus_s-shifted_gauge_wave-6972B,bw3200_pythia,0.73286,0,0,1
809.cactus_s-shifted_gauge_wave-6972B,bw3200_normal,0.73244,96.23,73.08,1
809.cactus_s-shifted_gauge_wave-6972B,bw3200_normal_pythia,0.73301,84.35,47.46,1
809.cactus_s-shifted_gauge_wave-6972B,bw3200_xpt,0.73219,66.67,0.0,1
809.cactus_s-shifted_gauge_wave-6972B,bw3200_xpt_pythia,0.73286,NaN,0.0,1
809.cactus_s-shifted_gauge_wave-6972B,bw6400_nopf,0.73224,0,0,1
809.cactus_s-shifted_gauge_wave-6972B,bw6400_pythia,0.733,0,0,1
809.cactus_s-shifted_gauge_wave-6972B,bw6400_normal,0.7325,96.23,73.0,1
809.cactus_s-shifted_gauge_wave-6972B,bw6400_normal_pythia,0.73303,85.93,48.45,1
809.cactus_s-shifted_gauge_wave-6972B,bw6400_xpt,0.73224,60.71,0.0,1
809.cactus_s-shifted_gauge_wave-6972B,bw6400_xpt_pythia,0.733,NaN,0.0,1
811.tealeaf_s-default-15369B,bw200_nopf,0.28359,0,0,1
811.tealeaf_s-default-15369B,bw200_pythia,0.28321,0,0,1
811.tealeaf_s-default-15369B,bw200_normal,0.28368,100.0,100.0,1
811.tealeaf_s-default-15369B,bw200_normal_pythia,0.26985,77.17,55.53,1
811.tealeaf_s-default-15369B,bw200_xpt,0.28361,100.0,49.94,1
811.tealeaf_s-default-15369B,bw200_xpt_pythia,0.27618,66.11,16.26,1
811.tealeaf_s-default-15369B,bw400_nopf,0.52166,0,0,1
811.tealeaf_s-default-15369B,bw400_pythia,0.53786,0,0,1
811.tealeaf_s-default-15369B,bw400_normal,0.52626,100.0,100.0,1
811.tealeaf_s-default-15369B,bw400_normal_pythia,0.51862,78.92,54.87,1
811.tealeaf_s-default-15369B,bw400_xpt,0.52415,100.0,49.94,1
811.tealeaf_s-default-15369B,bw400_xpt_pythia,0.52819,67.81,14.82,1
811.tealeaf_s-default-15369B,bw800_nopf,0.73107,0,0,1
811.tealeaf_s-default-15369B,bw800_pythia,0.9731,0,0,1
811.tealeaf_s-default-15369B,bw800_normal,0.79327,100.0,100.0,1
811.tealeaf_s-default-15369B,bw800_normal_pythia,0.94899,78.86,49.97,1
811.tealeaf_s-default-15369B,bw800_xpt,0.76014,100.0,49.88,1
811.tealeaf_s-default-15369B,bw800_xpt_pythia,0.96132,60.82,10.29,1
811.tealeaf_s-default-15369B,bw1600_nopf,0.81572,0,0,1
811.tealeaf_s-default-15369B,bw1600_pythia,1.3885,0,0,1
811.tealeaf_s-default-15369B,bw1600_normal,0.88092,100.0,100.0,1
811.tealeaf_s-default-15369B,bw1600_normal_pythia,1.37322,84.03,40.56,1
811.tealeaf_s-default-15369B,bw1600_xpt,0.85569,100.0,49.88,1
811.tealeaf_s-default-15369B,bw1600_xpt_pythia,1.37747,57.75,5.08,1
811.tealeaf_s-default-15369B,bw3200_nopf,0.8467,0,0,1
811.tealeaf_s-default-15369B,bw3200_pythia,1.54175,0,0,1
811.tealeaf_s-default-15369B,bw3200_normal,0.91724,100.0,100.0,1
811.tealeaf_s-default-15369B,bw3200_normal_pythia,1.52748,85.41,46.45,1
811.tealeaf_s-default-15369B,bw3200_xpt,0.88179,100.0,49.89,1
811.tealeaf_s-default-15369B,bw3200_xpt_pythia,1.52906,56.48,5.17,1
811.tealeaf_s-default-15369B,bw6400_nopf,0.85736,0,0,1
811.tealeaf_s-default-15369B,bw6400_pythia,1.57649,0,0,1
811.tealeaf_s-default-15369B,bw6400_normal,0.91625,100.0,100.0,1
811.tealeaf_s-default-15369B,bw6400_normal_pythia,1.56412,85.75,48.41,1
811.tealeaf_s-default-15369B,bw6400_xpt,0.89184,100.0,49.88,1
811.tealeaf_s-default-15369B,bw6400_xpt_pythia,1.5652,56.93,5.33,1
811.tealeaf_s-default-16461B,bw200_nopf,0.3213,0,0,1
811.tealeaf_s-default-16461B,bw200_pythia,0.32082,0,0,1
811.tealeaf_s-default-16461B,bw200_normal,0.32142,100.0,100.0,1
811.tealeaf_s-default-16461B,bw200_normal_pythia,0.30015,79.42,72.53,1
811.tealeaf_s-default-16461B,bw200_xpt,0.32134,100.0,49.94,1
811.tealeaf_s-default-16461B,bw200_xpt_pythia,0.30927,70.96,24.58,1
811.tealeaf_s-default-16461B,bw400_nopf,0.58193,0,0,1
811.tealeaf_s-default-16461B,bw400_pythia,0.60989,0,0,1
811.tealeaf_s-default-16461B,bw400_normal,0.58637,100.0,100.0,1
811.tealeaf_s-default-16461B,bw400_normal_pythia,0.57608,80.23,76.15,1
811.tealeaf_s-default-16461B,bw400_xpt,0.58389,100.0,49.94,1
811.tealeaf_s-default-16461B,bw400_xpt_pythia,0.59126,72.08,25.61,1
811.tealeaf_s-default-16461B,bw800_nopf,0.82758,0,0,1
811.tealeaf_s-default-16461B,bw800_pythia,1.09519,0,0,1
811.tealeaf_s-default-16461B,bw800_normal,0.88112,100.0,100.0,1
811.tealeaf_s-default-16461B,bw800_normal_pythia,1.06596,81.53,64.1,1
811.tealeaf_s-default-16461B,bw800_xpt,0.8491,100.0,49.86,1
811.tealeaf_s-default-16461B,bw800_xpt_pythia,1.07722,66.8,16.37,1
811.tealeaf_s-default-16461B,bw1600_nopf,0.90544,0,0,1
811.tealeaf_s-default-16461B,bw1600_pythia,1.47608,0,0,1
811.tealeaf_s-default-16461B,bw1600_normal,0.99357,100.0,100.0,1
811.tealeaf_s-default-16461B,bw1600_normal_pythia,1.48086,88.53,50.84,1
811.tealeaf_s-default-16461B,bw1600_xpt,0.95555,100.0,49.87,1
811.tealeaf_s-default-16461B,bw1600_xpt_pythia,1.47444,59.7,2.48,1
811.tealeaf_s-default-16461B,bw3200_nopf,0.93827,0,0,1
811.tealeaf_s-default-16461B,bw3200_pythia,1.57298,0,0,1
811.tealeaf_s-default-16461B,bw3200_normal,1.03565,100.0,100.0,1
811.tealeaf_s-default-16461B,bw3200_normal_pythia,1.57754,91.05,58.42,1
811.tealeaf_s-default-16461B,bw3200_xpt,0.98425,100.0,49.9,1
811.tealeaf_s-default-16461B,bw3200_xpt_pythia,1.57114,59.39,1.76,1
811.tealeaf_s-default-16461B,bw6400_nopf,0.94835,0,0,1
811.tealeaf_s-default-16461B,bw6400_pythia,1.58966,0,0,1
811.tealeaf_s-default-16461B,bw6400_normal,1.03314,100.0,100.0,1
811.tealeaf_s-default-16461B,bw6400_normal_pythia,1.59519,93.4,67.56,1
811.tealeaf_s-default-16461B,bw6400_xpt,0.99473,100.0,49.91,1
811.tealeaf_s-default-16461B,bw6400_xpt_pythia,1.58821,59.1,1.65,1
811.tealeaf_s-default-33315B,bw200_nopf,0.30586,0,0,1
811.tealeaf_s-default-33315B,bw200_pythia,0.30517,0,0,1
811.tealeaf_s-default-33315B,bw200_normal,0.30598,100.0,100.0,1
811.tealeaf_s-default-33315B,bw200_normal_pythia,0.28528,79.76,73.61,1
811.tealeaf_s-default-33315B,bw200_xpt,0.30592,100.0,49.95,1
811.tealeaf_s-default-33315B,bw200_xpt_pythia,0.2936,70.0,24.28,1
811.tealeaf_s-default-33315B,bw400_nopf,0.55765,0,0,1
811.tealeaf_s-default-33315B,bw400_pythia,0.57896,0,0,1
811.tealeaf_s-default-33315B,bw400_normal,0.56145,100.0,100.0,1
811.tealeaf_s-default-33315B,bw400_normal_pythia,0.54569,80.14,75.87,1
811.tealeaf_s-default-33315B,bw400_xpt,0.55942,100.0,49.95,1
811.tealeaf_s-default-33315B,bw400_xpt_pythia,0.55988,70.74,24.99,1
811.tealeaf_s-default-33315B,bw800_nopf,0.81196,0,0,1
811.tealeaf_s-default-33315B,bw800_pythia,1.03906,0,0,1
811.tealeaf_s-default-33315B,bw800_normal,0.85904,100.0,100.0,1
811.tealeaf_s-default-33315B,bw800_normal_pythia,1.01127,81.94,62.65,1
811.tealeaf_s-default-33315B,bw800_xpt,0.83136,100.0,49.85,1
811.tealeaf_s-default-33315B,bw800_xpt_pythia,1.01964,66.0,16.49,1
811.tealeaf_s-default-33315B,bw1600_nopf,0.9026,0,0,1
811.tealeaf_s-default-33315B,bw1600_pythia,1.41726,0,0,1
811.tealeaf_s-default-33315B,bw1600_normal,0.98358,100.0,100.0,1
811.tealeaf_s-default-33315B,bw1600_normal_pythia,1.42029,88.03,50.16,1
811.tealeaf_s-default-33315B,bw1600_xpt,0.9475,100.0,49.86,1
811.tealeaf_s-default-33315B,bw1600_xpt_pythia,1.4128,52.97,2.77,1
811.tealeaf_s-default-33315B,bw3200_nopf,0.93628,0,0,1
811.tealeaf_s-default-33315B,bw3200_pythia,1.53147,0,0,1
811.tealeaf_s-default-33315B,bw3200_normal,1.02548,100.0,100.0,1
811.tealeaf_s-default-33315B,bw3200_normal_pythia,1.53722,91.6,54.97,1
811.tealeaf_s-default-33315B,bw3200_xpt,0.97918,100.0,49.9,1
811.tealeaf_s-default-33315B,bw3200_xpt_pythia,1.52823,47.44,1.13,1
811.tealeaf_s-default-33315B,bw6400_nopf,0.9481,0,0,1
811.tealeaf_s-default-33315B,bw6400_pythia,1.5533,0,0,1
811.tealeaf_s-default-33315B,bw6400_normal,1.03038,100.0,100.0,1
811.tealeaf_s-default-33315B,bw6400_normal_pythia,1.5596,93.54,62.82,1
811.tealeaf_s-default-33315B,bw6400_xpt,0.99205,100.0,49.91,1
811.tealeaf_s-default-33315B,bw6400_xpt_pythia,1.55028,46.59,0.95,1
811.tealeaf_s-default-34631B,bw200_nopf,0.27524,0,0,1
811.tealeaf_s-default-34631B,bw200_pythia,0.27537,0,0,1
811.tealeaf_s-default-34631B,bw200_normal,0.27529,100.0,100.0,1
811.tealeaf_s-default-34631B,bw200_normal_pythia,0.26354,78.46,54.15,1
811.tealeaf_s-default-34631B,bw200_xpt,0.27524,100.0,49.94,1
811.tealeaf_s-default-34631B,bw200_xpt_pythia,0.26902,64.48,14.08,1
811.tealeaf_s-default-34631B,bw400_nopf,0.50793,0,0,1
811.tealeaf_s-default-34631B,bw400_pythia,0.52234,0,0,1
811.tealeaf_s-default-34631B,bw400_normal,0.51221,100.0,100.0,1
811.tealeaf_s-default-34631B,bw400_normal_pythia,0.50669,81.7,54.2,1
811.tealeaf_s-default-34631B,bw400_xpt,0.51041,100.0,49.94,1
811.tealeaf_s-default-34631B,bw400_xpt_pythia,0.51342,66.92,13.48,1
811.tealeaf_s-default-34631B,bw800_nopf,0.71475,0,0,1
811.tealeaf_s-default-34631B,bw800_pythia,0.94431,0,0,1
811.tealeaf_s-default-34631B,bw800_normal,0.77676,100.0,100.0,1
811.tealeaf_s-default-34631B,bw800_normal_pythia,0.92332,82.22,54.62,1
811.tealeaf_s-default-34631B,bw800_xpt,0.74432,100.0,49.88,1
811.tealeaf_s-default-34631B,bw800_xpt_pythia,0.93247,62.2,10.24,1
811.tealeaf_s-default-34631B,bw1600_nopf,0.80158,0,0,1
811.tealeaf_s-default-34631B,bw1600_pythia,1.3375,0,0,1
811.tealeaf_s-default-34631B,bw1600_normal,0.86082,100.0,100.0,1
811.tealeaf_s-default-34631B,bw1600_normal_pythia,1.32602,89.13,46.72,1
811.tealeaf_s-default-34631B,bw1600_xpt,0.83767,100.0,49.87,1
811.tealeaf_s-default-34631B,bw1600_xpt_pythia,1.32492,57.46,5.12,1
811.tealeaf_s-default-34631B,bw3200_nopf,0.83254,0,0,1
811.tealeaf_s-default-34631B,bw3200_pythia,1.48873,0,0,1
811.tealeaf_s-default-34631B,bw3200_normal,0.89581,100.0,100.0,1
811.tealeaf_s-default-34631B,bw3200_normal_pythia,1.47714,89.73,51.46,1
811.tealeaf_s-default-34631B,bw3200_xpt,0.86456,100.0,49.88,1
811.tealeaf_s-default-34631B,bw3200_xpt_pythia,1.47117,51.82,4.28,1
811.tealeaf_s-default-34631B,bw6400_nopf,0.84343,0,0,1
811.tealeaf_s-default-34631B,bw6400_pythia,1.52732,0,0,1
811.tealeaf_s-default-34631B,bw6400_normal,0.89692,100.0,100.0,1
811.tealeaf_s-default-34631B,bw6400_normal_pythia,1.51719,90.43,52.19,1
811.tealeaf_s-default-34631B,bw6400_xpt,0.8746,100.0,49.87,1
811.tealeaf_s-default-34631B,bw6400_xpt_pythia,1.51075,50.72,3.64,1
811.tealeaf_s-default-35333B,bw200_nopf,0.24411,0,0,1
811.tealeaf_s-default-35333B,bw200_pythia,0.24415,0,0,1
811.tealeaf_s-default-35333B,bw200_normal,0.24416,100.0,100.0,1
811.tealeaf_s-default-35333B,bw200_normal_pythia,0.23007,79.63,66.61,1
811.tealeaf_s-default-35333B,bw200_xpt,0.24413,100.0,50.0,1
811.tealeaf_s-default-35333B,bw200_xpt_pythia,0.2342,60.51,17.84,1
811.tealeaf_s-default-35333B,bw400_nopf,0.4582,0,0,1
811.tealeaf_s-default-35333B,bw400_pythia,0.46162,0,0,1
811.tealeaf_s-default-35333B,bw400_normal,0.4602,100.0,100.0,1
811.tealeaf_s-default-35333B,bw400_normal_pythia,0.43832,78.81,61.51,1
811.tealeaf_s-default-35333B,bw400_xpt,0.4596,100.0,50.0,1
811.tealeaf_s-default-35333B,bw400_xpt_pythia,0.44513,57.91,15.48,1
811.tealeaf_s-default-35333B,bw800_nopf,0.66519,0,0,1
811.tealeaf_s-default-35333B,bw800_pythia,0.82916,0,0,1
811.tealeaf_s-default-35333B,bw800_normal,0.72358,100.0,100.0,1
811.tealeaf_s-default-35333B,bw800_normal_pythia,0.80969,83.22,50.12,1
811.tealeaf_s-default-35333B,bw800_xpt,0.69309,100.0,49.87,1
811.tealeaf_s-default-35333B,bw800_xpt_pythia,0.81128,56.15,11.0,1
811.tealeaf_s-default-35333B,bw1600_nopf,0.774,0,0,1
811.tealeaf_s-default-35333B,bw1600_pythia,1.17558,0,0,1
811.tealeaf_s-default-35333B,bw1600_normal,0.81509,100.0,100.0,1
811.tealeaf_s-default-35333B,bw1600_normal_pythia,1.16372,84.95,46.73,1
811.tealeaf_s-default-35333B,bw1600_xpt,0.79893,100.0,49.87,1
811.tealeaf_s-default-35333B,bw1600_xpt_pythia,1.16142,51.29,7.76,1
811.tealeaf_s-default-35333B,bw3200_nopf,0.80493,0,0,1
811.tealeaf_s-default-35333B,bw3200_pythia,1.30455,0,0,1
811.tealeaf_s-default-35333B,bw3200_normal,0.84862,100.0,100.0,1
811.tealeaf_s-default-35333B,bw3200_normal_pythia,1.29636,86.92,48.51,1
811.tealeaf_s-default-35333B,bw3200_xpt,0.8298,100.0,49.89,1
811.tealeaf_s-default-35333B,bw3200_xpt_pythia,1.2897,48.25,5.46,1
811.tealeaf_s-default-35333B,bw6400_nopf,0.81893,0,0,1
811.tealeaf_s-default-35333B,bw6400_pythia,1.3378,0,0,1
811.tealeaf_s-default-35333B,bw6400_normal,0.85908,100.0,100.0,1
811.tealeaf_s-default-35333B,bw6400_normal_pythia,1.33081,86.53,50.62,1
811.tealeaf_s-default-35333B,bw6400_xpt,0.8426,100.0,49.88,1
811.tealeaf_s-default-35333B,bw6400_xpt_pythia,1.32177,49.36,6.18,1
820.cloverleaf_s-default-11714B,bw200_nopf,0.16208,0,0,1
820.cloverleaf_s-default-11714B,bw200_pythia,0.16758,0,0,1
820.cloverleaf_s-default-11714B,bw200_normal,0.15996,98.09,92.18,1
820.cloverleaf_s-default-11714B,bw200_normal_pythia,0.16524,76.58,24.52,1
820.cloverleaf_s-default-11714B,bw200_xpt,0.16156,99.0,47.95,1
820.cloverleaf_s-default-11714B,bw200_xpt_pythia,0.16743,34.23,0.23,1
820.cloverleaf_s-default-11714B,bw400_nopf,0.31413,0,0,1
820.cloverleaf_s-default-11714B,bw400_pythia,0.3282,0,0,1
820.cloverleaf_s-default-11714B,bw400_normal,0.31066,98.09,92.25,1
820.cloverleaf_s-default-11714B,bw400_normal_pythia,0.32424,77.31,25.34,1
820.cloverleaf_s-default-11714B,bw400_xpt,0.31335,99.02,47.96,1
820.cloverleaf_s-default-11714B,bw400_xpt_pythia,0.32803,31.36,0.12,1
820.cloverleaf_s-default-11714B,bw800_nopf,0.52454,0,0,1
820.cloverleaf_s-default-11714B,bw800_pythia,0.62564,0,0,1
820.cloverleaf_s-default-11714B,bw800_normal,0.53631,98.13,92.31,1
820.cloverleaf_s-default-11714B,bw800_normal_pythia,0.62009,77.42,25.19,1
820.cloverleaf_s-default-11714B,bw800_xpt,0.53165,99.03,47.95,1
820.cloverleaf_s-default-11714B,bw800_xpt_pythia,0.62551,30.77,0.07,1
820.cloverleaf_s-default-11714B,bw1600_nopf,0.62558,0,0,1
820.cloverleaf_s-default-11714B,bw1600_pythia,1.06752,0,0,1
820.cloverleaf_s-default-11714B,bw1600_normal,0.66248,98.12,92.4,1
820.cloverleaf_s-default-11714B,bw1600_normal_pythia,1.06469,82.24,24.14,1
820.cloverleaf_s-default-11714B,bw1600_xpt,0.64428,99.04,48.02,1
820.cloverleaf_s-default-11714B,bw1600_xpt_pythia,1.06739,21.67,0.0,1
820.cloverleaf_s-default-11714B,bw3200_nopf,0.64913,0,0,1
820.cloverleaf_s-default-11714B,bw3200_pythia,1.27634,0,0,1
820.cloverleaf_s-default-11714B,bw3200_normal,0.69236,98.13,92.39,1
820.cloverleaf_s-default-11714B,bw3200_normal_pythia,1.27703,86.26,36.97,1
820.cloverleaf_s-default-11714B,bw3200_xpt,0.67035,99.04,48.02,1
820.cloverleaf_s-default-11714B,bw3200_xpt_pythia,1.27634,NaN,0.0,1
820.cloverleaf_s-default-11714B,bw6400_nopf,0.65589,0,0,1
820.cloverleaf_s-default-11714B,bw6400_pythia,1.29237,0,0,1
820.cloverleaf_s-default-11714B,bw6400_normal,0.70146,98.13,92.38,1
820.cloverleaf_s-default-11714B,bw6400_normal_pythia,1.29432,86.47,39.41,1
820.cloverleaf_s-default-11714B,bw6400_xpt,0.67837,99.03,48.04,1
820.cloverleaf_s-default-11714B,bw6400_xpt_pythia,1.29237,NaN,0.0,1
820.cloverleaf_s-default-11785B,bw200_nopf,0.37669,0,0,1
820.cloverleaf_s-default-11785B,bw200_pythia,0.37652,0,0,1
820.cloverleaf_s-default-11785B,bw200_normal,0.37684,100.0,100.0,1
820.cloverleaf_s-default-11785B,bw200_normal_pythia,0.37067,78.61,33.21,1
820.cloverleaf_s-default-11785B,bw200_xpt,0.37678,100.0,50.0,1
820.cloverleaf_s-default-11785B,bw200_xpt_pythia,0.37596,36.57,0.49,1
820.cloverleaf_s-default-11785B,bw400_nopf,0.71727,0,0,1
820.cloverleaf_s-default-11785B,bw400_pythia,0.7191,0,0,1
820.cloverleaf_s-default-11785B,bw400_normal,0.71806,100.0,100.0,1
820.cloverleaf_s-default-11785B,bw400_normal_pythia,0.71039,79.46,33.99,1
820.cloverleaf_s-default-11785B,bw400_xpt,0.71754,100.0,50.0,1
820.cloverleaf_s-default-11785B,bw400_xpt_pythia,0.71887,34.37,0.14,1
820.cloverleaf_s-default-11785B,bw800_nopf,1.09816,0,0,1
820.cloverleaf_s-default-11785B,bw800_pythia,1.31504,0,0,1
820.cloverleaf_s-default-11785B,bw800_normal,1.17209,100.0,100.0,1
820.cloverleaf_s-default-11785B,bw800_normal_pythia,1.3082,81.74,32.8,1
820.cloverleaf_s-default-11785B,bw800_xpt,1.13234,100.0,50.0,1
820.cloverleaf_s-default-11785B,bw800_xpt_pythia,1.31501,23.52,0.01,1
820.cloverleaf_s-default-11785B,bw1600_nopf,1.21503,0,0,1
820.cloverleaf_s-default-11785B,bw1600_pythia,1.94484,0,0,1
820.cloverleaf_s-default-11785B,bw1600_normal,1.35268,100.0,100.0,1
820.cloverleaf_s-default-11785B,bw1600_normal_pythia,1.95319,91.89,32.56,1
820.cloverleaf_s-default-11785B,bw1600_xpt,1.27784,100.0,50.0,1
820.cloverleaf_s-default-11785B,bw1600_xpt_pythia,1.94484,NaN,0.0,1
820.cloverleaf_s-default-11785B,bw3200_nopf,1.26203,0,0,1
820.cloverleaf_s-default-11785B,bw3200_pythia,2.06589,0,0,1
820.cloverleaf_s-default-11785B,bw3200_normal,1.39499,100.0,100.0,1
820.cloverleaf_s-default-11785B,bw3200_normal_pythia,2.08076,93.5,51.68,1
820.cloverleaf_s-default-11785B,bw3200_xpt,1.32368,100.0,50.0,1
820.cloverleaf_s-default-11785B,bw3200_xpt_pythia,2.06589,NaN,0.0,1
820.cloverleaf_s-default-11785B,bw6400_nopf,1.27903,0,0,1
820.cloverleaf_s-default-11785B,bw6400_pythia,2.07818,0,0,1
820.cloverleaf_s-default-11785B,bw6400_normal,1.41702,100.0,100.0,1
820.cloverleaf_s-default-11785B,bw6400_normal_pythia,2.09523,93.84,55.94,1
820.cloverleaf_s-default-11785B,bw6400_xpt,1.34257,100.0,50.0,1
820.cloverleaf_s-default-11785B,bw6400_xpt_pythia,2.07818,NaN,0.0,1
820.cloverleaf_s-default-12184B,bw200_nopf,0.43927,0,0,1
820.cloverleaf_s-default-12184B,bw200_pythia,0.45038,0,0,1
820.cloverleaf_s-default-12184B,bw200_normal,0.4397,99.8,99.8,1
820.cloverleaf_s-default-12184B,bw200_normal_pythia,0.44446,78.03,30.22,1
820.cloverleaf_s-default-12184B,bw200_xpt,0.43816,98.67,51.45,1
820.cloverleaf_s-default-12184B,bw200_xpt_pythia,0.44951,44.81,1.0,1
820.cloverleaf_s-default-12184B,bw400_nopf,0.79211,0,0,1
820.cloverleaf_s-default-12184B,bw400_pythia,0.8594,0,0,1
820.cloverleaf_s-default-12184B,bw400_normal,0.80576,99.81,99.75,1
820.cloverleaf_s-default-12184B,bw400_normal_pythia,0.85195,79.14,28.85,1
820.cloverleaf_s-default-12184B,bw400_xpt,0.79669,98.37,51.48,1
820.cloverleaf_s-default-12184B,bw400_xpt_pythia,0.85898,51.37,0.46,1
820.cloverleaf_s-default-12184B,bw800_nopf,1.14498,0,0,1
820.cloverleaf_s-default-12184B,bw800_pythia,1.56095,0,0,1
820.cloverleaf_s-default-12184B,bw800_normal,1.20288,99.78,99.75,1
820.cloverleaf_s-default-12184B,bw800_normal_pythia,1.55851,80.51,22.96,1
820.cloverleaf_s-default-12184B,bw800_xpt,1.1687,98.33,51.5,1
820.cloverleaf_s-default-12184B,bw800_xpt_pythia,1.56095,NaN,0.0,1
820.cloverleaf_s-default-12184B,bw1600_nopf,1.32084,0,0,1
820.cloverleaf_s-default-12184B,bw1600_pythia,1.97003,0,0,1
820.cloverleaf_s-default-12184B,bw1600_normal,1.41274,99.79,99.77,1
820.cloverleaf_s-default-12184B,bw1600_normal_pythia,1.97977,93.29,44.17,1
820.cloverleaf_s-default-12184B,bw1600_xpt,1.35575,98.04,51.5,1
820.cloverleaf_s-default-12184B,bw1600_xpt_pythia,1.97003,NaN,0.0,1
820.cloverleaf_s-default-12184B,bw3200_nopf,1.36734,0,0,1
820.cloverleaf_s-default-12184B,bw3200_pythia,1.99553,0,0,1
820.cloverleaf_s-default-12184B,bw3200_normal,1.47445,99.79,99.77,1
820.cloverleaf_s-default-12184B,bw3200_normal_pythia,2.0067,95.63,57.74,1
820.cloverleaf_s-default-12184B,bw3200_xpt,1.41114,98.16,51.52,1
820.cloverleaf_s-default-12184B,bw3200_xpt_pythia,1.99553,NaN,0.0,1
820.cloverleaf_s-default-12184B,bw6400_nopf,1.38335,0,0,1
820.cloverleaf_s-default-12184B,bw6400_pythia,1.99877,0,0,1
820.cloverleaf_s-default-12184B,bw6400_normal,1.49355,99.79,99.78,1
820.cloverleaf_s-default-12184B,bw6400_normal_pythia,2.00972,96.99,61.75,1
820.cloverleaf_s-default-12184B,bw6400_xpt,1.42914,98.31,51.5,1
820.cloverleaf_s-default-12184B,bw6400_xpt_pythia,1.99877,NaN,0.0,1
820.cloverleaf_s-default-2345B,bw200_nopf,0.09817,0,0,1
820.cloverleaf_s-default-2345B,bw200_pythia,0.10046,0,0,1
820.cloverleaf_s-default-2345B,bw200_normal,0.09757,98.88,96.63,1
820.cloverleaf_s-default-2345B,bw200_normal_pythia,0.09581,76.4,50.87,1
820.cloverleaf_s-default-2345B,bw200_xpt,0.09212,84.7,51.5,1
820.cloverleaf_s-default-2345B,bw200_xpt_pythia,0.09316,37.32,14.75,1
820.cloverleaf_s-default-2345B,bw400_nopf,0.18929,0,0,1
820.cloverleaf_s-default-2345B,bw400_pythia,0.19396,0,0,1
820.cloverleaf_s-default-2345B,bw400_normal,0.18812,98.88,96.69,1
820.cloverleaf_s-default-2345B,bw400_normal_pythia,0.18585,76.42,48.98,1
820.cloverleaf_s-default-2345B,bw400_xpt,0.17784,84.44,51.57,1
820.cloverleaf_s-default-2345B,bw400_xpt_pythia,0.18085,35.11,13.22,1
820.cloverleaf_s-default-2345B,bw800_nopf,0.34655,0,0,1
820.cloverleaf_s-default-2345B,bw800_pythia,0.36405,0,0,1
820.cloverleaf_s-default-2345B,bw800_normal,0.34728,98.86,96.66,1
820.cloverleaf_s-default-2345B,bw800_normal_pythia,0.35144,76.6,45.96,1
820.cloverleaf_s-default-2345B,bw800_xpt,0.32924,84.69,51.59,1
820.cloverleaf_s-default-2345B,bw800_xpt_pythia,0.34201,32.65,11.81,1
820.cloverleaf_s-default-2345B,bw1600_nopf,0.52299,0,0,1
820.cloverleaf_s-default-2345B,bw1600_pythia,0.63317,0,0,1
820.cloverleaf_s-default-2345B,bw1600_normal,0.53574,98.82,96.73,1
820.cloverleaf_s-default-2345B,bw1600_normal_pythia,0.62047,78.13,39.8,1
820.cloverleaf_s-default-2345B,bw1600_xpt,0.5009,84.68,51.54,1
820.cloverleaf_s-default-2345B,bw1600_xpt_pythia,0.60607,26.98,8.38,1
820.cloverleaf_s-default-2345B,bw3200_nopf,0.60297,0,0,1
820.cloverleaf_s-default-2345B,bw3200_pythia,0.90094,0,0,1
820.cloverleaf_s-default-2345B,bw3200_normal,0.63362,98.74,96.7,1
820.cloverleaf_s-default-2345B,bw3200_normal_pythia,0.89756,83.32,36.95,1
820.cloverleaf_s-default-2345B,bw3200_xpt,0.57322,84.54,51.55,1
820.cloverleaf_s-default-2345B,bw3200_xpt_pythia,0.88561,16.98,3.25,1
820.cloverleaf_s-default-2345B,bw6400_nopf,0.62366,0,0,1
820.cloverleaf_s-default-2345B,bw6400_pythia,0.98619,0,0,1
820.cloverleaf_s-default-2345B,bw6400_normal,0.6588,98.75,96.72,1
820.cloverleaf_s-default-2345B,bw6400_normal_pythia,0.988,81.07,31.67,1
820.cloverleaf_s-default-2345B,bw6400_xpt,0.59163,84.47,51.53,1
820.cloverleaf_s-default-2345B,bw6400_xpt_pythia,0.97598,14.7,1.69,1
821.gcc_s-lz4_0002-39B,bw200_nopf,0.64136,0,0,1
821.gcc_s-lz4_0002-39B,bw200_pythia,0.54551,0,0,1
821.gcc_s-lz4_0002-39B,bw200_normal,0.6361,87.51,82.99,1
821.gcc_s-lz4_0002-39B,bw200_normal_pythia,0.52836,75.8,55.77,1
821.gcc_s-lz4_0002-39B,bw200_xpt,0.644,95.88,12.75,1
821.gcc_s-lz4_0002-39B,bw200_xpt_pythia,0.5452,60.18,1.68,1
821.gcc_s-lz4_0002-39B,bw400_nopf,0.72494,0,0,1
821.gcc_s-lz4_0002-39B,bw400_pythia,0.71245,0,0,1
821.gcc_s-lz4_0002-39B,bw400_normal,0.74105,87.58,82.96,1
821.gcc_s-lz4_0002-39B,bw400_normal_pythia,0.70871,75.93,53.94,1
821.gcc_s-lz4_0002-39B,bw400_xpt,0.72978,95.87,12.74,1
821.gcc_s-lz4_0002-39B,bw400_xpt_pythia,0.71335,59.16,1.13,1
821.gcc_s-lz4_0002-39B,bw800_nopf,0.74763,0,0,1
821.gcc_s-lz4_0002-39B,bw800_pythia,0.78967,0,0,1
821.gcc_s-lz4_0002-39B,bw800_normal,0.77553,87.64,82.93,1
821.gcc_s-lz4_0002-39B,bw800_normal_pythia,0.79715,76.41,52.54,1
821.gcc_s-lz4_0002-39B,bw800_xpt,0.7534,95.84,12.72,1
821.gcc_s-lz4_0002-39B,bw800_xpt_pythia,0.79016,61.52,0.73,1
821.gcc_s-lz4_0002-39B,bw1600_nopf,0.75359,0,0,1
821.gcc_s-lz4_0002-39B,bw1600_pythia,0.80785,0,0,1
821.gcc_s-lz4_0002-39B,bw1600_normal,0.78403,87.66,82.89,1
821.gcc_s-lz4_0002-39B,bw1600_normal_pythia,0.82,75.94,52.37,1
821.gcc_s-lz4_0002-39B,bw1600_xpt,0.7595,95.87,12.7,1
821.gcc_s-lz4_0002-39B,bw1600_xpt_pythia,0.80985,56.79,0.65,1
821.gcc_s-lz4_0002-39B,bw3200_nopf,0.75546,0,0,1
821.gcc_s-lz4_0002-39B,bw3200_pythia,0.80922,0,0,1
821.gcc_s-lz4_0002-39B,bw3200_normal,0.78633,87.64,82.91,1
821.gcc_s-lz4_0002-39B,bw3200_normal_pythia,0.82257,75.93,53.14,1
821.gcc_s-lz4_0002-39B,bw3200_xpt,0.76135,95.86,12.7,1
821.gcc_s-lz4_0002-39B,bw3200_xpt_pythia,0.81017,54.14,0.81,1
821.gcc_s-lz4_0002-39B,bw6400_nopf,0.75611,0,0,1
821.gcc_s-lz4_0002-39B,bw6400_pythia,0.80607,0,0,1
821.gcc_s-lz4_0002-39B,bw6400_normal,0.7874,87.62,82.85,1
821.gcc_s-lz4_0002-39B,bw6400_normal_pythia,0.81826,77.46,52.76,1
821.gcc_s-lz4_0002-39B,bw6400_xpt,0.76202,95.84,12.71,1
821.gcc_s-lz4_0002-39B,bw6400_xpt_pythia,0.80892,58.47,0.82,1
821.gcc_s-lz4hc_0007-10B,bw200_nopf,0.5479,0,0,1
821.gcc_s-lz4hc_0007-10B,bw200_pythia,0.49971,0,0,1
821.gcc_s-lz4hc_0007-10B,bw200_normal,0.54666,88.13,89.89,1
821.gcc_s-lz4hc_0007-10B,bw200_normal_pythia,0.48343,77.59,66.15,1
821.gcc_s-lz4hc_0007-10B,bw200_xpt,0.55064,95.72,12.16,1
821.gcc_s-lz4hc_0007-10B,bw200_xpt_pythia,0.50044,71.16,1.89,1
821.gcc_s-lz4hc_0007-10B,bw400_nopf,0.65454,0,0,1
821.gcc_s-lz4hc_0007-10B,bw400_pythia,0.68735,0,0,1
821.gcc_s-lz4hc_0007-10B,bw400_normal,0.68284,88.23,89.88,1
821.gcc_s-lz4hc_0007-10B,bw400_normal_pythia,0.69294,77.7,66.01,1
821.gcc_s-lz4hc_0007-10B,bw400_xpt,0.66081,95.73,12.18,1
821.gcc_s-lz4hc_0007-10B,bw400_xpt_pythia,0.68974,69.96,1.68,1
821.gcc_s-lz4hc_0007-10B,bw800_nopf,0.69042,0,0,1
821.gcc_s-lz4hc_0007-10B,bw800_pythia,0.77644,0,0,1
821.gcc_s-lz4hc_0007-10B,bw800_normal,0.73385,88.17,89.91,1
821.gcc_s-lz4hc_0007-10B,bw800_normal_pythia,0.79957,77.46,65.34,1
821.gcc_s-lz4hc_0007-10B,bw800_xpt,0.69814,95.63,12.16,1
821.gcc_s-lz4hc_0007-10B,bw800_xpt_pythia,0.77968,62.52,1.09,1
821.gcc_s-lz4hc_0007-10B,bw1600_nopf,0.70177,0,0,1
821.gcc_s-lz4hc_0007-10B,bw1600_pythia,0.79987,0,0,1
821.gcc_s-lz4hc_0007-10B,bw1600_normal,0.74945,88.15,89.92,1
821.gcc_s-lz4hc_0007-10B,bw1600_normal_pythia,0.83205,77.07,65.29,1
821.gcc_s-lz4hc_0007-10B,bw1600_xpt,0.70992,95.73,12.16,1
821.gcc_s-lz4hc_0007-10B,bw1600_xpt_pythia,0.80352,69.07,1.38,1
821.gcc_s-lz4hc_0007-10B,bw3200_nopf,0.70538,0,0,1
821.gcc_s-lz4hc_0007-10B,bw3200_pythia,0.80971,0,0,1
821.gcc_s-lz4hc_0007-10B,bw3200_normal,0.75454,88.23,89.87,1
821.gcc_s-lz4hc_0007-10B,bw3200_normal_pythia,0.8376,76.98,64.55,1
821.gcc_s-lz4hc_0007-10B,bw3200_xpt,0.71357,95.74,12.15,1
821.gcc_s-lz4hc_0007-10B,bw3200_xpt_pythia,0.81105,68.2,1.32,1
821.gcc_s-lz4hc_0007-10B,bw6400_nopf,0.70642,0,0,1
821.gcc_s-lz4hc_0007-10B,bw6400_pythia,0.81154,0,0,1
821.gcc_s-lz4hc_0007-10B,bw6400_normal,0.75602,88.24,89.85,1
821.gcc_s-lz4hc_0007-10B,bw6400_normal_pythia,0.84124,77.7,64.6,1
821.gcc_s-lz4hc_0007-10B,bw6400_xpt,0.71467,95.73,12.15,1
821.gcc_s-lz4hc_0007-10B,bw6400_xpt_pythia,0.81376,72.92,1.59,1
821.gcc_s-lz4hc_0009-12B,bw200_nopf,0.62933,0,0,1
821.gcc_s-lz4hc_0009-12B,bw200_pythia,0.53252,0,0,1
821.gcc_s-lz4hc_0009-12B,bw200_normal,0.62375,88.32,81.13,1
821.gcc_s-lz4hc_0009-12B,bw200_normal_pythia,0.51589,75.15,53.29,1
821.gcc_s-lz4hc_0009-12B,bw200_xpt,0.6315,95.3,12.94,1
821.gcc_s-lz4hc_0009-12B,bw200_xpt_pythia,0.53121,53.52,0.99,1
821.gcc_s-lz4hc_0009-12B,bw400_nopf,0.74316,0,0,1
821.gcc_s-lz4hc_0009-12B,bw400_pythia,0.71554,0,0,1
821.gcc_s-lz4hc_0009-12B,bw400_normal,0.75942,88.37,80.94,1
821.gcc_s-lz4hc_0009-12B,bw400_normal_pythia,0.71085,75.03,51.91,1
821.gcc_s-lz4hc_0009-12B,bw400_xpt,0.74772,95.32,12.94,1
821.gcc_s-lz4hc_0009-12B,bw400_xpt_pythia,0.71503,54.33,1.04,1
821.gcc_s-lz4hc_0009-12B,bw800_nopf,0.78217,0,0,1
821.gcc_s-lz4hc_0009-12B,bw800_pythia,0.80491,0,0,1
821.gcc_s-lz4hc_0009-12B,bw800_normal,0.80884,88.37,80.9,1
821.gcc_s-lz4hc_0009-12B,bw800_normal_pythia,0.81041,75.42,51.07,1
821.gcc_s-lz4hc_0009-12B,bw800_xpt,0.78749,95.3,12.92,1
821.gcc_s-lz4hc_0009-12B,bw800_xpt_pythia,0.80531,53.04,0.84,1
821.gcc_s-lz4hc_0009-12B,bw1600_nopf,0.795,0,0,1
821.gcc_s-lz4hc_0009-12B,bw1600_pythia,0.83594,0,0,1
821.gcc_s-lz4hc_0009-12B,bw1600_normal,0.8246,88.38,80.91,1
821.gcc_s-lz4hc_0009-12B,bw1600_normal_pythia,0.84933,75.32,50.94,1
821.gcc_s-lz4hc_0009-12B,bw1600_xpt,0.80047,95.31,12.91,1
821.gcc_s-lz4hc_0009-12B,bw1600_xpt_pythia,0.83817,54.01,0.7,1
821.gcc_s-lz4hc_0009-12B,bw3200_nopf,0.79901,0,0,1
821.gcc_s-lz4hc_0009-12B,bw3200_pythia,0.84259,0,0,1
821.gcc_s-lz4hc_0009-12B,bw3200_normal,0.82976,88.37,80.89,1
821.gcc_s-lz4hc_0009-12B,bw3200_normal_pythia,0.85577,75.25,49.98,1
821.gcc_s-lz4hc_0009-12B,bw3200_xpt,0.80457,95.32,12.9,1
821.gcc_s-lz4hc_0009-12B,bw3200_xpt_pythia,0.8433,49.39,0.63,1
821.gcc_s-lz4hc_0009-12B,bw6400_nopf,0.80003,0,0,1
821.gcc_s-lz4hc_0009-12B,bw6400_pythia,0.84245,0,0,1
821.gcc_s-lz4hc_0009-12B,bw6400_normal,0.83114,88.34,80.9,1
821.gcc_s-lz4hc_0009-12B,bw6400_normal_pythia,0.85551,75.85,51.39,1
821.gcc_s-lz4hc_0009-12B,bw6400_xpt,0.80559,95.34,12.91,1
821.gcc_s-lz4hc_0009-12B,bw6400_xpt_pythia,0.84257,57.95,0.73,1
821.gcc_s-lz4hc_0009-6B,bw200_nopf,0.44576,0,0,1
821.gcc_s-lz4hc_0009-6B,bw200_pythia,0.38424,0,0,1
821.gcc_s-lz4hc_0009-6B,bw200_normal,0.42614,82.61,82.42,1
821.gcc_s-lz4hc_0009-6B,bw200_normal_pythia,0.36067,72.49,61.66,1
821.gcc_s-lz4hc_0009-6B,bw200_xpt,0.4472,95.54,7.27,1
821.gcc_s-lz4hc_0009-6B,bw200_xpt_pythia,0.38435,57.35,0.42,1
821.gcc_s-lz4hc_0009-6B,bw400_nopf,0.54824,0,0,1
821.gcc_s-lz4hc_0009-6B,bw400_pythia,0.55117,0,0,1
821.gcc_s-lz4hc_0009-6B,bw400_normal,0.55659,82.6,82.39,1
821.gcc_s-lz4hc_0009-6B,bw400_normal_pythia,0.53833,72.49,60.51,1
821.gcc_s-lz4hc_0009-6B,bw400_xpt,0.5512,95.52,7.27,1
821.gcc_s-lz4hc_0009-6B,bw400_xpt_pythia,0.55139,60.24,0.36,1
821.gcc_s-lz4hc_0009-6B,bw800_nopf,0.57524,0,0,1
821.gcc_s-lz4hc_0009-6B,bw800_pythia,0.62572,0,0,1
821.gcc_s-lz4hc_0009-6B,bw800_normal,0.60531,82.58,82.36,1
821.gcc_s-lz4hc_0009-6B,bw800_normal_pythia,0.63597,72.5,57.32,1
821.gcc_s-lz4hc_0009-6B,bw800_xpt,0.57879,95.57,7.26,1
821.gcc_s-lz4hc_0009-6B,bw800_xpt_pythia,0.62666,58.04,0.28,1
821.gcc_s-lz4hc_0009-6B,bw1600_nopf,0.58301,0,0,1
821.gcc_s-lz4hc_0009-6B,bw1600_pythia,0.64608,0,0,1
821.gcc_s-lz4hc_0009-6B,bw1600_normal,0.61677,82.63,82.41,1
821.gcc_s-lz4hc_0009-6B,bw1600_normal_pythia,0.66204,72.44,56.32,1
821.gcc_s-lz4hc_0009-6B,bw1600_xpt,0.58668,95.55,7.25,1
821.gcc_s-lz4hc_0009-6B,bw1600_xpt_pythia,0.64577,52.4,0.23,1
821.gcc_s-lz4hc_0009-6B,bw3200_nopf,0.58537,0,0,1
821.gcc_s-lz4hc_0009-6B,bw3200_pythia,0.64911,0,0,1
821.gcc_s-lz4hc_0009-6B,bw3200_normal,0.62024,82.64,82.4,1
821.gcc_s-lz4hc_0009-6B,bw3200_normal_pythia,0.66689,72.38,56.45,1
821.gcc_s-lz4hc_0009-6B,bw3200_xpt,0.5891,95.56,7.25,1
821.gcc_s-lz4hc_0009-6B,bw3200_xpt_pythia,0.65117,53.2,0.23,1
821.gcc_s-lz4hc_0009-6B,bw6400_nopf,0.58628,0,0,1
821.gcc_s-lz4hc_0009-6B,bw6400_pythia,0.65121,0,0,1
821.gcc_s-lz4hc_0009-6B,bw6400_normal,0.62142,82.67,82.41,1
821.gcc_s-lz4hc_0009-6B,bw6400_normal_pythia,0.66925,73.16,56.08,1
821.gcc_s-lz4hc_0009-6B,bw6400_xpt,0.58983,95.59,7.25,1
821.gcc_s-lz4hc_0009-6B,bw6400_xpt_pythia,0.6515,55.27,0.27,1
821.gcc_s-lz4hc_0010-14B,bw200_nopf,0.43717,0,0,1
821.gcc_s-lz4hc_0010-14B,bw200_pythia,0.3734,0,0,1
821.gcc_s-lz4hc_0010-14B,bw200_normal,0.42423,84.37,77.64,1
821.gcc_s-lz4hc_0010-14B,bw200_normal_pythia,0.35568,72.68,50.96,1
821.gcc_s-lz4hc_0010-14B,bw200_xpt,0.4387,95.29,9.1,1
821.gcc_s-lz4hc_0010-14B,bw200_xpt_pythia,0.37381,57.22,0.55,1
821.gcc_s-lz4hc_0010-14B,bw400_nopf,0.54209,0,0,1
821.gcc_s-lz4hc_0010-14B,bw400_pythia,0.54562,0,0,1
821.gcc_s-lz4hc_0010-14B,bw400_normal,0.5532,84.39,77.53,1
821.gcc_s-lz4hc_0010-14B,bw400_normal_pythia,0.53677,72.59,49.41,1
821.gcc_s-lz4hc_0010-14B,bw400_xpt,0.54543,95.34,9.11,1
821.gcc_s-lz4hc_0010-14B,bw400_xpt_pythia,0.54668,56.41,0.42,1
821.gcc_s-lz4hc_0010-14B,bw800_nopf,0.57203,0,0,1
821.gcc_s-lz4hc_0010-14B,bw800_pythia,0.63284,0,0,1
821.gcc_s-lz4hc_0010-14B,bw800_normal,0.601,84.38,77.59,1
821.gcc_s-lz4hc_0010-14B,bw800_normal_pythia,0.64034,72.66,45.02,1
821.gcc_s-lz4hc_0010-14B,bw800_xpt,0.57612,95.28,9.1,1
821.gcc_s-lz4hc_0010-14B,bw800_xpt_pythia,0.63422,55.54,0.31,1
821.gcc_s-lz4hc_0010-14B,bw1600_nopf,0.5806,0,0,1
821.gcc_s-lz4hc_0010-14B,bw1600_pythia,0.6595,0,0,1
821.gcc_s-lz4hc_0010-14B,bw1600_normal,0.6137,84.4,77.65,1
821.gcc_s-lz4hc_0010-14B,bw1600_normal_pythia,0.67171,72.49,44.44,1
821.gcc_s-lz4hc_0010-14B,bw1600_xpt,0.58493,95.31,9.1,1
821.gcc_s-lz4hc_0010-14B,bw1600_xpt_pythia,0.66046,53.89,0.27,1
821.gcc_s-lz4hc_0010-14B,bw3200_nopf,0.5833,0,0,1
821.gcc_s-lz4hc_0010-14B,bw3200_pythia,0.66628,0,0,1
821.gcc_s-lz4hc_0010-14B,bw3200_normal,0.61715,84.45,77.62,1
821.gcc_s-lz4hc_0010-14B,bw3200_normal_pythia,0.67944,72.66,44.68,1
821.gcc_s-lz4hc_0010-14B,bw3200_xpt,0.58755,95.29,9.09,1
821.gcc_s-lz4hc_0010-14B,bw3200_xpt_pythia,0.66661,53.59,0.28,1
821.gcc_s-lz4hc_0010-14B,bw6400_nopf,0.58416,0,0,1
821.gcc_s-lz4hc_0010-14B,bw6400_pythia,0.66861,0,0,1
821.gcc_s-lz4hc_0010-14B,bw6400_normal,0.61831,84.37,77.69,1
821.gcc_s-lz4hc_0010-14B,bw6400_normal_pythia,0.68234,73.28,44.85,1
821.gcc_s-lz4hc_0010-14B,bw6400_xpt,0.58835,95.3,9.09,1
821.gcc_s-lz4hc_0010-14B,bw6400_xpt_pythia,0.66927,55.44,0.3,1
821.gcc_s-lz4hc_0010-23B,bw200_nopf,0.62289,0,0,1
821.gcc_s-lz4hc_0010-23B,bw200_pythia,0.58576,0,0,1
821.gcc_s-lz4hc_0010-23B,bw200_normal,0.61965,85.73,73.86,1
821.gcc_s-lz4hc_0010-23B,bw200_normal_pythia,0.57525,72.98,40.44,1
821.gcc_s-lz4hc_0010-23B,bw200_xpt,0.62513,94.02,13.43,1
821.gcc_s-lz4hc_0010-23B,bw200_xpt_pythia,0.58716,59.96,1.0,1
821.gcc_s-lz4hc_0010-23B,bw400_nopf,0.70384,0,0,1
821.gcc_s-lz4hc_0010-23B,bw400_pythia,0.72431,0,0,1
821.gcc_s-lz4hc_0010-23B,bw400_normal,0.71363,85.7,73.86,1
821.gcc_s-lz4hc_0010-23B,bw400_normal_pythia,0.7215,73.42,40.12,1
821.gcc_s-lz4hc_0010-23B,bw400_xpt,0.70758,94.11,13.44,1
821.gcc_s-lz4hc_0010-23B,bw400_xpt_pythia,0.72487,59.33,0.78,1
821.gcc_s-lz4hc_0010-23B,bw800_nopf,0.72464,0,0,1
821.gcc_s-lz4hc_0010-23B,bw800_pythia,0.77961,0,0,1
821.gcc_s-lz4hc_0010-23B,bw800_normal,0.74175,85.61,73.92,1
821.gcc_s-lz4hc_0010-23B,bw800_normal_pythia,0.78483,72.99,36.88,1
821.gcc_s-lz4hc_0010-23B,bw800_xpt,0.72937,94.08,13.44,1
821.gcc_s-lz4hc_0010-23B,bw800_xpt_pythia,0.78055,56.98,0.48,1
821.gcc_s-lz4hc_0010-23B,bw1600_nopf,0.72992,0,0,1
821.gcc_s-lz4hc_0010-23B,bw1600_pythia,0.79365,0,0,1
821.gcc_s-lz4hc_0010-23B,bw1600_normal,0.74932,85.74,73.98,1
821.gcc_s-lz4hc_0010-23B,bw1600_normal_pythia,0.79818,73.53,37.9,1
821.gcc_s-lz4hc_0010-23B,bw1600_xpt,0.73488,94.1,13.44,1
821.gcc_s-lz4hc_0010-23B,bw1600_xpt_pythia,0.7948,57.87,0.43,1
821.gcc_s-lz4hc_0010-23B,bw3200_nopf,0.73151,0,0,1
821.gcc_s-lz4hc_0010-23B,bw3200_pythia,0.79745,0,0,1
821.gcc_s-lz4hc_0010-23B,bw3200_normal,0.75165,85.73,74.08,1
821.gcc_s-lz4hc_0010-23B,bw3200_normal_pythia,0.80133,73.38,37.1,1
821.gcc_s-lz4hc_0010-23B,bw3200_xpt,0.73648,94.08,13.44,1
821.gcc_s-lz4hc_0010-23B,bw3200_xpt_pythia,0.79901,60.22,0.47,1
821.gcc_s-lz4hc_0010-23B,bw6400_nopf,0.73197,0,0,1
821.gcc_s-lz4hc_0010-23B,bw6400_pythia,0.79805,0,0,1
821.gcc_s-lz4hc_0010-23B,bw6400_normal,0.75228,85.76,74.02,1
821.gcc_s-lz4hc_0010-23B,bw6400_normal_pythia,0.80022,74.34,38.94,1
821.gcc_s-lz4hc_0010-23B,bw6400_xpt,0.73698,94.07,13.43,1
821.gcc_s-lz4hc_0010-23B,bw6400_xpt_pythia,0.79803,60.47,0.48,1
821.gcc_s-lz4hc_0018-20B,bw200_nopf,0.67686,0,0,1
821.gcc_s-lz4hc_0018-20B,bw200_pythia,0.63652,0,0,1
821.gcc_s-lz4hc_0018-20B,bw200_normal,0.67307,87.21,87.48,1
821.gcc_s-lz4hc_0018-20B,bw200_normal_pythia,0.61653,75.47,58.56,1
821.gcc_s-lz4hc_0018-20B,bw200_xpt,0.67882,95.43,10.57,1
821.gcc_s-lz4hc_0018-20B,bw200_xpt_pythia,0.63779,61.41,0.96,1
821.gcc_s-lz4hc_0018-20B,bw400_nopf,0.78568,0,0,1
821.gcc_s-lz4hc_0018-20B,bw400_pythia,0.83827,0,0,1
821.gcc_s-lz4hc_0018-20B,bw400_normal,0.81635,87.16,87.47,1
821.gcc_s-lz4hc_0018-20B,bw400_normal_pythia,0.83817,75.25,56.86,1
821.gcc_s-lz4hc_0018-20B,bw400_xpt,0.79079,95.35,10.57,1
821.gcc_s-lz4hc_0018-20B,bw400_xpt_pythia,0.84036,61.35,0.85,1
821.gcc_s-lz4hc_0018-20B,bw800_nopf,0.81979,0,0,1
821.gcc_s-lz4hc_0018-20B,bw800_pythia,0.91309,0,0,1
821.gcc_s-lz4hc_0018-20B,bw800_normal,0.86277,87.16,87.46,1
821.gcc_s-lz4hc_0018-20B,bw800_normal_pythia,0.93229,75.25,55.64,1
821.gcc_s-lz4hc_0018-20B,bw800_xpt,0.82565,95.38,10.57,1
821.gcc_s-lz4hc_0018-20B,bw800_xpt_pythia,0.91415,57.35,0.73,1
821.gcc_s-lz4hc_0018-20B,bw1600_nopf,0.83081,0,0,1
821.gcc_s-lz4hc_0018-20B,bw1600_pythia,0.92701,0,0,1
821.gcc_s-lz4hc_0018-20B,bw1600_normal,0.87738,87.2,87.46,1
821.gcc_s-lz4hc_0018-20B,bw1600_normal_pythia,0.95026,74.92,56.54,1
821.gcc_s-lz4hc_0018-20B,bw1600_xpt,0.83649,95.37,10.55,1
821.gcc_s-lz4hc_0018-20B,bw1600_xpt_pythia,0.93003,58.75,0.66,1
821.gcc_s-lz4hc_0018-20B,bw3200_nopf,0.83407,0,0,1
821.gcc_s-lz4hc_0018-20B,bw3200_pythia,0.93495,0,0,1
821.gcc_s-lz4hc_0018-20B,bw3200_normal,0.88188,87.13,87.47,1
821.gcc_s-lz4hc_0018-20B,bw3200_normal_pythia,0.9596,75.75,57.04,1
821.gcc_s-lz4hc_0018-20B,bw3200_xpt,0.83989,95.31,10.55,1
821.gcc_s-lz4hc_0018-20B,bw3200_xpt_pythia,0.93298,57.68,0.63,1
821.gcc_s-lz4hc_0018-20B,bw6400_nopf,0.83496,0,0,1
821.gcc_s-lz4hc_0018-20B,bw6400_pythia,0.93292,0,0,1
821.gcc_s-lz4hc_0018-20B,bw6400_normal,0.88349,87.11,87.48,1
821.gcc_s-lz4hc_0018-20B,bw6400_normal_pythia,0.95835,75.83,56.85,1
821.gcc_s-lz4hc_0018-20B,bw6400_xpt,0.8408,95.36,10.55,1
821.gcc_s-lz4hc_0018-20B,bw6400_xpt_pythia,0.93653,60.48,0.66,1
821.gcc_s-lz4hc_0018-31B,bw200_nopf,0.6391,0,0,1
821.gcc_s-lz4hc_0018-31B,bw200_pythia,0.59997,0,0,1
821.gcc_s-lz4hc_0018-31B,bw200_normal,0.63454,90.34,88.85,1
821.gcc_s-lz4hc_0018-31B,bw200_normal_pythia,0.57651,78.07,65.49,1
821.gcc_s-lz4hc_0018-31B,bw200_xpt,0.6407,96.49,12.55,1
821.gcc_s-lz4hc_0018-31B,bw200_xpt_pythia,0.59735,69.62,2.28,1
821.gcc_s-lz4hc_0018-31B,bw400_nopf,0.76598,0,0,1
821.gcc_s-lz4hc_0018-31B,bw400_pythia,0.79721,0,0,1
821.gcc_s-lz4hc_0018-31B,bw400_normal,0.78483,90.36,88.82,1
821.gcc_s-lz4hc_0018-31B,bw400_normal_pythia,0.79336,78.2,64.57,1
821.gcc_s-lz4hc_0018-31B,bw400_xpt,0.77034,96.5,12.55,1
821.gcc_s-lz4hc_0018-31B,bw400_xpt_pythia,0.79762,70.27,2.08,1
821.gcc_s-lz4hc_0018-31B,bw800_nopf,0.8075,0,0,1
821.gcc_s-lz4hc_0018-31B,bw800_pythia,0.8933,0,0,1
821.gcc_s-lz4hc_0018-31B,bw800_normal,0.8451,90.33,88.83,1
821.gcc_s-lz4hc_0018-31B,bw800_normal_pythia,0.90754,77.86,61.42,1
821.gcc_s-lz4hc_0018-31B,bw800_xpt,0.81387,96.49,12.52,1
821.gcc_s-lz4hc_0018-31B,bw800_xpt_pythia,0.89218,64.87,1.65,1
821.gcc_s-lz4hc_0018-31B,bw1600_nopf,0.82105,0,0,1
821.gcc_s-lz4hc_0018-31B,bw1600_pythia,0.92153,0,0,1
821.gcc_s-lz4hc_0018-31B,bw1600_normal,0.86347,90.31,88.91,1
821.gcc_s-lz4hc_0018-31B,bw1600_normal_pythia,0.94135,77.68,60.96,1
821.gcc_s-lz4hc_0018-31B,bw1600_xpt,0.82773,96.51,12.5,1
821.gcc_s-lz4hc_0018-31B,bw1600_xpt_pythia,0.92145,63.86,1.72,1
821.gcc_s-lz4hc_0018-31B,bw3200_nopf,0.82563,0,0,1
821.gcc_s-lz4hc_0018-31B,bw3200_pythia,0.9212,0,0,1
821.gcc_s-lz4hc_0018-31B,bw3200_normal,0.86977,90.32,88.88,1
821.gcc_s-lz4hc_0018-31B,bw3200_normal_pythia,0.94479,78.29,61.67,1
821.gcc_s-lz4hc_0018-31B,bw3200_xpt,0.83237,96.51,12.49,1
821.gcc_s-lz4hc_0018-31B,bw3200_xpt_pythia,0.92389,71.59,2.23,1
821.gcc_s-lz4hc_0018-31B,bw6400_nopf,0.827,0,0,1
821.gcc_s-lz4hc_0018-31B,bw6400_pythia,0.92546,0,0,1
821.gcc_s-lz4hc_0018-31B,bw6400_normal,0.87195,90.33,88.83,1
821.gcc_s-lz4hc_0018-31B,bw6400_normal_pythia,0.94431,78.87,62.21,1
821.gcc_s-lz4hc_0018-31B,bw6400_xpt,0.83378,96.46,12.49,1
821.gcc_s-lz4hc_0018-31B,bw6400_xpt_pythia,0.92528,70.07,2.33,1
821.gcc_s-unicodeobject_0006-1B,bw200_nopf,0.87734,0,0,1
821.gcc_s-unicodeobject_0006-1B,bw200_pythia,0.86035,0,0,1
821.gcc_s-unicodeobject_0006-1B,bw200_normal,0.89256,93.5,96.43,1
821.gcc_s-unicodeobject_0006-1B,bw200_normal_pythia,0.8471,78.68,60.09,1
821.gcc_s-unicodeobject_0006-1B,bw200_xpt,0.88269,97.95,21.27,1
821.gcc_s-unicodeobject_0006-1B,bw200_xpt_pythia,0.86089,70.83,1.76,1
821.gcc_s-unicodeobject_0006-1B,bw400_nopf,0.95739,0,0,1
821.gcc_s-unicodeobject_0006-1B,bw400_pythia,1.02233,0,0,1
821.gcc_s-unicodeobject_0006-1B,bw400_normal,0.99395,93.54,96.42,1
821.gcc_s-unicodeobject_0006-1B,bw400_normal_pythia,1.02766,79.77,59.31,1
821.gcc_s-unicodeobject_0006-1B,bw400_xpt,0.96595,97.95,21.27,1
821.gcc_s-unicodeobject_0006-1B,bw400_xpt_pythia,1.02336,71.38,1.69,1
821.gcc_s-unicodeobject_0006-1B,bw800_nopf,0.97921,0,0,1
821.gcc_s-unicodeobject_0006-1B,bw800_pythia,1.0762,0,0,1
821.gcc_s-unicodeobject_0006-1B,bw800_normal,1.0221,93.68,96.62,1
821.gcc_s-unicodeobject_0006-1B,bw800_normal_pythia,1.09153,79.43,56.65,1
821.gcc_s-unicodeobject_0006-1B,bw800_xpt,0.98851,97.95,21.28,1
821.gcc_s-unicodeobject_0006-1B,bw800_xpt_pythia,1.07786,57.49,0.77,1
821.gcc_s-unicodeobject_0006-1B,bw1600_nopf,0.98463,0,0,1
821.gcc_s-unicodeobject_0006-1B,bw1600_pythia,1.08955,0,0,1
821.gcc_s-unicodeobject_0006-1B,bw1600_normal,1.02927,93.71,96.58,1
821.gcc_s-unicodeobject_0006-1B,bw1600_normal_pythia,1.10481,79.22,56.52,1
821.gcc_s-unicodeobject_0006-1B,bw1600_xpt,0.99408,97.95,21.28,1
821.gcc_s-unicodeobject_0006-1B,bw1600_xpt_pythia,1.0939,58.27,1.05,1
821.gcc_s-unicodeobject_0006-1B,bw3200_nopf,0.98628,0,0,1
821.gcc_s-unicodeobject_0006-1B,bw3200_pythia,1.09578,0,0,1
821.gcc_s-unicodeobject_0006-1B,bw3200_normal,1.03161,93.71,96.58,1
821.gcc_s-unicodeobject_0006-1B,bw3200_normal_pythia,1.1096,78.15,54.33,1
821.gcc_s-unicodeobject_0006-1B,bw3200_xpt,0.99582,97.95,21.28,1
821.gcc_s-unicodeobject_0006-1B,bw3200_xpt_pythia,1.09667,60.65,1.01,1
821.gcc_s-unicodeobject_0006-1B,bw6400_nopf,0.98684,0,0,1
821.gcc_s-unicodeobject_0006-1B,bw6400_pythia,1.09529,0,0,1
821.gcc_s-unicodeobject_0006-1B,bw6400_normal,1.03254,93.7,96.58,1
821.gcc_s-unicodeobject_0006-1B,bw6400_normal_pythia,1.10924,79.37,55.91,1
821.gcc_s-unicodeobject_0006-1B,bw6400_xpt,0.99644,97.95,21.28,1
821.gcc_s-unicodeobject_0006-1B,bw6400_xpt_pythia,1.09384,55.49,0.72,1
821.gcc_s-unicodeobject_0015-26B,bw200_nopf,0.62305,0,0,1
821.gcc_s-unicodeobject_0015-26B,bw200_pythia,0.54826,0,0,1
821.gcc_s-unicodeobject_0015-26B,bw200_normal,0.62174,85.72,75.66,1
821.gcc_s-unicodeobject_0015-26B,bw200_normal_pythia,0.53264,76.6,51.76,1
821.gcc_s-unicodeobject_0015-26B,bw200_xpt,0.62646,93.36,16.92,1
821.gcc_s-unicodeobject_0015-26B,bw200_xpt_pythia,0.54931,80.47,7.33,1
821.gcc_s-unicodeobject_0015-26B,bw400_nopf,0.69811,0,0,1
821.gcc_s-unicodeobject_0015-26B,bw400_pythia,0.70205,0,0,1
821.gcc_s-unicodeobject_0015-26B,bw400_normal,0.70925,85.68,75.68,1
821.gcc_s-unicodeobject_0015-26B,bw400_normal_pythia,0.6999,75.09,48.19,1
821.gcc_s-unicodeobject_0015-26B,bw400_xpt,0.70401,93.42,16.92,1
821.gcc_s-unicodeobject_0015-26B,bw400_xpt_pythia,0.70406,71.7,2.84,1
821.gcc_s-unicodeobject_0015-26B,bw800_nopf,0.71762,0,0,1
821.gcc_s-unicodeobject_0015-26B,bw800_pythia,0.76077,0,0,1
821.gcc_s-unicodeobject_0015-26B,bw800_normal,0.73796,85.74,75.7,1
821.gcc_s-unicodeobject_0015-26B,bw800_normal_pythia,0.769,74.04,45.57,1
821.gcc_s-unicodeobject_0015-26B,bw800_xpt,0.72468,93.42,16.9,1
821.gcc_s-unicodeobject_0015-26B,bw800_xpt_pythia,0.76236,61.89,1.3,1
821.gcc_s-unicodeobject_0015-26B,bw1600_nopf,0.72344,0,0,1
821.gcc_s-unicodeobject_0015-26B,bw1600_pythia,0.77691,0,0,1
821.gcc_s-unicodeobject_0015-26B,bw1600_normal,0.74575,85.7,75.75,1
821.gcc_s-unicodeobject_0015-26B,bw1600_normal_pythia,0.78626,74.49,45.73,1
821.gcc_s-unicodeobject_0015-26B,bw1600_xpt,0.73076,93.41,16.86,1
821.gcc_s-unicodeobject_0015-26B,bw1600_xpt_pythia,0.77814,59.46,0.93,1
821.gcc_s-unicodeobject_0015-26B,bw3200_nopf,0.72548,0,0,1
821.gcc_s-unicodeobject_0015-26B,bw3200_pythia,0.78007,0,0,1
821.gcc_s-unicodeobject_0015-26B,bw3200_normal,0.74837,85.69,75.77,1
821.gcc_s-unicodeobject_0015-26B,bw3200_normal_pythia,0.79092,74.85,46.42,1
821.gcc_s-unicodeobject_0015-26B,bw3200_xpt,0.73287,93.4,16.84,1
821.gcc_s-unicodeobject_0015-26B,bw3200_xpt_pythia,0.78248,64.99,1.15,1
821.gcc_s-unicodeobject_0015-26B,bw6400_nopf,0.72598,0,0,1
821.gcc_s-unicodeobject_0015-26B,bw6400_pythia,0.78469,0,0,1
821.gcc_s-unicodeobject_0015-26B,bw6400_normal,0.74915,85.7,75.75,1
821.gcc_s-unicodeobject_0015-26B,bw6400_normal_pythia,0.79253,75.46,46.12,1
821.gcc_s-unicodeobject_0015-26B,bw6400_xpt,0.73338,93.41,16.85,1
821.gcc_s-unicodeobject_0015-26B,bw6400_xpt_pythia,0.78585,67.43,1.07,1
822.palm_s-atmos-2602B,bw200_nopf,0.81352,0,0,1
822.palm_s-atmos-2602B,bw200_pythia,0.87496,0,0,1
822.palm_s-atmos-2602B,bw200_normal,0.82718,100.0,100.0,1
822.palm_s-atmos-2602B,bw200_normal_pythia,0.8381,75.68,52.98,1
822.palm_s-atmos-2602B,bw200_xpt,0.8205,100.0,49.69,1
822.palm_s-atmos-2602B,bw200_xpt_pythia,0.85484,66.7,17.62,1
822.palm_s-atmos-2602B,bw400_nopf,1.17481,0,0,1
822.palm_s-atmos-2602B,bw400_pythia,1.35936,0,0,1
822.palm_s-atmos-2602B,bw400_normal,1.22258,100.0,100.0,1
822.palm_s-atmos-2602B,bw400_normal_pythia,1.3259,77.96,54.93,1
822.palm_s-atmos-2602B,bw400_xpt,1.19984,100.0,49.72,1
822.palm_s-atmos-2602B,bw400_xpt_pythia,1.33783,67.56,19.74,1
822.palm_s-atmos-2602B,bw800_nopf,1.37286,0,0,1
822.palm_s-atmos-2602B,bw800_pythia,1.65772,0,0,1
822.palm_s-atmos-2602B,bw800_normal,1.45173,100.0,100.0,1
822.palm_s-atmos-2602B,bw800_normal_pythia,1.64062,77.25,61.03,1
822.palm_s-atmos-2602B,bw800_xpt,1.41079,100.0,49.7,1
822.palm_s-atmos-2602B,bw800_xpt_pythia,1.64321,65.82,23.93,1
822.palm_s-atmos-2602B,bw1600_nopf,1.44578,0,0,1
822.palm_s-atmos-2602B,bw1600_pythia,1.75413,0,0,1
822.palm_s-atmos-2602B,bw1600_normal,1.53882,100.0,100.0,1
822.palm_s-atmos-2602B,bw1600_normal_pythia,1.75329,75.14,49.48,1
822.palm_s-atmos-2602B,bw1600_xpt,1.4887,100.0,49.67,1
822.palm_s-atmos-2602B,bw1600_xpt_pythia,1.75022,53.92,14.81,1
822.palm_s-atmos-2602B,bw3200_nopf,1.45673,0,0,1
822.palm_s-atmos-2602B,bw3200_pythia,1.76798,0,0,1
822.palm_s-atmos-2602B,bw3200_normal,1.55246,100.0,100.0,1
822.palm_s-atmos-2602B,bw3200_normal_pythia,1.77055,77.39,43.52,1
822.palm_s-atmos-2602B,bw3200_xpt,1.50083,100.0,49.66,1
822.palm_s-atmos-2602B,bw3200_xpt_pythia,1.76585,44.9,8.3,1
822.palm_s-atmos-2602B,bw6400_nopf,1.45919,0,0,1
822.palm_s-atmos-2602B,bw6400_pythia,1.77001,0,0,1
822.palm_s-atmos-2602B,bw6400_normal,1.55552,100.0,100.0,1
822.palm_s-atmos-2602B,bw6400_normal_pythia,1.77248,77.43,43.02,1
822.palm_s-atmos-2602B,bw6400_xpt,1.50382,100.0,49.66,1
822.palm_s-atmos-2602B,bw6400_xpt_pythia,1.76784,44.39,8.03,1
822.palm_s-atmos-35579B,bw200_nopf,0.82028,0,0,1
822.palm_s-atmos-35579B,bw200_pythia,0.88085,0,0,1
822.palm_s-atmos-35579B,bw200_normal,0.83424,100.0,100.0,1
822.palm_s-atmos-35579B,bw200_normal_pythia,0.84391,75.74,53.16,1
822.palm_s-atmos-35579B,bw200_xpt,0.82737,100.0,49.68,1
822.palm_s-atmos-35579B,bw200_xpt_pythia,0.86065,66.97,17.71,1
822.palm_s-atmos-35579B,bw400_nopf,1.18342,0,0,1
822.palm_s-atmos-35579B,bw400_pythia,1.36661,0,0,1
822.palm_s-atmos-35579B,bw400_normal,1.23171,100.0,100.0,1
822.palm_s-atmos-35579B,bw400_normal_pythia,1.33293,78.29,54.9,1
822.palm_s-atmos-35579B,bw400_xpt,1.20833,100.0,49.7,1
822.palm_s-atmos-35579B,bw400_xpt_pythia,1.34472,67.64,19.75,1
822.palm_s-atmos-35579B,bw800_nopf,1.3809,0,0,1
822.palm_s-atmos-35579B,bw800_pythia,1.6638,0,0,1
822.palm_s-atmos-35579B,bw800_normal,1.45968,100.0,100.0,1
822.palm_s-atmos-35579B,bw800_normal_pythia,1.64735,77.42,61.18,1
822.palm_s-atmos-35579B,bw800_xpt,1.4189,100.0,49.69,1
822.palm_s-atmos-35579B,bw800_xpt_pythia,1.64971,65.67,24.0,1
822.palm_s-atmos-35579B,bw1600_nopf,1.45435,0,0,1
822.palm_s-atmos-35579B,bw1600_pythia,1.76068,0,0,1
822.palm_s-atmos-35579B,bw1600_normal,1.5473,100.0,100.0,1
822.palm_s-atmos-35579B,bw1600_normal_pythia,1.75976,75.23,49.18,1
822.palm_s-atmos-35579B,bw1600_xpt,1.49691,100.0,49.65,1
822.palm_s-atmos-35579B,bw1600_xpt_pythia,1.75669,54.16,14.74,1
822.palm_s-atmos-35579B,bw3200_nopf,1.46571,0,0,1
822.palm_s-atmos-35579B,bw3200_pythia,1.77438,0,0,1
822.palm_s-atmos-35579B,bw3200_normal,1.56089,100.0,100.0,1
822.palm_s-atmos-35579B,bw3200_normal_pythia,1.77703,77.35,42.84,1
822.palm_s-atmos-35579B,bw3200_xpt,1.50882,100.0,49.65,1
822.palm_s-atmos-35579B,bw3200_xpt_pythia,1.77215,45.22,8.52,1
822.palm_s-atmos-35579B,bw6400_nopf,1.46774,0,0,1
822.palm_s-atmos-35579B,bw6400_pythia,1.77634,0,0,1
822.palm_s-atmos-35579B,bw6400_normal,1.56414,100.0,100.0,1
822.palm_s-atmos-35579B,bw6400_normal_pythia,1.77898,77.55,42.81,1
822.palm_s-atmos-35579B,bw6400_xpt,1.51185,100.0,49.65,1
822.palm_s-atmos-35579B,bw6400_xpt_pythia,1.77419,45.04,8.28,1
822.palm_s-atmos-4359B,bw200_nopf,0.84304,0,0,1
822.palm_s-atmos-4359B,bw200_pythia,0.91537,0,0,1
822.palm_s-atmos-4359B,bw200_normal,0.85995,100.0,100.0,1
822.palm_s-atmos-4359B,bw200_normal_pythia,0.87374,75.99,54.41,1
822.palm_s-atmos-4359B,bw200_xpt,0.85151,100.0,49.68,1
822.palm_s-atmos-4359B,bw200_xpt_pythia,0.89058,66.17,18.81,1
822.palm_s-atmos-4359B,bw400_nopf,1.20032,0,0,1
822.palm_s-atmos-4359B,bw400_pythia,1.3916,0,0,1
822.palm_s-atmos-4359B,bw400_normal,1.25171,100.0,100.0,1
822.palm_s-atmos-4359B,bw400_normal_pythia,1.35604,78.26,55.85,1
822.palm_s-atmos-4359B,bw400_xpt,1.22693,100.0,49.7,1
822.palm_s-atmos-4359B,bw400_xpt_pythia,1.36794,67.93,20.55,1
822.palm_s-atmos-4359B,bw800_nopf,1.39307,0,0,1
822.palm_s-atmos-4359B,bw800_pythia,1.68238,0,0,1
822.palm_s-atmos-4359B,bw800_normal,1.47452,100.0,100.0,1
822.palm_s-atmos-4359B,bw800_normal_pythia,1.66444,77.3,61.91,1
822.palm_s-atmos-4359B,bw800_xpt,1.43226,100.0,49.69,1
822.palm_s-atmos-4359B,bw800_xpt_pythia,1.66716,66.01,24.51,1
822.palm_s-atmos-4359B,bw1600_nopf,1.46928,0,0,1
822.palm_s-atmos-4359B,bw1600_pythia,1.78054,0,0,1
822.palm_s-atmos-4359B,bw1600_normal,1.56593,100.0,100.0,1
822.palm_s-atmos-4359B,bw1600_normal_pythia,1.77984,75.28,49.58,1
822.palm_s-atmos-4359B,bw1600_xpt,1.51328,100.0,49.66,1
822.palm_s-atmos-4359B,bw1600_xpt_pythia,1.77656,54.35,15.02,1
822.palm_s-atmos-4359B,bw3200_nopf,1.47976,0,0,1
822.palm_s-atmos-4359B,bw3200_pythia,1.79302,0,0,1
822.palm_s-atmos-4359B,bw3200_normal,1.57871,100.0,100.0,1
822.palm_s-atmos-4359B,bw3200_normal_pythia,1.79615,77.53,43.53,1
822.palm_s-atmos-4359B,bw3200_xpt,1.52425,100.0,49.65,1
822.palm_s-atmos-4359B,bw3200_xpt_pythia,1.79108,45.42,8.67,1
822.palm_s-atmos-4359B,bw6400_nopf,1.48133,0,0,1
822.palm_s-atmos-4359B,bw6400_pythia,1.79451,0,0,1
822.palm_s-atmos-4359B,bw6400_normal,1.58117,100.0,100.0,1
822.palm_s-atmos-4359B,bw6400_normal_pythia,1.79759,77.78,43.34,1
822.palm_s-atmos-4359B,bw6400_xpt,1.52656,100.0,49.65,1
822.palm_s-atmos-4359B,bw6400_xpt_pythia,1.79246,45.45,8.52,1
822.palm_s-atmos-6227B,bw200_nopf,0.82196,0,0,1
822.palm_s-atmos-6227B,bw200_pythia,0.88313,0,0,1
822.palm_s-atmos-6227B,bw200_normal,0.83619,100.0,100.0,1
822.palm_s-atmos-6227B,bw200_normal_pythia,0.84612,75.94,53.27,1
822.palm_s-atmos-6227B,bw200_xpt,0.82917,100.0,49.68,1
822.palm_s-atmos-6227B,bw200_xpt_pythia,0.86231,66.78,17.86,1
822.palm_s-atmos-6227B,bw400_nopf,1.18428,0,0,1
822.palm_s-atmos-6227B,bw400_pythia,1.36776,0,0,1
822.palm_s-atmos-6227B,bw400_normal,1.23251,100.0,100.0,1
822.palm_s-atmos-6227B,bw400_normal_pythia,1.3345,78.39,55.42,1
822.palm_s-atmos-6227B,bw400_xpt,1.20926,100.0,49.7,1
822.palm_s-atmos-6227B,bw400_xpt_pythia,1.34538,67.34,19.97,1
822.palm_s-atmos-6227B,bw800_nopf,1.37989,0,0,1
822.palm_s-atmos-6227B,bw800_pythia,1.66003,0,0,1
822.palm_s-atmos-6227B,bw800_normal,1.45782,100.0,100.0,1
822.palm_s-atmos-6227B,bw800_normal_pythia,1.64407,77.38,61.29,1
822.palm_s-atmos-6227B,bw800_xpt,1.41735,100.0,49.69,1
822.palm_s-atmos-6227B,bw800_xpt_pythia,1.64574,65.78,23.98,1
822.palm_s-atmos-6227B,bw1600_nopf,1.45199,0,0,1
822.palm_s-atmos-6227B,bw1600_pythia,1.75569,0,0,1
822.palm_s-atmos-6227B,bw1600_normal,1.54376,100.0,100.0,1
822.palm_s-atmos-6227B,bw1600_normal_pythia,1.75468,75.22,49.1,1
822.palm_s-atmos-6227B,bw1600_xpt,1.49386,100.0,49.66,1
822.palm_s-atmos-6227B,bw1600_xpt_pythia,1.75149,53.76,14.63,1
822.palm_s-atmos-6227B,bw3200_nopf,1.46334,0,0,1
822.palm_s-atmos-6227B,bw3200_pythia,1.76945,0,0,1
822.palm_s-atmos-6227B,bw3200_normal,1.55742,100.0,100.0,1
822.palm_s-atmos-6227B,bw3200_normal_pythia,1.77193,77.37,42.91,1
822.palm_s-atmos-6227B,bw3200_xpt,1.5058,100.0,49.65,1
822.palm_s-atmos-6227B,bw3200_xpt_pythia,1.76719,45.08,8.39,1
822.palm_s-atmos-6227B,bw6400_nopf,1.46556,0,0,1
822.palm_s-atmos-6227B,bw6400_pythia,1.77146,0,0,1
822.palm_s-atmos-6227B,bw6400_normal,1.56072,100.0,100.0,1
822.palm_s-atmos-6227B,bw6400_normal_pythia,1.77396,77.37,42.66,1
822.palm_s-atmos-6227B,bw6400_xpt,1.50887,100.0,49.65,1
822.palm_s-atmos-6227B,bw6400_xpt_pythia,1.76953,44.86,8.14,1
823.llvm_s-dagcombiner_0002-14B,bw200_nopf,0.61074,0,0,1
823.llvm_s-dagcombiner_0002-14B,bw200_pythia,0.52745,0,0,1
823.llvm_s-dagcombiner_0002-14B,bw200_normal,0.60769,92.27,88.69,1
823.llvm_s-dagcombiner_0002-14B,bw200_normal_pythia,0.51241,78.0,58.86,1
823.llvm_s-dagcombiner_0002-14B,bw200_xpt,0.61157,98.18,8.58,1
823.llvm_s-dagcombiner_0002-14B,bw200_xpt_pythia,0.52827,72.46,0.38,1
823.llvm_s-dagcombiner_0002-14B,bw400_nopf,0.66058,0,0,1
823.llvm_s-dagcombiner_0002-14B,bw400_pythia,0.64081,0,0,1
823.llvm_s-dagcombiner_0002-14B,bw400_normal,0.67847,92.21,88.67,1
823.llvm_s-dagcombiner_0002-14B,bw400_normal_pythia,0.64032,78.5,53.28,1
823.llvm_s-dagcombiner_0002-14B,bw400_xpt,0.66334,98.21,8.58,1
823.llvm_s-dagcombiner_0002-14B,bw400_xpt_pythia,0.64038,64.78,0.17,1
823.llvm_s-dagcombiner_0002-14B,bw800_nopf,0.67594,0,0,1
823.llvm_s-dagcombiner_0002-14B,bw800_pythia,0.69108,0,0,1
823.llvm_s-dagcombiner_0002-14B,bw800_normal,0.70076,92.28,88.43,1
823.llvm_s-dagcombiner_0002-14B,bw800_normal_pythia,0.69931,80.24,46.12,1
823.llvm_s-dagcombiner_0002-14B,bw800_xpt,0.67909,98.19,8.52,1
823.llvm_s-dagcombiner_0002-14B,bw800_xpt_pythia,0.69181,74.34,0.12,1
823.llvm_s-dagcombiner_0002-14B,bw1600_nopf,0.68103,0,0,1
823.llvm_s-dagcombiner_0002-14B,bw1600_pythia,0.70299,0,0,1
823.llvm_s-dagcombiner_0002-14B,bw1600_normal,0.70883,92.17,88.72,1
823.llvm_s-dagcombiner_0002-14B,bw1600_normal_pythia,0.71401,81.0,43.37,1
823.llvm_s-dagcombiner_0002-14B,bw1600_xpt,0.68427,98.18,8.5,1
823.llvm_s-dagcombiner_0002-14B,bw1600_xpt_pythia,0.69216,67.25,0.13,1
823.llvm_s-dagcombiner_0002-14B,bw3200_nopf,0.68259,0,0,1
823.llvm_s-dagcombiner_0002-14B,bw3200_pythia,0.70545,0,0,1
823.llvm_s-dagcombiner_0002-14B,bw3200_normal,0.71033,92.17,88.52,1
823.llvm_s-dagcombiner_0002-14B,bw3200_normal_pythia,0.71127,81.43,42.51,1
823.llvm_s-dagcombiner_0002-14B,bw3200_xpt,0.68583,98.19,8.49,1
823.llvm_s-dagcombiner_0002-14B,bw3200_xpt_pythia,0.70483,76.49,0.1,1
823.llvm_s-dagcombiner_0002-14B,bw6400_nopf,0.68328,0,0,1
823.llvm_s-dagcombiner_0002-14B,bw6400_pythia,0.70589,0,0,1
823.llvm_s-dagcombiner_0002-14B,bw6400_normal,0.71121,92.17,88.52,1
823.llvm_s-dagcombiner_0002-14B,bw6400_normal_pythia,0.70989,79.68,54.28,1
823.llvm_s-dagcombiner_0002-14B,bw6400_xpt,0.68652,98.19,8.49,1
823.llvm_s-dagcombiner_0002-14B,bw6400_xpt_pythia,0.70511,79.89,0.09,1
823.llvm_s-dagcombiner_0002-4B,bw200_nopf,0.39959,0,0,1
823.llvm_s-dagcombiner_0002-4B,bw200_pythia,0.33006,0,0,1
823.llvm_s-dagcombiner_0002-4B,bw200_normal,0.39699,94.09,96.07,1
823.llvm_s-dagcombiner_0002-4B,bw200_normal_pythia,0.31305,81.37,82.93,1
823.llvm_s-dagcombiner_0002-4B,bw200_xpt,0.40117,98.85,19.24,1
823.llvm_s-dagcombiner_0002-4B,bw200_xpt_pythia,0.33065,78.02,5.07,1
823.llvm_s-dagcombiner_0002-4B,bw400_nopf,0.54758,0,0,1
823.llvm_s-dagcombiner_0002-4B,bw400_pythia,0.52461,0,0,1
823.llvm_s-dagcombiner_0002-4B,bw400_normal,0.56671,94.06,96.09,1
823.llvm_s-dagcombiner_0002-4B,bw400_normal_pythia,0.5126,80.44,86.41,1
823.llvm_s-dagcombiner_0002-4B,bw400_xpt,0.55382,98.83,19.23,1
823.llvm_s-dagcombiner_0002-4B,bw400_xpt_pythia,0.52615,80.23,4.06,1
823.llvm_s-dagcombiner_0002-4B,bw800_nopf,0.62765,0,0,1
823.llvm_s-dagcombiner_0002-4B,bw800_pythia,0.68124,0,0,1
823.llvm_s-dagcombiner_0002-4B,bw800_normal,0.67027,94.07,96.07,1
823.llvm_s-dagcombiner_0002-4B,bw800_normal_pythia,0.68994,80.89,79.39,1
823.llvm_s-dagcombiner_0002-4B,bw800_xpt,0.63747,98.84,19.11,1
823.llvm_s-dagcombiner_0002-4B,bw800_xpt_pythia,0.68476,83.62,4.52,1
823.llvm_s-dagcombiner_0002-4B,bw1600_nopf,0.66303,0,0,1
823.llvm_s-dagcombiner_0002-4B,bw1600_pythia,0.75107,0,0,1
823.llvm_s-dagcombiner_0002-4B,bw1600_normal,0.71515,94.06,96.06,1
823.llvm_s-dagcombiner_0002-4B,bw1600_normal_pythia,0.78384,81.11,75.16,1
823.llvm_s-dagcombiner_0002-4B,bw1600_xpt,0.67443,98.84,19.01,1
823.llvm_s-dagcombiner_0002-4B,bw1600_xpt_pythia,0.74924,82.59,4.45,1
823.llvm_s-dagcombiner_0002-4B,bw3200_nopf,0.67751,0,0,1
823.llvm_s-dagcombiner_0002-4B,bw3200_pythia,0.77699,0,0,1
823.llvm_s-dagcombiner_0002-4B,bw3200_normal,0.73349,94.05,96.06,1
823.llvm_s-dagcombiner_0002-4B,bw3200_normal_pythia,0.80076,81.1,76.29,1
823.llvm_s-dagcombiner_0002-4B,bw3200_xpt,0.68961,98.85,18.86,1
823.llvm_s-dagcombiner_0002-4B,bw3200_xpt_pythia,0.78558,86.13,3.44,1
823.llvm_s-dagcombiner_0002-4B,bw6400_nopf,0.68094,0,0,1
823.llvm_s-dagcombiner_0002-4B,bw6400_pythia,0.77821,0,0,1
823.llvm_s-dagcombiner_0002-4B,bw6400_normal,0.73852,94.04,96.06,1
823.llvm_s-dagcombiner_0002-4B,bw6400_normal_pythia,0.812,80.72,75.79,1
823.llvm_s-dagcombiner_0002-4B,bw6400_xpt,0.69346,98.85,18.96,1
823.llvm_s-dagcombiner_0002-4B,bw6400_xpt_pythia,0.79439,81.76,4.26,1
823.llvm_s-dagcombiner_0006-4B,bw200_nopf,0.40042,0,0,1
823.llvm_s-dagcombiner_0006-4B,bw200_pythia,0.33095,0,0,1
823.llvm_s-dagcombiner_0006-4B,bw200_normal,0.39814,94.13,95.87,1
823.llvm_s-dagcombiner_0006-4B,bw200_normal_pythia,0.3112,80.81,83.71,1
823.llvm_s-dagcombiner_0006-4B,bw200_xpt,0.40197,98.79,19.16,1
823.llvm_s-dagcombiner_0006-4B,bw200_xpt_pythia,0.32819,77.76,5.1,1
823.llvm_s-dagcombiner_0006-4B,bw400_nopf,0.54875,0,0,1
823.llvm_s-dagcombiner_0006-4B,bw400_pythia,0.52993,0,0,1
823.llvm_s-dagcombiner_0006-4B,bw400_normal,0.56831,94.14,95.93,1
823.llvm_s-dagcombiner_0006-4B,bw400_normal_pythia,0.51667,81.37,81.33,1
823.llvm_s-dagcombiner_0006-4B,bw400_xpt,0.55496,98.79,19.15,1
823.llvm_s-dagcombiner_0006-4B,bw400_xpt_pythia,0.52869,79.51,4.95,1
823.llvm_s-dagcombiner_0006-4B,bw800_nopf,0.62893,0,0,1
823.llvm_s-dagcombiner_0006-4B,bw800_pythia,0.6947,0,0,1
823.llvm_s-dagcombiner_0006-4B,bw800_normal,0.6718,94.16,95.85,1
823.llvm_s-dagcombiner_0006-4B,bw800_normal_pythia,0.69326,80.55,78.05,1
823.llvm_s-dagcombiner_0006-4B,bw800_xpt,0.63881,98.8,19.04,1
823.llvm_s-dagcombiner_0006-4B,bw800_xpt_pythia,0.69269,85.56,4.05,1
823.llvm_s-dagcombiner_0006-4B,bw1600_nopf,0.66426,0,0,1
823.llvm_s-dagcombiner_0006-4B,bw1600_pythia,0.7634,0,0,1
823.llvm_s-dagcombiner_0006-4B,bw1600_normal,0.71669,94.14,95.85,1
823.llvm_s-dagcombiner_0006-4B,bw1600_normal_pythia,0.78111,81.07,73.69,1
823.llvm_s-dagcombiner_0006-4B,bw1600_xpt,0.67565,98.8,18.94,1
823.llvm_s-dagcombiner_0006-4B,bw1600_xpt_pythia,0.75636,84.44,4.5,1
823.llvm_s-dagcombiner_0006-4B,bw3200_nopf,0.67881,0,0,1
823.llvm_s-dagcombiner_0006-4B,bw3200_pythia,0.79323,0,0,1
823.llvm_s-dagcombiner_0006-4B,bw3200_normal,0.73508,94.16,95.84,1
823.llvm_s-dagcombiner_0006-4B,bw3200_normal_pythia,0.80424,80.54,75.36,1
823.llvm_s-dagcombiner_0006-4B,bw3200_xpt,0.69083,98.8,18.8,1
823.llvm_s-dagcombiner_0006-4B,bw3200_xpt_pythia,0.79132,81.77,4.31,1
823.llvm_s-dagcombiner_0006-4B,bw6400_nopf,0.68223,0,0,1
823.llvm_s-dagcombiner_0006-4B,bw6400_pythia,0.7913,0,0,1
823.llvm_s-dagcombiner_0006-4B,bw6400_normal,0.73999,94.16,95.83,1
823.llvm_s-dagcombiner_0006-4B,bw6400_normal_pythia,0.80941,79.75,76.84,1
823.llvm_s-dagcombiner_0006-4B,bw6400_xpt,0.6947,98.81,18.89,1
823.llvm_s-dagcombiner_0006-4B,bw6400_xpt_pythia,0.78358,72.41,3.2,1
823.llvm_s-etf_inst3_0005-11B,bw200_nopf,0.48632,0,0,1
823.llvm_s-etf_inst3_0005-11B,bw200_pythia,0.41562,0,0,1
823.llvm_s-etf_inst3_0005-11B,bw200_normal,0.48739,96.49,97.23,1
823.llvm_s-etf_inst3_0005-11B,bw200_normal_pythia,0.39224,83.63,70.54,1
823.llvm_s-etf_inst3_0005-11B,bw200_xpt,0.48801,99.12,19.3,1
823.llvm_s-etf_inst3_0005-11B,bw200_xpt_pythia,0.41174,40.36,0.88,1
823.llvm_s-etf_inst3_0005-11B,bw400_nopf,0.62748,0,0,1
823.llvm_s-etf_inst3_0005-11B,bw400_pythia,0.6158,0,0,1
823.llvm_s-etf_inst3_0005-11B,bw400_normal,0.6492,96.49,97.22,1
823.llvm_s-etf_inst3_0005-11B,bw400_normal_pythia,0.60701,84.18,68.44,1
823.llvm_s-etf_inst3_0005-11B,bw400_xpt,0.63225,99.13,19.31,1
823.llvm_s-etf_inst3_0005-11B,bw400_xpt_pythia,0.61519,37.7,0.54,1
823.llvm_s-etf_inst3_0005-11B,bw800_nopf,0.68288,0,0,1
823.llvm_s-etf_inst3_0005-11B,bw800_pythia,0.73891,0,0,1
823.llvm_s-etf_inst3_0005-11B,bw800_normal,0.72496,96.42,97.25,1
823.llvm_s-etf_inst3_0005-11B,bw800_normal_pythia,0.75342,85.23,66.06,1
823.llvm_s-etf_inst3_0005-11B,bw800_xpt,0.69216,99.12,19.26,1
823.llvm_s-etf_inst3_0005-11B,bw800_xpt_pythia,0.74796,43.98,0.22,1
823.llvm_s-etf_inst3_0005-11B,bw1600_nopf,0.69946,0,0,1
823.llvm_s-etf_inst3_0005-11B,bw1600_pythia,0.78226,0,0,1
823.llvm_s-etf_inst3_0005-11B,bw1600_normal,0.75092,96.5,97.25,1
823.llvm_s-etf_inst3_0005-11B,bw1600_normal_pythia,0.80557,84.78,66.19,1
823.llvm_s-etf_inst3_0005-11B,bw1600_xpt,0.71052,99.12,19.24,1
823.llvm_s-etf_inst3_0005-11B,bw1600_xpt_pythia,0.78467,44.06,0.38,1
823.llvm_s-etf_inst3_0005-11B,bw3200_nopf,0.70602,0,0,1
823.llvm_s-etf_inst3_0005-11B,bw3200_pythia,0.79388,0,0,1
823.llvm_s-etf_inst3_0005-11B,bw3200_normal,0.75974,96.57,97.22,1
823.llvm_s-etf_inst3_0005-11B,bw3200_normal_pythia,0.8182,85.29,64.99,1
823.llvm_s-etf_inst3_0005-11B,bw3200_xpt,0.71745,99.12,19.23,1
823.llvm_s-etf_inst3_0005-11B,bw3200_xpt_pythia,0.80458,56.2,0.2,1
823.llvm_s-etf_inst3_0005-11B,bw6400_nopf,0.70792,0,0,1
823.llvm_s-etf_inst3_0005-11B,bw6400_pythia,0.78735,0,0,1
823.llvm_s-etf_inst3_0005-11B,bw6400_normal,0.76283,96.56,97.2,1
823.llvm_s-etf_inst3_0005-11B,bw6400_normal_pythia,0.81975,86.03,64.36,1
823.llvm_s-etf_inst3_0005-11B,bw6400_xpt,0.71957,99.11,19.23,1
823.llvm_s-etf_inst3_0005-11B,bw6400_xpt_pythia,0.78352,44.72,0.53,1
823.llvm_s-etf_inst3_0005-17B,bw200_nopf,0.68899,0,0,1
823.llvm_s-etf_inst3_0005-17B,bw200_pythia,0.63011,0,0,1
823.llvm_s-etf_inst3_0005-17B,bw200_normal,0.69401,95.12,95.88,1
823.llvm_s-etf_inst3_0005-17B,bw200_normal_pythia,0.61318,81.94,81.88,1
823.llvm_s-etf_inst3_0005-17B,bw200_xpt,0.69087,98.42,16.48,1
823.llvm_s-etf_inst3_0005-17B,bw200_xpt_pythia,0.62911,32.02,1.31,1
823.llvm_s-etf_inst3_0005-17B,bw400_nopf,0.82743,0,0,1
823.llvm_s-etf_inst3_0005-17B,bw400_pythia,0.81636,0,0,1
823.llvm_s-etf_inst3_0005-17B,bw400_normal,0.84879,95.12,95.88,1
823.llvm_s-etf_inst3_0005-17B,bw400_normal_pythia,0.81947,82.42,80.9,1
823.llvm_s-etf_inst3_0005-17B,bw400_xpt,0.83066,98.43,16.48,1
823.llvm_s-etf_inst3_0005-17B,bw400_xpt_pythia,0.81729,40.03,1.38,1
823.llvm_s-etf_inst3_0005-17B,bw800_nopf,0.88697,0,0,1
823.llvm_s-etf_inst3_0005-17B,bw800_pythia,0.90796,0,0,1
823.llvm_s-etf_inst3_0005-17B,bw800_normal,0.92057,95.1,95.9,1
823.llvm_s-etf_inst3_0005-17B,bw800_normal_pythia,0.92773,81.86,77.14,1
823.llvm_s-etf_inst3_0005-17B,bw800_xpt,0.89174,98.42,16.47,1
823.llvm_s-etf_inst3_0005-17B,bw800_xpt_pythia,0.90806,39.28,0.59,1
823.llvm_s-etf_inst3_0005-17B,bw1600_nopf,0.91008,0,0,1
823.llvm_s-etf_inst3_0005-17B,bw1600_pythia,0.94147,0,0,1
823.llvm_s-etf_inst3_0005-17B,bw1600_normal,0.94772,95.09,95.9,1
823.llvm_s-etf_inst3_0005-17B,bw1600_normal_pythia,0.96849,82.06,74.66,1
823.llvm_s-etf_inst3_0005-17B,bw1600_xpt,0.91541,98.43,16.45,1
823.llvm_s-etf_inst3_0005-17B,bw1600_xpt_pythia,0.94093,39.54,0.47,1
823.llvm_s-etf_inst3_0005-17B,bw3200_nopf,0.91877,0,0,1
823.llvm_s-etf_inst3_0005-17B,bw3200_pythia,0.95407,0,0,1
823.llvm_s-etf_inst3_0005-17B,bw3200_normal,0.95817,95.09,95.89,1
823.llvm_s-etf_inst3_0005-17B,bw3200_normal_pythia,0.98007,82.16,73.25,1
823.llvm_s-etf_inst3_0005-17B,bw3200_xpt,0.92423,98.42,16.42,1
823.llvm_s-etf_inst3_0005-17B,bw3200_xpt_pythia,0.95394,41.16,0.46,1
823.llvm_s-etf_inst3_0005-17B,bw6400_nopf,0.92062,0,0,1
823.llvm_s-etf_inst3_0005-17B,bw6400_pythia,0.95545,0,0,1
823.llvm_s-etf_inst3_0005-17B,bw6400_normal,0.96095,95.08,95.89,1
823.llvm_s-etf_inst3_0005-17B,bw6400_normal_pythia,0.98272,81.93,73.71,1
823.llvm_s-etf_inst3_0005-17B,bw6400_xpt,0.92624,98.43,16.42,1
823.llvm_s-etf_inst3_0005-17B,bw6400_xpt_pythia,0.95582,45.78,0.37,1
823.llvm_s-etf_inst3_0011-10B,bw200_nopf,1.06107,0,0,1
823.llvm_s-etf_inst3_0011-10B,bw200_pythia,1.07774,0,0,1
823.llvm_s-etf_inst3_0011-10B,bw200_normal,1.11247,97.54,99.27,1
823.llvm_s-etf_inst3_0011-10B,bw200_normal_pythia,1.08858,89.42,76.19,1
823.llvm_s-etf_inst3_0011-10B,bw200_xpt,1.07506,99.99,20.12,1
823.llvm_s-etf_inst3_0011-10B,bw200_xpt_pythia,1.0778,25.98,0.16,1
823.llvm_s-etf_inst3_0011-10B,bw400_nopf,1.1085,0,0,1
823.llvm_s-etf_inst3_0011-10B,bw400_pythia,1.20277,0,0,1
823.llvm_s-etf_inst3_0011-10B,bw400_normal,1.18238,97.54,99.26,1
823.llvm_s-etf_inst3_0011-10B,bw400_normal_pythia,1.22945,89.57,76.0,1
823.llvm_s-etf_inst3_0011-10B,bw400_xpt,1.1272,99.99,20.12,1
823.llvm_s-etf_inst3_0011-10B,bw400_xpt_pythia,1.20283,26.54,0.12,1
823.llvm_s-etf_inst3_0011-10B,bw800_nopf,1.12492,0,0,1
823.llvm_s-etf_inst3_0011-10B,bw800_pythia,1.23664,0,0,1
823.llvm_s-etf_inst3_0011-10B,bw800_normal,1.20214,97.54,99.26,1
823.llvm_s-etf_inst3_0011-10B,bw800_normal_pythia,1.27033,89.68,74.98,1
823.llvm_s-etf_inst3_0011-10B,bw800_xpt,1.14446,99.99,20.12,1
823.llvm_s-etf_inst3_0011-10B,bw800_xpt_pythia,1.23631,24.7,0.06,1
823.llvm_s-etf_inst3_0011-10B,bw1600_nopf,1.1315,0,0,1
823.llvm_s-etf_inst3_0011-10B,bw1600_pythia,1.24477,0,0,1
823.llvm_s-etf_inst3_0011-10B,bw1600_normal,1.20834,97.54,99.26,1
823.llvm_s-etf_inst3_0011-10B,bw1600_normal_pythia,1.27843,89.59,75.03,1
823.llvm_s-etf_inst3_0011-10B,bw1600_xpt,1.1514,99.99,20.12,1
823.llvm_s-etf_inst3_0011-10B,bw1600_xpt_pythia,1.2449,26.13,0.07,1
823.llvm_s-etf_inst3_0011-10B,bw3200_nopf,1.13406,0,0,1
823.llvm_s-etf_inst3_0011-10B,bw3200_pythia,1.24759,0,0,1
823.llvm_s-etf_inst3_0011-10B,bw3200_normal,1.20999,97.54,99.26,1
823.llvm_s-etf_inst3_0011-10B,bw3200_normal_pythia,1.27951,89.57,75.02,1
823.llvm_s-etf_inst3_0011-10B,bw3200_xpt,1.15407,99.99,20.12,1
823.llvm_s-etf_inst3_0011-10B,bw3200_xpt_pythia,1.24776,26.61,0.09,1
823.llvm_s-etf_inst3_0011-10B,bw6400_nopf,1.13446,0,0,1
823.llvm_s-etf_inst3_0011-10B,bw6400_pythia,1.24829,0,0,1
823.llvm_s-etf_inst3_0011-10B,bw6400_normal,1.21006,97.54,99.26,1
823.llvm_s-etf_inst3_0011-10B,bw6400_normal_pythia,1.28029,89.65,74.81,1
823.llvm_s-etf_inst3_0011-10B,bw6400_xpt,1.15448,99.99,20.12,1
823.llvm_s-etf_inst3_0011-10B,bw6400_xpt_pythia,1.2482,26.4,0.09,1
823.llvm_s-etf_inst3_0011-14B,bw200_nopf,0.56686,0,0,1
823.llvm_s-etf_inst3_0011-14B,bw200_pythia,0.48837,0,0,1
823.llvm_s-etf_inst3_0011-14B,bw200_normal,0.57443,94.94,97.12,1
823.llvm_s-etf_inst3_0011-14B,bw200_normal_pythia,0.46235,81.87,89.65,1
823.llvm_s-etf_inst3_0011-14B,bw200_xpt,0.56905,98.15,12.45,1
823.llvm_s-etf_inst3_0011-14B,bw200_xpt_pythia,0.4823,59.07,2.14,1
823.llvm_s-etf_inst3_0011-14B,bw400_nopf,0.66691,0,0,1
823.llvm_s-etf_inst3_0011-14B,bw400_pythia,0.65962,0,0,1
823.llvm_s-etf_inst3_0011-14B,bw400_normal,0.6947,94.78,97.15,1
823.llvm_s-etf_inst3_0011-14B,bw400_normal_pythia,0.65195,81.63,89.0,1
823.llvm_s-etf_inst3_0011-14B,bw400_xpt,0.6722,98.27,12.48,1
823.llvm_s-etf_inst3_0011-14B,bw400_xpt_pythia,0.65392,55.35,1.41,1
823.llvm_s-etf_inst3_0011-14B,bw800_nopf,0.69857,0,0,1
823.llvm_s-etf_inst3_0011-14B,bw800_pythia,0.75019,0,0,1
823.llvm_s-etf_inst3_0011-14B,bw800_normal,0.74557,94.86,97.11,1
823.llvm_s-etf_inst3_0011-14B,bw800_normal_pythia,0.77281,81.9,76.49,1
823.llvm_s-etf_inst3_0011-14B,bw800_xpt,0.70541,98.21,12.42,1
823.llvm_s-etf_inst3_0011-14B,bw800_xpt_pythia,0.74305,52.14,0.4,1
823.llvm_s-etf_inst3_0011-14B,bw1600_nopf,0.70809,0,0,1
823.llvm_s-etf_inst3_0011-14B,bw1600_pythia,0.77972,0,0,1
823.llvm_s-etf_inst3_0011-14B,bw1600_normal,0.75934,94.82,97.11,1
823.llvm_s-etf_inst3_0011-14B,bw1600_normal_pythia,0.79552,80.36,78.34,1
823.llvm_s-etf_inst3_0011-14B,bw1600_xpt,0.71537,98.2,12.4,1
823.llvm_s-etf_inst3_0011-14B,bw1600_xpt_pythia,0.76981,56.26,0.23,1
823.llvm_s-etf_inst3_0011-14B,bw3200_nopf,0.71173,0,0,1
823.llvm_s-etf_inst3_0011-14B,bw3200_pythia,0.77401,0,0,1
823.llvm_s-etf_inst3_0011-14B,bw3200_normal,0.764,94.78,97.15,1
823.llvm_s-etf_inst3_0011-14B,bw3200_normal_pythia,0.81331,82.48,70.87,1
823.llvm_s-etf_inst3_0011-14B,bw3200_xpt,0.71909,98.27,12.42,1
823.llvm_s-etf_inst3_0011-14B,bw3200_xpt_pythia,0.7809,51.18,0.19,1
823.llvm_s-etf_inst3_0011-14B,bw6400_nopf,0.71286,0,0,1
823.llvm_s-etf_inst3_0011-14B,bw6400_pythia,0.78759,0,0,1
823.llvm_s-etf_inst3_0011-14B,bw6400_normal,0.76565,94.76,97.17,1
823.llvm_s-etf_inst3_0011-14B,bw6400_normal_pythia,0.81285,82.34,71.11,1
823.llvm_s-etf_inst3_0011-14B,bw6400_xpt,0.72034,98.26,12.42,1
823.llvm_s-etf_inst3_0011-14B,bw6400_xpt_pythia,0.78109,54.71,0.26,1
823.llvm_s-etf_inst3_0011-8B,bw200_nopf,0.31498,0,0,1
823.llvm_s-etf_inst3_0011-8B,bw200_pythia,0.26921,0,0,1
823.llvm_s-etf_inst3_0011-8B,bw200_normal,0.31586,95.42,97.43,1
823.llvm_s-etf_inst3_0011-8B,bw200_normal_pythia,0.2568,81.33,79.82,1
823.llvm_s-etf_inst3_0011-8B,bw200_xpt,0.31719,99.42,21.15,1
823.llvm_s-etf_inst3_0011-8B,bw200_xpt_pythia,0.26826,55.42,1.89,1
823.llvm_s-etf_inst3_0011-8B,bw400_nopf,0.44282,0,0,1
823.llvm_s-etf_inst3_0011-8B,bw400_pythia,0.44198,0,0,1
823.llvm_s-etf_inst3_0011-8B,bw400_normal,0.46079,95.41,97.44,1
823.llvm_s-etf_inst3_0011-8B,bw400_normal_pythia,0.43335,81.93,80.12,1
823.llvm_s-etf_inst3_0011-8B,bw400_xpt,0.44991,99.42,21.14,1
823.llvm_s-etf_inst3_0011-8B,bw400_xpt_pythia,0.4403,57.43,1.61,1
823.llvm_s-etf_inst3_0011-8B,bw800_nopf,0.52412,0,0,1
823.llvm_s-etf_inst3_0011-8B,bw800_pythia,0.59013,0,0,1
823.llvm_s-etf_inst3_0011-8B,bw800_normal,0.55956,95.42,97.42,1
823.llvm_s-etf_inst3_0011-8B,bw800_normal_pythia,0.59636,82.5,75.22,1
823.llvm_s-etf_inst3_0011-8B,bw800_xpt,0.53539,99.42,21.1,1
823.llvm_s-etf_inst3_0011-8B,bw800_xpt_pythia,0.58857,59.04,1.35,1
823.llvm_s-etf_inst3_0011-8B,bw1600_nopf,0.56319,0,0,1
823.llvm_s-etf_inst3_0011-8B,bw1600_pythia,0.6661,0,0,1
823.llvm_s-etf_inst3_0011-8B,bw1600_normal,0.60773,95.41,97.43,1
823.llvm_s-etf_inst3_0011-8B,bw1600_normal_pythia,0.68598,83.25,73.82,1
823.llvm_s-etf_inst3_0011-8B,bw1600_xpt,0.57657,99.42,21.08,1
823.llvm_s-etf_inst3_0011-8B,bw1600_xpt_pythia,0.66463,57.6,1.16,1
823.llvm_s-etf_inst3_0011-8B,bw3200_nopf,0.58075,0,0,1
823.llvm_s-etf_inst3_0011-8B,bw3200_pythia,0.69502,0,0,1
823.llvm_s-etf_inst3_0011-8B,bw3200_normal,0.62896,95.41,97.43,1
823.llvm_s-etf_inst3_0011-8B,bw3200_normal_pythia,0.72133,83.29,73.29,1
823.llvm_s-etf_inst3_0011-8B,bw3200_xpt,0.59499,99.42,21.06,1
823.llvm_s-etf_inst3_0011-8B,bw3200_xpt_pythia,0.69974,29.82,0.17,1
823.llvm_s-etf_inst3_0011-8B,bw6400_nopf,0.58718,0,0,1
823.llvm_s-etf_inst3_0011-8B,bw6400_pythia,0.70203,0,0,1
823.llvm_s-etf_inst3_0011-8B,bw6400_normal,0.6367,95.41,97.43,1
823.llvm_s-etf_inst3_0011-8B,bw6400_normal_pythia,0.72704,83.02,71.15,1
823.llvm_s-etf_inst3_0011-8B,bw6400_xpt,0.60174,99.42,21.06,1
823.llvm_s-etf_inst3_0011-8B,bw6400_xpt_pythia,0.70303,54.73,1.12,1
823.llvm_s-generic_cpu_exec_6_0012-25B,bw200_nopf,0.40399,0,0,1
823.llvm_s-generic_cpu_exec_6_0012-25B,bw200_pythia,0.33906,0,0,1
823.llvm_s-generic_cpu_exec_6_0012-25B,bw200_normal,0.41061,95.53,96.05,1
823.llvm_s-generic_cpu_exec_6_0012-25B,bw200_normal_pythia,0.31851,81.51,86.86,1
823.llvm_s-generic_cpu_exec_6_0012-25B,bw200_xpt,0.40614,98.36,14.45,1
823.llvm_s-generic_cpu_exec_6_0012-25B,bw200_xpt_pythia,0.33702,60.77,2.6,1
823.llvm_s-generic_cpu_exec_6_0012-25B,bw400_nopf,0.50206,0,0,1
823.llvm_s-generic_cpu_exec_6_0012-25B,bw400_pythia,0.49822,0,0,1
823.llvm_s-generic_cpu_exec_6_0012-25B,bw400_normal,0.52666,95.54,96.04,1
823.llvm_s-generic_cpu_exec_6_0012-25B,bw400_normal_pythia,0.49761,81.87,81.43,1
823.llvm_s-generic_cpu_exec_6_0012-25B,bw400_xpt,0.50868,98.31,14.43,1
823.llvm_s-generic_cpu_exec_6_0012-25B,bw400_xpt_pythia,0.49792,58.34,2.19,1
823.llvm_s-generic_cpu_exec_6_0012-25B,bw800_nopf,0.53547,0,0,1
823.llvm_s-generic_cpu_exec_6_0012-25B,bw800_pythia,0.59215,0,0,1
823.llvm_s-generic_cpu_exec_6_0012-25B,bw800_normal,0.58188,95.5,96.07,1
823.llvm_s-generic_cpu_exec_6_0012-25B,bw800_normal_pythia,0.61526,80.86,76.89,1
823.llvm_s-generic_cpu_exec_6_0012-25B,bw800_xpt,0.54438,98.31,14.39,1
823.llvm_s-generic_cpu_exec_6_0012-25B,bw800_xpt_pythia,0.59008,43.76,0.32,1
823.llvm_s-generic_cpu_exec_6_0012-25B,bw1600_nopf,0.54617,0,0,1
823.llvm_s-generic_cpu_exec_6_0012-25B,bw1600_pythia,0.61691,0,0,1
823.llvm_s-generic_cpu_exec_6_0012-25B,bw1600_normal,0.59762,95.49,96.08,1
823.llvm_s-generic_cpu_exec_6_0012-25B,bw1600_normal_pythia,0.65565,81.82,70.66,1
823.llvm_s-generic_cpu_exec_6_0012-25B,bw1600_xpt,0.55551,98.3,14.36,1
823.llvm_s-generic_cpu_exec_6_0012-25B,bw1600_xpt_pythia,0.61982,54.33,0.18,1
823.llvm_s-generic_cpu_exec_6_0012-25B,bw3200_nopf,0.55004,0,0,1
823.llvm_s-generic_cpu_exec_6_0012-25B,bw3200_pythia,0.6266,0,0,1
823.llvm_s-generic_cpu_exec_6_0012-25B,bw3200_normal,0.60279,95.49,96.05,1
823.llvm_s-generic_cpu_exec_6_0012-25B,bw3200_normal_pythia,0.65503,81.06,73.35,1
823.llvm_s-generic_cpu_exec_6_0012-25B,bw3200_xpt,0.55935,98.27,14.35,1
823.llvm_s-generic_cpu_exec_6_0012-25B,bw3200_xpt_pythia,0.62436,46.32,0.15,1
823.llvm_s-generic_cpu_exec_6_0012-25B,bw6400_nopf,0.55123,0,0,1
823.llvm_s-generic_cpu_exec_6_0012-25B,bw6400_pythia,0.63303,0,0,1
823.llvm_s-generic_cpu_exec_6_0012-25B,bw6400_normal,0.60474,95.49,96.06,1
823.llvm_s-generic_cpu_exec_6_0012-25B,bw6400_normal_pythia,0.66134,81.94,71.02,1
823.llvm_s-generic_cpu_exec_6_0012-25B,bw6400_xpt,0.56057,98.27,14.35,1
823.llvm_s-generic_cpu_exec_6_0012-25B,bw6400_xpt_pythia,0.64091,49.44,0.12,1
823.llvm_s-grid_tools_0008-19B,bw200_nopf,0.49956,0,0,1
823.llvm_s-grid_tools_0008-19B,bw200_pythia,0.45151,0,0,1
823.llvm_s-grid_tools_0008-19B,bw200_normal,0.49782,93.44,97.53,1
823.llvm_s-grid_tools_0008-19B,bw200_normal_pythia,0.4291,80.04,89.96,1
823.llvm_s-grid_tools_0008-19B,bw200_xpt,0.50007,98.03,10.02,1
823.llvm_s-grid_tools_0008-19B,bw200_xpt_pythia,0.4501,54.26,1.12,1
823.llvm_s-grid_tools_0008-19B,bw400_nopf,0.67143,0,0,1
823.llvm_s-grid_tools_0008-19B,bw400_pythia,0.66496,0,0,1
823.llvm_s-grid_tools_0008-19B,bw400_normal,0.6899,93.47,97.56,1
823.llvm_s-grid_tools_0008-19B,bw400_normal_pythia,0.66226,79.61,87.56,1
823.llvm_s-grid_tools_0008-19B,bw400_xpt,0.67314,98.02,10.02,1
823.llvm_s-grid_tools_0008-19B,bw400_xpt_pythia,0.66235,53.97,0.95,1
823.llvm_s-grid_tools_0008-19B,bw800_nopf,0.76472,0,0,1
823.llvm_s-grid_tools_0008-19B,bw800_pythia,0.79951,0,0,1
823.llvm_s-grid_tools_0008-19B,bw800_normal,0.79881,93.47,97.53,1
823.llvm_s-grid_tools_0008-19B,bw800_normal_pythia,0.81936,79.23,86.61,1
823.llvm_s-grid_tools_0008-19B,bw800_xpt,0.76771,98.02,9.99,1
823.llvm_s-grid_tools_0008-19B,bw800_xpt_pythia,0.79849,52.12,0.84,1
823.llvm_s-grid_tools_0008-19B,bw1600_nopf,0.80872,0,0,1
823.llvm_s-grid_tools_0008-19B,bw1600_pythia,0.86082,0,0,1
823.llvm_s-grid_tools_0008-19B,bw1600_normal,0.85049,93.47,97.54,1
823.llvm_s-grid_tools_0008-19B,bw1600_normal_pythia,0.89485,80.38,83.98,1
823.llvm_s-grid_tools_0008-19B,bw1600_xpt,0.81235,98.03,9.97,1
823.llvm_s-grid_tools_0008-19B,bw1600_xpt_pythia,0.8619,50.46,0.72,1
823.llvm_s-grid_tools_0008-19B,bw3200_nopf,0.82758,0,0,1
823.llvm_s-grid_tools_0008-19B,bw3200_pythia,0.88803,0,0,1
823.llvm_s-grid_tools_0008-19B,bw3200_normal,0.87289,93.47,97.55,1
823.llvm_s-grid_tools_0008-19B,bw3200_normal_pythia,0.92144,80.6,83.62,1
823.llvm_s-grid_tools_0008-19B,bw3200_xpt,0.83149,98.03,9.96,1
823.llvm_s-grid_tools_0008-19B,bw3200_xpt_pythia,0.88685,49.79,0.66,1
823.llvm_s-grid_tools_0008-19B,bw6400_nopf,0.83216,0,0,1
823.llvm_s-grid_tools_0008-19B,bw6400_pythia,0.89373,0,0,1
823.llvm_s-grid_tools_0008-19B,bw6400_normal,0.87845,93.46,97.55,1
823.llvm_s-grid_tools_0008-19B,bw6400_normal_pythia,0.92629,79.48,85.05,1
823.llvm_s-grid_tools_0008-19B,bw6400_xpt,0.83614,98.03,9.95,1
823.llvm_s-grid_tools_0008-19B,bw6400_xpt_pythia,0.89379,45.85,0.14,1
823.llvm_s-grid_tools_dof_handlers_0009-11B,bw200_nopf,0.51414,0,0,1
823.llvm_s-grid_tools_dof_handlers_0009-11B,bw200_pythia,0.44594,0,0,1
823.llvm_s-grid_tools_dof_handlers_0009-11B,bw200_normal,0.52111,97.12,99.72,1
823.llvm_s-grid_tools_dof_handlers_0009-11B,bw200_normal_pythia,0.41696,82.03,89.38,1
823.llvm_s-grid_tools_dof_handlers_0009-11B,bw200_xpt,0.51713,99.26,16.21,1
823.llvm_s-grid_tools_dof_handlers_0009-11B,bw200_xpt_pythia,0.43939,84.77,6.27,1
823.llvm_s-grid_tools_dof_handlers_0009-11B,bw400_nopf,0.64974,0,0,1
823.llvm_s-grid_tools_dof_handlers_0009-11B,bw400_pythia,0.64651,0,0,1
823.llvm_s-grid_tools_dof_handlers_0009-11B,bw400_normal,0.68878,97.1,99.72,1
823.llvm_s-grid_tools_dof_handlers_0009-11B,bw400_normal_pythia,0.63578,82.23,91.04,1
823.llvm_s-grid_tools_dof_handlers_0009-11B,bw400_xpt,0.65836,99.26,16.21,1
823.llvm_s-grid_tools_dof_handlers_0009-11B,bw400_xpt_pythia,0.64321,85.69,6.12,1
823.llvm_s-grid_tools_dof_handlers_0009-11B,bw800_nopf,0.70649,0,0,1
823.llvm_s-grid_tools_dof_handlers_0009-11B,bw800_pythia,0.77058,0,0,1
823.llvm_s-grid_tools_dof_handlers_0009-11B,bw800_normal,0.7691,97.1,99.72,1
823.llvm_s-grid_tools_dof_handlers_0009-11B,bw800_normal_pythia,0.78939,81.13,84.41,1
823.llvm_s-grid_tools_dof_handlers_0009-11B,bw800_xpt,0.71804,99.26,16.08,1
823.llvm_s-grid_tools_dof_handlers_0009-11B,bw800_xpt_pythia,0.76706,93.32,5.44,1
823.llvm_s-grid_tools_dof_handlers_0009-11B,bw1600_nopf,0.72698,0,0,1
823.llvm_s-grid_tools_dof_handlers_0009-11B,bw1600_pythia,0.81463,0,0,1
823.llvm_s-grid_tools_dof_handlers_0009-11B,bw1600_normal,0.79717,97.1,99.73,1
823.llvm_s-grid_tools_dof_handlers_0009-11B,bw1600_normal_pythia,0.84784,81.16,79.18,1
823.llvm_s-grid_tools_dof_handlers_0009-11B,bw1600_xpt,0.73951,99.25,15.95,1
823.llvm_s-grid_tools_dof_handlers_0009-11B,bw1600_xpt_pythia,0.81236,96.24,5.31,1
823.llvm_s-grid_tools_dof_handlers_0009-11B,bw3200_nopf,0.73393,0,0,1
823.llvm_s-grid_tools_dof_handlers_0009-11B,bw3200_pythia,0.82598,0,0,1
823.llvm_s-grid_tools_dof_handlers_0009-11B,bw3200_normal,0.80683,97.1,99.72,1
823.llvm_s-grid_tools_dof_handlers_0009-11B,bw3200_normal_pythia,0.86439,81.51,77.81,1
823.llvm_s-grid_tools_dof_handlers_0009-11B,bw3200_xpt,0.747,99.24,15.72,1
823.llvm_s-grid_tools_dof_handlers_0009-11B,bw3200_xpt_pythia,0.82483,93.59,4.85,1
823.llvm_s-grid_tools_dof_handlers_0009-11B,bw6400_nopf,0.73501,0,0,1
823.llvm_s-grid_tools_dof_handlers_0009-11B,bw6400_pythia,0.82763,0,0,1
823.llvm_s-grid_tools_dof_handlers_0009-11B,bw6400_normal,0.80931,97.1,99.72,1
823.llvm_s-grid_tools_dof_handlers_0009-11B,bw6400_normal_pythia,0.86187,81.53,78.63,1
823.llvm_s-grid_tools_dof_handlers_0009-11B,bw6400_xpt,0.74877,99.25,15.95,1
823.llvm_s-grid_tools_dof_handlers_0009-11B,bw6400_xpt_pythia,0.82686,96.14,5.02,1
823.llvm_s-insn_recog_0005-10B,bw200_nopf,0.63973,0,0,1
823.llvm_s-insn_recog_0005-10B,bw200_pythia,0.57708,0,0,1
823.llvm_s-insn_recog_0005-10B,bw200_normal,0.62886,98.8,99.54,1
823.llvm_s-insn_recog_0005-10B,bw200_normal_pythia,0.56275,85.94,77.8,1
823.llvm_s-insn_recog_0005-10B,bw200_xpt,0.64106,99.43,18.05,1
823.llvm_s-insn_recog_0005-10B,bw200_xpt_pythia,0.57514,51.52,1.3,1
823.llvm_s-insn_recog_0005-10B,bw400_nopf,0.77742,0,0,1
823.llvm_s-insn_recog_0005-10B,bw400_pythia,0.78393,0,0,1
823.llvm_s-insn_recog_0005-10B,bw400_normal,0.81339,98.81,99.54,1
823.llvm_s-insn_recog_0005-10B,bw400_normal_pythia,0.78837,89.36,74.7,1
823.llvm_s-insn_recog_0005-10B,bw400_xpt,0.78618,99.43,18.05,1
823.llvm_s-insn_recog_0005-10B,bw400_xpt_pythia,0.78359,52.55,0.54,1
823.llvm_s-insn_recog_0005-10B,bw800_nopf,0.81664,0,0,1
823.llvm_s-insn_recog_0005-10B,bw800_pythia,0.9098,0,0,1
823.llvm_s-insn_recog_0005-10B,bw800_normal,0.87648,98.8,99.54,1
823.llvm_s-insn_recog_0005-10B,bw800_normal_pythia,0.91858,89.98,71.27,1
823.llvm_s-insn_recog_0005-10B,bw800_xpt,0.83076,99.43,18.04,1
823.llvm_s-insn_recog_0005-10B,bw800_xpt_pythia,0.90782,60.37,0.36,1
823.llvm_s-insn_recog_0005-10B,bw1600_nopf,0.82832,0,0,1
823.llvm_s-insn_recog_0005-10B,bw1600_pythia,0.92886,0,0,1
823.llvm_s-insn_recog_0005-10B,bw1600_normal,0.88951,98.81,99.55,1
823.llvm_s-insn_recog_0005-10B,bw1600_normal_pythia,0.97314,92.46,69.5,1
823.llvm_s-insn_recog_0005-10B,bw1600_xpt,0.84263,99.44,18.04,1
823.llvm_s-insn_recog_0005-10B,bw1600_xpt_pythia,0.94599,61.24,0.35,1
823.llvm_s-insn_recog_0005-10B,bw3200_nopf,0.83282,0,0,1
823.llvm_s-insn_recog_0005-10B,bw3200_pythia,0.95558,0,0,1
823.llvm_s-insn_recog_0005-10B,bw3200_normal,0.89578,98.81,99.54,1
823.llvm_s-insn_recog_0005-10B,bw3200_normal_pythia,0.95855,88.83,69.72,1
823.llvm_s-insn_recog_0005-10B,bw3200_xpt,0.84713,99.43,18.03,1
823.llvm_s-insn_recog_0005-10B,bw3200_xpt_pythia,0.93527,55.51,0.25,1
823.llvm_s-insn_recog_0005-10B,bw6400_nopf,0.83453,0,0,1
823.llvm_s-insn_recog_0005-10B,bw6400_pythia,0.94785,0,0,1
823.llvm_s-insn_recog_0005-10B,bw6400_normal,0.8983,98.81,99.54,1
823.llvm_s-insn_recog_0005-10B,bw6400_normal_pythia,0.9696,91.94,69.45,1
823.llvm_s-insn_recog_0005-10B,bw6400_xpt,0.84874,99.44,18.03,1
823.llvm_s-insn_recog_0005-10B,bw6400_xpt_pythia,0.94556,61.95,0.31,1
823.llvm_s-insn_recog_0005-14B,bw200_nopf,0.24902,0,0,1
823.llvm_s-insn_recog_0005-14B,bw200_pythia,0.20626,0,0,1
823.llvm_s-insn_recog_0005-14B,bw200_normal,0.24892,96.16,98.61,1
823.llvm_s-insn_recog_0005-14B,bw200_normal_pythia,0.19567,84.63,86.88,1
823.llvm_s-insn_recog_0005-14B,bw200_xpt,0.2504,99.55,19.9,1
823.llvm_s-insn_recog_0005-14B,bw200_xpt_pythia,0.20614,62.11,2.11,1
823.llvm_s-insn_recog_0005-14B,bw400_nopf,0.37691,0,0,1
823.llvm_s-insn_recog_0005-14B,bw400_pythia,0.36639,0,0,1
823.llvm_s-insn_recog_0005-14B,bw400_normal,0.39162,96.18,98.61,1
823.llvm_s-insn_recog_0005-14B,bw400_normal_pythia,0.35604,84.85,84.02,1
823.llvm_s-insn_recog_0005-14B,bw400_xpt,0.38324,99.55,19.88,1
823.llvm_s-insn_recog_0005-14B,bw400_xpt_pythia,0.36512,62.07,1.61,1
823.llvm_s-insn_recog_0005-14B,bw800_nopf,0.4653,0,0,1
823.llvm_s-insn_recog_0005-14B,bw800_pythia,0.53164,0,0,1
823.llvm_s-insn_recog_0005-14B,bw800_normal,0.50212,96.17,98.62,1
823.llvm_s-insn_recog_0005-14B,bw800_normal_pythia,0.53473,85.1,81.49,1
823.llvm_s-insn_recog_0005-14B,bw800_xpt,0.47717,99.55,19.82,1
823.llvm_s-insn_recog_0005-14B,bw800_xpt_pythia,0.53145,66.57,2.63,1
823.llvm_s-insn_recog_0005-14B,bw1600_nopf,0.50673,0,0,1
823.llvm_s-insn_recog_0005-14B,bw1600_pythia,0.63128,0,0,1
823.llvm_s-insn_recog_0005-14B,bw1600_normal,0.55579,96.18,98.62,1
823.llvm_s-insn_recog_0005-14B,bw1600_normal_pythia,0.6447,85.27,80.25,1
823.llvm_s-insn_recog_0005-14B,bw1600_xpt,0.52154,99.54,19.78,1
823.llvm_s-insn_recog_0005-14B,bw1600_xpt_pythia,0.6299,60.54,1.09,1
823.llvm_s-insn_recog_0005-14B,bw3200_nopf,0.5242,0,0,1
823.llvm_s-insn_recog_0005-14B,bw3200_pythia,0.67025,0,0,1
823.llvm_s-insn_recog_0005-14B,bw3200_normal,0.57815,96.18,98.62,1
823.llvm_s-insn_recog_0005-14B,bw3200_normal_pythia,0.69504,86.28,79.24,1
823.llvm_s-insn_recog_0005-14B,bw3200_xpt,0.54005,99.54,19.77,1
823.llvm_s-insn_recog_0005-14B,bw3200_xpt_pythia,0.66902,56.67,0.89,1
823.llvm_s-insn_recog_0005-14B,bw6400_nopf,0.53206,0,0,1
823.llvm_s-insn_recog_0005-14B,bw6400_pythia,0.6829,0,0,1
823.llvm_s-insn_recog_0005-14B,bw6400_normal,0.588,96.17,98.62,1
823.llvm_s-insn_recog_0005-14B,bw6400_normal_pythia,0.70315,85.97,79.53,1
823.llvm_s-insn_recog_0005-14B,bw6400_xpt,0.54814,99.54,19.77,1
823.llvm_s-insn_recog_0005-14B,bw6400_xpt_pythia,0.67049,56.72,1.05,1
823.llvm_s-insn_recog_0005-15B,bw200_nopf,0.67366,0,0,1
823.llvm_s-insn_recog_0005-15B,bw200_pythia,0.65835,0,0,1
823.llvm_s-insn_recog_0005-15B,bw200_normal,0.67986,93.94,96.95,1
823.llvm_s-insn_recog_0005-15B,bw200_normal_pythia,0.64588,85.1,74.95,1
823.llvm_s-insn_recog_0005-15B,bw200_xpt,0.6764,99.0,21.11,1
823.llvm_s-insn_recog_0005-15B,bw200_xpt_pythia,0.65578,49.58,1.92,1
823.llvm_s-insn_recog_0005-15B,bw400_nopf,0.90182,0,0,1
823.llvm_s-insn_recog_0005-15B,bw400_pythia,0.92098,0,0,1
823.llvm_s-insn_recog_0005-15B,bw400_normal,0.92257,93.95,96.96,1
823.llvm_s-insn_recog_0005-15B,bw400_normal_pythia,0.91993,84.63,69.33,1
823.llvm_s-insn_recog_0005-15B,bw400_xpt,0.90712,99.0,21.12,1
823.llvm_s-insn_recog_0005-15B,bw400_xpt_pythia,0.91833,48.6,1.78,1
823.llvm_s-insn_recog_0005-15B,bw800_nopf,1.06247,0,0,1
823.llvm_s-insn_recog_0005-15B,bw800_pythia,1.11437,0,0,1
823.llvm_s-insn_recog_0005-15B,bw800_normal,1.09721,93.97,96.98,1
823.llvm_s-insn_recog_0005-15B,bw800_normal_pythia,1.12317,84.05,69.54,1
823.llvm_s-insn_recog_0005-15B,bw800_xpt,1.07024,99.0,21.11,1
823.llvm_s-insn_recog_0005-15B,bw800_xpt_pythia,1.11159,42.24,1.3,1
823.llvm_s-insn_recog_0005-15B,bw1600_nopf,1.15213,0,0,1
823.llvm_s-insn_recog_0005-15B,bw1600_pythia,1.23037,0,0,1
823.llvm_s-insn_recog_0005-15B,bw1600_normal,1.19656,93.98,97.01,1
823.llvm_s-insn_recog_0005-15B,bw1600_normal_pythia,1.24417,84.54,66.02,1
823.llvm_s-insn_recog_0005-15B,bw1600_xpt,1.16169,99.0,21.11,1
823.llvm_s-insn_recog_0005-15B,bw1600_xpt_pythia,1.22966,39.67,0.99,1
823.llvm_s-insn_recog_0005-15B,bw3200_nopf,1.1932,0,0,1
823.llvm_s-insn_recog_0005-15B,bw3200_pythia,1.28621,0,0,1
823.llvm_s-insn_recog_0005-15B,bw3200_normal,1.24182,94.0,97.04,1
823.llvm_s-insn_recog_0005-15B,bw3200_normal_pythia,1.30312,84.59,65.97,1
823.llvm_s-insn_recog_0005-15B,bw3200_xpt,1.20353,99.0,21.08,1
823.llvm_s-insn_recog_0005-15B,bw3200_xpt_pythia,1.28886,37.76,0.83,1
823.llvm_s-insn_recog_0005-15B,bw6400_nopf,1.20948,0,0,1
823.llvm_s-insn_recog_0005-15B,bw6400_pythia,1.30791,0,0,1
823.llvm_s-insn_recog_0005-15B,bw6400_normal,1.25942,94.0,97.04,1
823.llvm_s-insn_recog_0005-15B,bw6400_normal_pythia,1.32149,84.59,65.71,1
823.llvm_s-insn_recog_0005-15B,bw6400_xpt,1.22016,99.0,21.08,1
823.llvm_s-insn_recog_0005-15B,bw6400_xpt_pythia,1.30701,35.17,0.73,1
823.llvm_s-insn_recog_0005-26B,bw200_nopf,1.03676,0,0,1
823.llvm_s-insn_recog_0005-26B,bw200_pythia,1.00558,0,0,1
823.llvm_s-insn_recog_0005-26B,bw200_normal,1.06044,98.91,98.6,1
823.llvm_s-insn_recog_0005-26B,bw200_normal_pythia,0.99775,84.86,66.5,1
823.llvm_s-insn_recog_0005-26B,bw200_xpt,1.04336,99.66,32.72,1
823.llvm_s-insn_recog_0005-26B,bw200_xpt_pythia,1.00025,37.82,4.63,1
823.llvm_s-insn_recog_0005-26B,bw400_nopf,1.12935,0,0,1
823.llvm_s-insn_recog_0005-26B,bw400_pythia,1.16139,0,0,1
823.llvm_s-insn_recog_0005-26B,bw400_normal,1.17499,98.9,98.6,1
823.llvm_s-insn_recog_0005-26B,bw400_normal_pythia,1.17066,85.39,60.59,1
823.llvm_s-insn_recog_0005-26B,bw400_xpt,1.14294,99.66,32.71,1
823.llvm_s-insn_recog_0005-26B,bw400_xpt_pythia,1.16104,38.03,3.11,1
823.llvm_s-insn_recog_0005-26B,bw800_nopf,1.15406,0,0,1
823.llvm_s-insn_recog_0005-26B,bw800_pythia,1.22238,0,0,1
823.llvm_s-insn_recog_0005-26B,bw800_normal,1.20894,98.92,98.63,1
823.llvm_s-insn_recog_0005-26B,bw800_normal_pythia,1.23687,85.69,57.6,1
823.llvm_s-insn_recog_0005-26B,bw800_xpt,1.1702,99.66,32.67,1
823.llvm_s-insn_recog_0005-26B,bw800_xpt_pythia,1.22421,45.35,2.62,1
823.llvm_s-insn_recog_0005-26B,bw1600_nopf,1.16228,0,0,1
823.llvm_s-insn_recog_0005-26B,bw1600_pythia,1.23438,0,0,1
823.llvm_s-insn_recog_0005-26B,bw1600_normal,1.2197,98.95,98.61,1
823.llvm_s-insn_recog_0005-26B,bw1600_normal_pythia,1.25351,85.87,55.43,1
823.llvm_s-insn_recog_0005-26B,bw1600_xpt,1.17933,99.65,32.63,1
823.llvm_s-insn_recog_0005-26B,bw1600_xpt_pythia,1.24432,49.33,2.51,1
823.llvm_s-insn_recog_0005-26B,bw3200_nopf,1.16533,0,0,1
823.llvm_s-insn_recog_0005-26B,bw3200_pythia,1.24053,0,0,1
823.llvm_s-insn_recog_0005-26B,bw3200_normal,1.22322,98.96,98.62,1
823.llvm_s-insn_recog_0005-26B,bw3200_normal_pythia,1.2585,85.48,56.1,1
823.llvm_s-insn_recog_0005-26B,bw3200_xpt,1.18237,99.66,32.58,1
823.llvm_s-insn_recog_0005-26B,bw3200_xpt_pythia,1.24631,46.76,2.2,1
823.llvm_s-insn_recog_0005-26B,bw6400_nopf,1.16602,0,0,1
823.llvm_s-insn_recog_0005-26B,bw6400_pythia,1.24593,0,0,1
823.llvm_s-insn_recog_0005-26B,bw6400_normal,1.22434,98.98,98.62,1
823.llvm_s-insn_recog_0005-26B,bw6400_normal_pythia,1.26102,85.53,56.17,1
823.llvm_s-insn_recog_0005-26B,bw6400_xpt,1.18307,99.65,32.61,1
823.llvm_s-insn_recog_0005-26B,bw6400_xpt_pythia,1.24496,47.31,2.2,1
823.llvm_s-inst_constrs_3_0017-27B,bw200_nopf,1.04011,0,0,1
823.llvm_s-inst_constrs_3_0017-27B,bw200_pythia,0.95689,0,0,1
823.llvm_s-inst_constrs_3_0017-27B,bw200_normal,1.05668,98.24,96.67,1
823.llvm_s-inst_constrs_3_0017-27B,bw200_normal_pythia,0.93731,82.07,71.08,1
823.llvm_s-inst_constrs_3_0017-27B,bw200_xpt,1.04621,99.82,37.43,1
823.llvm_s-inst_constrs_3_0017-27B,bw200_xpt_pythia,0.95246,39.36,6.69,1
823.llvm_s-inst_constrs_3_0017-27B,bw400_nopf,1.10047,0,0,1
823.llvm_s-inst_constrs_3_0017-27B,bw400_pythia,1.09929,0,0,1
823.llvm_s-inst_constrs_3_0017-27B,bw400_normal,1.14802,98.21,96.7,1
823.llvm_s-inst_constrs_3_0017-27B,bw400_normal_pythia,1.10926,81.6,67.44,1
823.llvm_s-inst_constrs_3_0017-27B,bw400_xpt,1.11369,99.83,37.44,1
823.llvm_s-inst_constrs_3_0017-27B,bw400_xpt_pythia,1.09894,36.67,3.37,1
823.llvm_s-inst_constrs_3_0017-27B,bw800_nopf,1.11489,0,0,1
823.llvm_s-inst_constrs_3_0017-27B,bw800_pythia,1.14483,0,0,1
823.llvm_s-inst_constrs_3_0017-27B,bw800_normal,1.16833,98.22,96.72,1
823.llvm_s-inst_constrs_3_0017-27B,bw800_normal_pythia,1.16732,81.45,63.98,1
823.llvm_s-inst_constrs_3_0017-27B,bw800_xpt,1.12884,99.82,37.42,1
823.llvm_s-inst_constrs_3_0017-27B,bw800_xpt_pythia,1.14503,35.91,1.98,1
823.llvm_s-inst_constrs_3_0017-27B,bw1600_nopf,1.11885,0,0,1
823.llvm_s-inst_constrs_3_0017-27B,bw1600_pythia,1.15564,0,0,1
823.llvm_s-inst_constrs_3_0017-27B,bw1600_normal,1.17284,98.21,96.71,1
823.llvm_s-inst_constrs_3_0017-27B,bw1600_normal_pythia,1.1817,81.4,62.79,1
823.llvm_s-inst_constrs_3_0017-27B,bw1600_xpt,1.13262,99.82,37.42,1
823.llvm_s-inst_constrs_3_0017-27B,bw1600_xpt_pythia,1.15626,36.08,1.94,1
823.llvm_s-inst_constrs_3_0017-27B,bw3200_nopf,1.12031,0,0,1
823.llvm_s-inst_constrs_3_0017-27B,bw3200_pythia,1.15792,0,0,1
823.llvm_s-inst_constrs_3_0017-27B,bw3200_normal,1.17441,98.22,96.71,1
823.llvm_s-inst_constrs_3_0017-27B,bw3200_normal_pythia,1.18301,81.21,62.65,1
823.llvm_s-inst_constrs_3_0017-27B,bw3200_xpt,1.13408,99.82,37.43,1
823.llvm_s-inst_constrs_3_0017-27B,bw3200_xpt_pythia,1.15841,37.0,2.19,1
823.llvm_s-inst_constrs_3_0017-27B,bw6400_nopf,1.12065,0,0,1
823.llvm_s-inst_constrs_3_0017-27B,bw6400_pythia,1.1593,0,0,1
823.llvm_s-inst_constrs_3_0017-27B,bw6400_normal,1.17485,98.22,96.69,1
823.llvm_s-inst_constrs_3_0017-27B,bw6400_normal_pythia,1.18299,81.54,63.25,1
823.llvm_s-inst_constrs_3_0017-27B,bw6400_xpt,1.13437,99.83,37.43,1
823.llvm_s-inst_constrs_3_0017-27B,bw6400_xpt_pythia,1.16009,34.17,1.75,1
823.llvm_s-inst_constrs_3_0017-35B,bw200_nopf,1.07539,0,0,1
823.llvm_s-inst_constrs_3_0017-35B,bw200_pythia,1.09387,0,0,1
823.llvm_s-inst_constrs_3_0017-35B,bw200_normal,1.1143,98.74,99.78,1
823.llvm_s-inst_constrs_3_0017-35B,bw200_normal_pythia,1.10516,96.01,91.3,1
823.llvm_s-inst_constrs_3_0017-35B,bw200_xpt,1.08185,99.99,20.18,1
823.llvm_s-inst_constrs_3_0017-35B,bw200_xpt_pythia,1.09161,46.5,0.06,1
823.llvm_s-inst_constrs_3_0017-35B,bw400_nopf,1.19145,0,0,1
823.llvm_s-inst_constrs_3_0017-35B,bw400_pythia,1.26234,0,0,1
823.llvm_s-inst_constrs_3_0017-35B,bw400_normal,1.24908,98.74,99.78,1
823.llvm_s-inst_constrs_3_0017-35B,bw400_normal_pythia,1.2936,91.59,71.02,1
823.llvm_s-inst_constrs_3_0017-35B,bw400_xpt,1.20033,99.99,20.22,1
823.llvm_s-inst_constrs_3_0017-35B,bw400_xpt_pythia,1.26368,48.8,0.03,1
823.llvm_s-inst_constrs_3_0017-35B,bw800_nopf,1.23517,0,0,1
823.llvm_s-inst_constrs_3_0017-35B,bw800_pythia,1.32793,0,0,1
823.llvm_s-inst_constrs_3_0017-35B,bw800_normal,1.29927,98.73,99.78,1
823.llvm_s-inst_constrs_3_0017-35B,bw800_normal_pythia,1.36886,93.33,71.64,1
823.llvm_s-inst_constrs_3_0017-35B,bw800_xpt,1.24487,99.99,20.64,1
823.llvm_s-inst_constrs_3_0017-35B,bw800_xpt_pythia,1.32733,46.74,0.02,1
823.llvm_s-inst_constrs_3_0017-35B,bw1600_nopf,1.25273,0,0,1
823.llvm_s-inst_constrs_3_0017-35B,bw1600_pythia,1.35605,0,0,1
823.llvm_s-inst_constrs_3_0017-35B,bw1600_normal,1.31786,98.7,99.77,1
823.llvm_s-inst_constrs_3_0017-35B,bw1600_normal_pythia,1.38236,92.14,72.49,1
823.llvm_s-inst_constrs_3_0017-35B,bw1600_xpt,1.26262,99.99,20.82,1
823.llvm_s-inst_constrs_3_0017-35B,bw1600_xpt_pythia,1.35131,42.49,0.02,1
823.llvm_s-inst_constrs_3_0017-35B,bw3200_nopf,1.25923,0,0,1
823.llvm_s-inst_constrs_3_0017-35B,bw3200_pythia,1.3557,0,0,1
823.llvm_s-inst_constrs_3_0017-35B,bw3200_normal,1.32428,98.66,99.76,1
823.llvm_s-inst_constrs_3_0017-35B,bw3200_normal_pythia,1.39614,91.91,70.97,1
823.llvm_s-inst_constrs_3_0017-35B,bw3200_xpt,1.26922,99.99,20.82,1
823.llvm_s-inst_constrs_3_0017-35B,bw3200_xpt_pythia,1.35981,40.35,0.01,1
823.llvm_s-inst_constrs_3_0017-35B,bw6400_nopf,1.26043,0,0,1
823.llvm_s-inst_constrs_3_0017-35B,bw6400_pythia,1.36573,0,0,1
823.llvm_s-inst_constrs_3_0017-35B,bw6400_normal,1.32555,98.65,99.76,1
823.llvm_s-inst_constrs_3_0017-35B,bw6400_normal_pythia,1.39111,92.82,72.24,1
823.llvm_s-inst_constrs_3_0017-35B,bw6400_xpt,1.27045,99.99,20.82,1
823.llvm_s-inst_constrs_3_0017-35B,bw6400_xpt_pythia,1.35892,44.3,0.02,1
823.llvm_s-matrix_free_0013-7B,bw200_nopf,0.29541,0,0,1
823.llvm_s-matrix_free_0013-7B,bw200_pythia,0.24085,0,0,1
823.llvm_s-matrix_free_0013-7B,bw200_normal,0.29194,94.03,97.13,1
823.llvm_s-matrix_free_0013-7B,bw200_normal_pythia,0.2253,81.22,87.92,1
823.llvm_s-matrix_free_0013-7B,bw200_xpt,0.29645,99.14,15.78,1
823.llvm_s-matrix_free_0013-7B,bw200_xpt_pythia,0.24031,56.97,1.42,1
823.llvm_s-matrix_free_0013-7B,bw400_nopf,0.43875,0,0,1
823.llvm_s-matrix_free_0013-7B,bw400_pythia,0.40858,0,0,1
823.llvm_s-matrix_free_0013-7B,bw400_normal,0.45055,94.02,97.14,1
823.llvm_s-matrix_free_0013-7B,bw400_normal_pythia,0.39594,81.38,87.11,1
823.llvm_s-matrix_free_0013-7B,bw400_xpt,0.44305,99.13,15.77,1
823.llvm_s-matrix_free_0013-7B,bw400_xpt_pythia,0.40835,57.8,0.95,1
823.llvm_s-matrix_free_0013-7B,bw800_nopf,0.53367,0,0,1
823.llvm_s-matrix_free_0013-7B,bw800_pythia,0.56663,0,0,1
823.llvm_s-matrix_free_0013-7B,bw800_normal,0.56722,94.02,97.13,1
823.llvm_s-matrix_free_0013-7B,bw800_normal_pythia,0.57049,80.85,85.76,1
823.llvm_s-matrix_free_0013-7B,bw800_xpt,0.54163,99.14,15.73,1
823.llvm_s-matrix_free_0013-7B,bw800_xpt_pythia,0.5656,67.43,2.4,1
823.llvm_s-matrix_free_0013-7B,bw1600_nopf,0.58001,0,0,1
823.llvm_s-matrix_free_0013-7B,bw1600_pythia,0.64861,0,0,1
823.llvm_s-matrix_free_0013-7B,bw1600_normal,0.62494,94.02,97.14,1
823.llvm_s-matrix_free_0013-7B,bw1600_normal_pythia,0.67227,80.82,84.81,1
823.llvm_s-matrix_free_0013-7B,bw1600_xpt,0.58965,99.14,15.71,1
823.llvm_s-matrix_free_0013-7B,bw1600_xpt_pythia,0.64769,62.65,1.95,1
823.llvm_s-matrix_free_0013-7B,bw3200_nopf,0.60101,0,0,1
823.llvm_s-matrix_free_0013-7B,bw3200_pythia,0.68695,0,0,1
823.llvm_s-matrix_free_0013-7B,bw3200_normal,0.65085,94.02,97.14,1
823.llvm_s-matrix_free_0013-7B,bw3200_normal_pythia,0.70901,80.73,83.94,1
823.llvm_s-matrix_free_0013-7B,bw3200_xpt,0.61147,99.14,15.7,1
823.llvm_s-matrix_free_0013-7B,bw3200_xpt_pythia,0.68885,48.34,0.29,1
823.llvm_s-matrix_free_0013-7B,bw6400_nopf,0.60832,0,0,1
823.llvm_s-matrix_free_0013-7B,bw6400_pythia,0.70339,0,0,1
823.llvm_s-matrix_free_0013-7B,bw6400_normal,0.65986,94.02,97.13,1
823.llvm_s-matrix_free_0013-7B,bw6400_normal_pythia,0.72257,81.3,82.19,1
823.llvm_s-matrix_free_0013-7B,bw6400_xpt,0.61906,99.13,15.7,1
823.llvm_s-matrix_free_0013-7B,bw6400_xpt_pythia,0.70086,58.71,0.43,1
823.llvm_s-matrix_free_0019-11B,bw200_nopf,0.72366,0,0,1
823.llvm_s-matrix_free_0019-11B,bw200_pythia,0.68713,0,0,1
823.llvm_s-matrix_free_0019-11B,bw200_normal,0.7364,94.87,98.56,1
823.llvm_s-matrix_free_0019-11B,bw200_normal_pythia,0.67912,86.23,90.38,1
823.llvm_s-matrix_free_0019-11B,bw200_xpt,0.72628,98.46,8.4,1
823.llvm_s-matrix_free_0019-11B,bw200_xpt_pythia,0.68684,59.32,0.92,1
823.llvm_s-matrix_free_0019-11B,bw400_nopf,0.79072,0,0,1
823.llvm_s-matrix_free_0019-11B,bw400_pythia,0.80483,0,0,1
823.llvm_s-matrix_free_0019-11B,bw400_normal,0.81923,94.86,98.56,1
823.llvm_s-matrix_free_0019-11B,bw400_normal_pythia,0.82203,86.37,91.21,1
823.llvm_s-matrix_free_0019-11B,bw400_xpt,0.79454,98.52,8.4,1
823.llvm_s-matrix_free_0019-11B,bw400_xpt_pythia,0.80428,59.56,0.95,1
823.llvm_s-matrix_free_0019-11B,bw800_nopf,0.81537,0,0,1
823.llvm_s-matrix_free_0019-11B,bw800_pythia,0.84929,0,0,1
823.llvm_s-matrix_free_0019-11B,bw800_normal,0.85078,94.87,98.56,1
823.llvm_s-matrix_free_0019-11B,bw800_normal_pythia,0.87292,85.97,88.34,1
823.llvm_s-matrix_free_0019-11B,bw800_xpt,0.81937,98.49,8.37,1
823.llvm_s-matrix_free_0019-11B,bw800_xpt_pythia,0.84833,60.82,0.78,1
823.llvm_s-matrix_free_0019-11B,bw1600_nopf,0.82452,0,0,1
823.llvm_s-matrix_free_0019-11B,bw1600_pythia,0.86363,0,0,1
823.llvm_s-matrix_free_0019-11B,bw1600_normal,0.8618,94.81,98.58,1
823.llvm_s-matrix_free_0019-11B,bw1600_normal_pythia,0.8917,86.02,88.64,1
823.llvm_s-matrix_free_0019-11B,bw1600_xpt,0.82857,98.48,8.37,1
823.llvm_s-matrix_free_0019-11B,bw1600_xpt_pythia,0.8646,65.23,0.74,1
823.llvm_s-matrix_free_0019-11B,bw3200_nopf,0.82786,0,0,1
823.llvm_s-matrix_free_0019-11B,bw3200_pythia,0.87097,0,0,1
823.llvm_s-matrix_free_0019-11B,bw3200_normal,0.86563,94.79,98.58,1
823.llvm_s-matrix_free_0019-11B,bw3200_normal_pythia,0.89843,86.25,88.32,1
823.llvm_s-matrix_free_0019-11B,bw3200_xpt,0.83186,98.47,8.33,1
823.llvm_s-matrix_free_0019-11B,bw3200_xpt_pythia,0.86973,65.2,0.69,1
823.llvm_s-matrix_free_0019-11B,bw6400_nopf,0.82922,0,0,1
823.llvm_s-matrix_free_0019-11B,bw6400_pythia,0.87151,0,0,1
823.llvm_s-matrix_free_0019-11B,bw6400_normal,0.86721,94.81,98.55,1
823.llvm_s-matrix_free_0019-11B,bw6400_normal_pythia,0.8997,86.58,88.41,1
823.llvm_s-matrix_free_0019-11B,bw6400_xpt,0.83319,98.48,8.33,1
823.llvm_s-matrix_free_0019-11B,bw6400_xpt_pythia,0.87017,65.78,0.69,1
823.llvm_s-matrix_free_0019-7B,bw200_nopf,0.30234,0,0,1
823.llvm_s-matrix_free_0019-7B,bw200_pythia,0.24632,0,0,1
823.llvm_s-matrix_free_0019-7B,bw200_normal,0.29895,94.05,97.1,1
823.llvm_s-matrix_free_0019-7B,bw200_normal_pythia,0.23329,81.26,89.24,1
823.llvm_s-matrix_free_0019-7B,bw200_xpt,0.30333,99.09,16.02,1
823.llvm_s-matrix_free_0019-7B,bw200_xpt_pythia,0.24667,56.82,1.09,1
823.llvm_s-matrix_free_0019-7B,bw400_nopf,0.44808,0,0,1
823.llvm_s-matrix_free_0019-7B,bw400_pythia,0.41776,0,0,1
823.llvm_s-matrix_free_0019-7B,bw400_normal,0.45969,94.06,97.09,1
823.llvm_s-matrix_free_0019-7B,bw400_normal_pythia,0.40522,81.36,87.47,1
823.llvm_s-matrix_free_0019-7B,bw400_xpt,0.45231,99.09,16.01,1
823.llvm_s-matrix_free_0019-7B,bw400_xpt_pythia,0.41674,65.37,2.42,1
823.llvm_s-matrix_free_0019-7B,bw800_nopf,0.54557,0,0,1
823.llvm_s-matrix_free_0019-7B,bw800_pythia,0.57491,0,0,1
823.llvm_s-matrix_free_0019-7B,bw800_normal,0.57835,94.05,97.11,1
823.llvm_s-matrix_free_0019-7B,bw800_normal_pythia,0.58334,81.4,84.7,1
823.llvm_s-matrix_free_0019-7B,bw800_xpt,0.55345,99.09,15.97,1
823.llvm_s-matrix_free_0019-7B,bw800_xpt_pythia,0.57636,58.13,0.62,1
823.llvm_s-matrix_free_0019-7B,bw1600_nopf,0.59351,0,0,1
823.llvm_s-matrix_free_0019-7B,bw1600_pythia,0.66899,0,0,1
823.llvm_s-matrix_free_0019-7B,bw1600_normal,0.63768,94.04,97.12,1
823.llvm_s-matrix_free_0019-7B,bw1600_normal_pythia,0.68587,80.87,85.1,1
823.llvm_s-matrix_free_0019-7B,bw1600_xpt,0.60313,99.09,15.94,1
823.llvm_s-matrix_free_0019-7B,bw1600_xpt_pythia,0.66166,62.9,1.88,1
823.llvm_s-matrix_free_0019-7B,bw3200_nopf,0.61553,0,0,1
823.llvm_s-matrix_free_0019-7B,bw3200_pythia,0.70103,0,0,1
823.llvm_s-matrix_free_0019-7B,bw3200_normal,0.66459,94.04,97.13,1
823.llvm_s-matrix_free_0019-7B,bw3200_normal_pythia,0.72519,80.95,81.59,1
823.llvm_s-matrix_free_0019-7B,bw3200_xpt,0.62591,99.09,15.93,1
823.llvm_s-matrix_free_0019-7B,bw3200_xpt_pythia,0.70723,57.55,0.45,1
823.llvm_s-matrix_free_0019-7B,bw6400_nopf,0.62335,0,0,1
823.llvm_s-matrix_free_0019-7B,bw6400_pythia,0.71716,0,0,1
823.llvm_s-matrix_free_0019-7B,bw6400_normal,0.67406,94.04,97.11,1
823.llvm_s-matrix_free_0019-7B,bw6400_normal_pythia,0.74095,81.56,81.03,1
823.llvm_s-matrix_free_0019-7B,bw6400_xpt,0.63401,99.09,15.93,1
823.llvm_s-matrix_free_0019-7B,bw6400_xpt_pythia,0.71924,57.38,0.53,1
823.llvm_s-modelsmodule_0004-24B,bw200_nopf,0.95592,0,0,1
823.llvm_s-modelsmodule_0004-24B,bw200_pythia,0.95947,0,0,1
823.llvm_s-modelsmodule_0004-24B,bw200_normal,1.00083,98.02,99.85,1
823.llvm_s-modelsmodule_0004-24B,bw200_normal_pythia,0.96234,84.37,78.35,1
823.llvm_s-modelsmodule_0004-24B,bw200_xpt,0.96755,99.98,18.48,1
823.llvm_s-modelsmodule_0004-24B,bw200_xpt_pythia,0.95949,38.24,0.16,1
823.llvm_s-modelsmodule_0004-24B,bw400_nopf,0.99826,0,0,1
823.llvm_s-modelsmodule_0004-24B,bw400_pythia,1.07646,0,0,1
823.llvm_s-modelsmodule_0004-24B,bw400_normal,1.05894,98.06,99.85,1
823.llvm_s-modelsmodule_0004-24B,bw400_normal_pythia,1.09329,84.46,77.85,1
823.llvm_s-modelsmodule_0004-24B,bw400_xpt,1.01389,99.98,18.48,1
823.llvm_s-modelsmodule_0004-24B,bw400_xpt_pythia,1.07657,39.25,0.14,1
823.llvm_s-modelsmodule_0004-24B,bw800_nopf,1.00796,0,0,1
823.llvm_s-modelsmodule_0004-24B,bw800_pythia,1.10358,0,0,1
823.llvm_s-modelsmodule_0004-24B,bw800_normal,1.07142,98.06,99.85,1
823.llvm_s-modelsmodule_0004-24B,bw800_normal_pythia,1.12797,84.21,76.4,1
823.llvm_s-modelsmodule_0004-24B,bw800_xpt,1.02411,99.98,18.48,1
823.llvm_s-modelsmodule_0004-24B,bw800_xpt_pythia,1.10368,34.81,0.07,1
823.llvm_s-modelsmodule_0004-24B,bw1600_nopf,1.01127,0,0,1
823.llvm_s-modelsmodule_0004-24B,bw1600_pythia,1.10917,0,0,1
823.llvm_s-modelsmodule_0004-24B,bw1600_normal,1.07497,98.05,99.85,1
823.llvm_s-modelsmodule_0004-24B,bw1600_normal_pythia,1.13407,83.44,75.02,1
823.llvm_s-modelsmodule_0004-24B,bw1600_xpt,1.02764,99.98,18.48,1
823.llvm_s-modelsmodule_0004-24B,bw1600_xpt_pythia,1.10885,34.23,0.07,1
823.llvm_s-modelsmodule_0004-24B,bw3200_nopf,1.01242,0,0,1
823.llvm_s-modelsmodule_0004-24B,bw3200_pythia,1.11049,0,0,1
823.llvm_s-modelsmodule_0004-24B,bw3200_normal,1.07621,98.06,99.85,1
823.llvm_s-modelsmodule_0004-24B,bw3200_normal_pythia,1.13515,83.51,75.09,1
823.llvm_s-modelsmodule_0004-24B,bw3200_xpt,1.02885,99.98,18.48,1
823.llvm_s-modelsmodule_0004-24B,bw3200_xpt_pythia,1.11081,33.58,0.06,1
823.llvm_s-modelsmodule_0004-24B,bw6400_nopf,1.01274,0,0,1
823.llvm_s-modelsmodule_0004-24B,bw6400_pythia,1.11074,0,0,1
823.llvm_s-modelsmodule_0004-24B,bw6400_normal,1.07655,98.06,99.85,1
823.llvm_s-modelsmodule_0004-24B,bw6400_normal_pythia,1.13521,83.6,75.18,1
823.llvm_s-modelsmodule_0004-24B,bw6400_xpt,1.02919,99.98,18.48,1
823.llvm_s-modelsmodule_0004-24B,bw6400_xpt_pythia,1.11097,34.49,0.07,1
823.llvm_s-modelsmodule_0010-23B,bw200_nopf,1.0515,0,0,1
823.llvm_s-modelsmodule_0010-23B,bw200_pythia,1.03255,0,0,1
823.llvm_s-modelsmodule_0010-23B,bw200_normal,1.08709,97.36,99.62,1
823.llvm_s-modelsmodule_0010-23B,bw200_normal_pythia,1.02978,90.89,87.68,1
823.llvm_s-modelsmodule_0010-23B,bw200_xpt,1.05969,99.96,17.83,1
823.llvm_s-modelsmodule_0010-23B,bw200_xpt_pythia,1.03061,52.11,0.38,1
823.llvm_s-modelsmodule_0010-23B,bw400_nopf,1.16143,0,0,1
823.llvm_s-modelsmodule_0010-23B,bw400_pythia,1.21109,0,0,1
823.llvm_s-modelsmodule_0010-23B,bw400_normal,1.21967,97.36,99.62,1
823.llvm_s-modelsmodule_0010-23B,bw400_normal_pythia,1.23774,91.08,86.95,1
823.llvm_s-modelsmodule_0010-23B,bw400_xpt,1.17297,99.96,17.88,1
823.llvm_s-modelsmodule_0010-23B,bw400_xpt_pythia,1.20869,50.48,0.31,1
823.llvm_s-modelsmodule_0010-23B,bw800_nopf,1.20112,0,0,1
823.llvm_s-modelsmodule_0010-23B,bw800_pythia,1.27668,0,0,1
823.llvm_s-modelsmodule_0010-23B,bw800_normal,1.26704,97.36,99.62,1
823.llvm_s-modelsmodule_0010-23B,bw800_normal_pythia,1.31759,85.51,70.41,1
823.llvm_s-modelsmodule_0010-23B,bw800_xpt,1.21366,99.96,17.99,1
823.llvm_s-modelsmodule_0010-23B,bw800_xpt_pythia,1.2795,47.58,0.24,1
823.llvm_s-modelsmodule_0010-23B,bw1600_nopf,1.21594,0,0,1
823.llvm_s-modelsmodule_0010-23B,bw1600_pythia,1.30676,0,0,1
823.llvm_s-modelsmodule_0010-23B,bw1600_normal,1.28326,97.33,99.61,1
823.llvm_s-modelsmodule_0010-23B,bw1600_normal_pythia,1.33926,86.52,69.16,1
823.llvm_s-modelsmodule_0010-23B,bw1600_xpt,1.22873,99.96,18.13,1
823.llvm_s-modelsmodule_0010-23B,bw1600_xpt_pythia,1.30412,38.66,0.12,1
823.llvm_s-modelsmodule_0010-23B,bw3200_nopf,1.22123,0,0,1
823.llvm_s-modelsmodule_0010-23B,bw3200_pythia,1.30583,0,0,1
823.llvm_s-modelsmodule_0010-23B,bw3200_normal,1.28856,97.29,99.61,1
823.llvm_s-modelsmodule_0010-23B,bw3200_normal_pythia,1.34193,85.77,70.35,1
823.llvm_s-modelsmodule_0010-23B,bw3200_xpt,1.23411,99.96,18.13,1
823.llvm_s-modelsmodule_0010-23B,bw3200_xpt_pythia,1.3064,45.55,0.21,1
823.llvm_s-modelsmodule_0010-23B,bw6400_nopf,1.22235,0,0,1
823.llvm_s-modelsmodule_0010-23B,bw6400_pythia,1.31073,0,0,1
823.llvm_s-modelsmodule_0010-23B,bw6400_normal,1.28972,97.27,99.61,1
823.llvm_s-modelsmodule_0010-23B,bw6400_normal_pythia,1.34568,86.4,69.74,1
823.llvm_s-modelsmodule_0010-23B,bw6400_xpt,1.23523,99.96,18.13,1
823.llvm_s-modelsmodule_0010-23B,bw6400_xpt_pythia,1.31135,38.27,0.11,1
823.llvm_s-particle_handler_0015-13B,bw200_nopf,0.95819,0,0,1
823.llvm_s-particle_handler_0015-13B,bw200_pythia,0.91226,0,0,1
823.llvm_s-particle_handler_0015-13B,bw200_normal,0.97337,95.17,97.26,1
823.llvm_s-particle_handler_0015-13B,bw200_normal_pythia,0.87905,78.82,75.87,1
823.llvm_s-particle_handler_0015-13B,bw200_xpt,0.96465,98.88,28.29,1
823.llvm_s-particle_handler_0015-13B,bw200_xpt_pythia,0.90039,42.96,4.79,1
823.llvm_s-particle_handler_0015-13B,bw400_nopf,1.0575,0,0,1
823.llvm_s-particle_handler_0015-13B,bw400_pythia,1.08702,0,0,1
823.llvm_s-particle_handler_0015-13B,bw400_normal,1.10406,95.16,97.23,1
823.llvm_s-particle_handler_0015-13B,bw400_normal_pythia,1.08826,77.25,70.38,1
823.llvm_s-particle_handler_0015-13B,bw400_xpt,1.07328,98.87,28.28,1
823.llvm_s-particle_handler_0015-13B,bw400_xpt_pythia,1.08351,37.75,2.37,1
823.llvm_s-particle_handler_0015-13B,bw800_nopf,1.08454,0,0,1
823.llvm_s-particle_handler_0015-13B,bw800_pythia,1.14789,0,0,1
823.llvm_s-particle_handler_0015-13B,bw800_normal,1.1434,95.15,97.24,1
823.llvm_s-particle_handler_0015-13B,bw800_normal_pythia,1.16625,76.57,65.49,1
823.llvm_s-particle_handler_0015-13B,bw800_xpt,1.10352,98.88,28.26,1
823.llvm_s-particle_handler_0015-13B,bw800_xpt_pythia,1.14727,36.81,1.58,1
823.llvm_s-particle_handler_0015-13B,bw1600_nopf,1.09244,0,0,1
823.llvm_s-particle_handler_0015-13B,bw1600_pythia,1.1655,0,0,1
823.llvm_s-particle_handler_0015-13B,bw1600_normal,1.1536,95.16,97.23,1
823.llvm_s-particle_handler_0015-13B,bw1600_normal_pythia,1.18215,76.73,64.64,1
823.llvm_s-particle_handler_0015-13B,bw1600_xpt,1.11182,98.88,28.25,1
823.llvm_s-particle_handler_0015-13B,bw1600_xpt_pythia,1.16643,35.95,1.38,1
823.llvm_s-particle_handler_0015-13B,bw3200_nopf,1.09446,0,0,1
823.llvm_s-particle_handler_0015-13B,bw3200_pythia,1.17025,0,0,1
823.llvm_s-particle_handler_0015-13B,bw3200_normal,1.15609,95.15,97.24,1
823.llvm_s-particle_handler_0015-13B,bw3200_normal_pythia,1.19149,77.53,64.87,1
823.llvm_s-particle_handler_0015-13B,bw3200_xpt,1.11388,98.88,28.25,1
823.llvm_s-particle_handler_0015-13B,bw3200_xpt_pythia,1.17172,34.86,1.19,1
823.llvm_s-particle_handler_0015-13B,bw6400_nopf,1.09493,0,0,1
823.llvm_s-particle_handler_0015-13B,bw6400_pythia,1.16827,0,0,1
823.llvm_s-particle_handler_0015-13B,bw6400_normal,1.15676,95.15,97.23,1
823.llvm_s-particle_handler_0015-13B,bw6400_normal_pythia,1.19626,77.65,63.47,1
823.llvm_s-particle_handler_0015-13B,bw6400_xpt,1.11435,98.88,28.25,1
823.llvm_s-particle_handler_0015-13B,bw6400_xpt_pythia,1.16528,36.05,1.46,1
823.llvm_s-particle_handler_0015-5B,bw200_nopf,0.73462,0,0,1
823.llvm_s-particle_handler_0015-5B,bw200_pythia,0.64216,0,0,1
823.llvm_s-particle_handler_0015-5B,bw200_normal,0.73797,96.3,98.89,1
823.llvm_s-particle_handler_0015-5B,bw200_normal_pythia,0.62264,82.6,93.02,1
823.llvm_s-particle_handler_0015-5B,bw200_xpt,0.73606,98.57,12.26,1
823.llvm_s-particle_handler_0015-5B,bw200_xpt_pythia,0.64658,35.1,0.34,1
823.llvm_s-particle_handler_0015-5B,bw400_nopf,0.85234,0,0,1
823.llvm_s-particle_handler_0015-5B,bw400_pythia,0.82783,0,0,1
823.llvm_s-particle_handler_0015-5B,bw400_normal,0.88032,96.3,98.88,1
823.llvm_s-particle_handler_0015-5B,bw400_normal_pythia,0.82632,81.89,91.98,1
823.llvm_s-particle_handler_0015-5B,bw400_xpt,0.85666,98.55,12.26,1
823.llvm_s-particle_handler_0015-5B,bw400_xpt_pythia,0.82738,32.36,0.22,1
823.llvm_s-particle_handler_0015-5B,bw800_nopf,0.88666,0,0,1
823.llvm_s-particle_handler_0015-5B,bw800_pythia,0.90894,0,0,1
823.llvm_s-particle_handler_0015-5B,bw800_normal,0.92945,96.31,98.88,1
823.llvm_s-particle_handler_0015-5B,bw800_normal_pythia,0.92637,79.63,88.65,1
823.llvm_s-particle_handler_0015-5B,bw800_xpt,0.89266,98.57,12.26,1
823.llvm_s-particle_handler_0015-5B,bw800_xpt_pythia,0.91052,47.05,0.31,1
823.llvm_s-particle_handler_0015-5B,bw1600_nopf,0.89521,0,0,1
823.llvm_s-particle_handler_0015-5B,bw1600_pythia,0.93466,0,0,1
823.llvm_s-particle_handler_0015-5B,bw1600_normal,0.94212,96.31,98.87,1
823.llvm_s-particle_handler_0015-5B,bw1600_normal_pythia,0.96007,78.83,73.15,1
823.llvm_s-particle_handler_0015-5B,bw1600_xpt,0.90131,98.58,12.25,1
823.llvm_s-particle_handler_0015-5B,bw1600_xpt_pythia,0.93935,46.89,0.1,1
823.llvm_s-particle_handler_0015-5B,bw3200_nopf,0.89835,0,0,1
823.llvm_s-particle_handler_0015-5B,bw3200_pythia,0.94259,0,0,1
823.llvm_s-particle_handler_0015-5B,bw3200_normal,0.94695,96.3,98.88,1
823.llvm_s-particle_handler_0015-5B,bw3200_normal_pythia,0.9664,78.99,71.54,1
823.llvm_s-particle_handler_0015-5B,bw3200_xpt,0.90446,98.57,12.26,1
823.llvm_s-particle_handler_0015-5B,bw3200_xpt_pythia,0.947,48.77,0.09,1
823.llvm_s-particle_handler_0015-5B,bw6400_nopf,0.89937,0,0,1
823.llvm_s-particle_handler_0015-5B,bw6400_pythia,0.94535,0,0,1
823.llvm_s-particle_handler_0015-5B,bw6400_normal,0.94908,96.31,98.87,1
823.llvm_s-particle_handler_0015-5B,bw6400_normal_pythia,0.96811,79.22,70.54,1
823.llvm_s-particle_handler_0015-5B,bw6400_xpt,0.90547,98.56,12.25,1
823.llvm_s-particle_handler_0015-5B,bw6400_xpt_pythia,0.94694,40.28,0.1,1
823.llvm_s-particle_handler_0018-13B,bw200_nopf,0.97879,0,0,1
823.llvm_s-particle_handler_0018-13B,bw200_pythia,0.93427,0,0,1
823.llvm_s-particle_handler_0018-13B,bw200_normal,0.99406,94.32,96.08,1
823.llvm_s-particle_handler_0018-13B,bw200_normal_pythia,0.90541,78.4,74.75,1
823.llvm_s-particle_handler_0018-13B,bw200_xpt,0.98516,98.94,25.64,1
823.llvm_s-particle_handler_0018-13B,bw200_xpt_pythia,0.92783,40.59,3.29,1
823.llvm_s-particle_handler_0018-13B,bw400_nopf,1.0647,0,0,1
823.llvm_s-particle_handler_0018-13B,bw400_pythia,1.08882,0,0,1
823.llvm_s-particle_handler_0018-13B,bw400_normal,1.10758,94.32,96.03,1
823.llvm_s-particle_handler_0018-13B,bw400_normal_pythia,1.09256,77.56,72.21,1
823.llvm_s-particle_handler_0018-13B,bw400_xpt,1.07791,98.94,25.63,1
823.llvm_s-particle_handler_0018-13B,bw400_xpt_pythia,1.0863,32.56,1.23,1
823.llvm_s-particle_handler_0018-13B,bw800_nopf,1.08625,0,0,1
823.llvm_s-particle_handler_0018-13B,bw800_pythia,1.13736,0,0,1
823.llvm_s-particle_handler_0018-13B,bw800_normal,1.13882,94.32,96.04,1
823.llvm_s-particle_handler_0018-13B,bw800_normal_pythia,1.15783,77.06,69.06,1
823.llvm_s-particle_handler_0018-13B,bw800_xpt,1.1019,98.94,25.62,1
823.llvm_s-particle_handler_0018-13B,bw800_xpt_pythia,1.13538,36.17,1.53,1
823.llvm_s-particle_handler_0018-13B,bw1600_nopf,1.09198,0,0,1
823.llvm_s-particle_handler_0018-13B,bw1600_pythia,1.14815,0,0,1
823.llvm_s-particle_handler_0018-13B,bw1600_normal,1.1466,94.31,96.04,1
823.llvm_s-particle_handler_0018-13B,bw1600_normal_pythia,1.16982,76.83,68.48,1
823.llvm_s-particle_handler_0018-13B,bw1600_xpt,1.10787,98.94,25.61,1
823.llvm_s-particle_handler_0018-13B,bw1600_xpt_pythia,1.14602,36.08,1.31,1
823.llvm_s-particle_handler_0018-13B,bw3200_nopf,1.09356,0,0,1
823.llvm_s-particle_handler_0018-13B,bw3200_pythia,1.16141,0,0,1
823.llvm_s-particle_handler_0018-13B,bw3200_normal,1.14858,94.31,96.03,1
823.llvm_s-particle_handler_0018-13B,bw3200_normal_pythia,1.18137,77.76,67.76,1
823.llvm_s-particle_handler_0018-13B,bw3200_xpt,1.10947,98.94,25.61,1
823.llvm_s-particle_handler_0018-13B,bw3200_xpt_pythia,1.14819,35.23,1.28,1
823.llvm_s-particle_handler_0018-13B,bw6400_nopf,1.094,0,0,1
823.llvm_s-particle_handler_0018-13B,bw6400_pythia,1.14979,0,0,1
823.llvm_s-particle_handler_0018-13B,bw6400_normal,1.14922,94.31,96.04,1
823.llvm_s-particle_handler_0018-13B,bw6400_normal_pythia,1.17243,77.29,69.38,1
823.llvm_s-particle_handler_0018-13B,bw6400_xpt,1.10989,98.94,25.61,1
823.llvm_s-particle_handler_0018-13B,bw6400_xpt_pythia,1.14849,34.68,1.14,1
823.llvm_s-particle_handler_0018-5B,bw200_nopf,0.73683,0,0,1
823.llvm_s-particle_handler_0018-5B,bw200_pythia,0.64929,0,0,1
823.llvm_s-particle_handler_0018-5B,bw200_normal,0.74016,96.33,98.91,1
823.llvm_s-particle_handler_0018-5B,bw200_normal_pythia,0.62986,80.8,89.83,1
823.llvm_s-particle_handler_0018-5B,bw200_xpt,0.73829,98.61,12.11,1
823.llvm_s-particle_handler_0018-5B,bw200_xpt_pythia,0.65223,40.11,0.73,1
823.llvm_s-particle_handler_0018-5B,bw400_nopf,0.85475,0,0,1
823.llvm_s-particle_handler_0018-5B,bw400_pythia,0.83142,0,0,1
823.llvm_s-particle_handler_0018-5B,bw400_normal,0.88253,96.33,98.9,1
823.llvm_s-particle_handler_0018-5B,bw400_normal_pythia,0.8322,80.66,86.22,1
823.llvm_s-particle_handler_0018-5B,bw400_xpt,0.85901,98.6,12.1,1
823.llvm_s-particle_handler_0018-5B,bw400_xpt_pythia,0.83447,43.63,0.73,1
823.llvm_s-particle_handler_0018-5B,bw800_nopf,0.8888,0,0,1
823.llvm_s-particle_handler_0018-5B,bw800_pythia,0.9174,0,0,1
823.llvm_s-particle_handler_0018-5B,bw800_normal,0.93157,96.32,98.91,1
823.llvm_s-particle_handler_0018-5B,bw800_normal_pythia,0.93459,78.81,78.88,1
823.llvm_s-particle_handler_0018-5B,bw800_xpt,0.89475,98.61,12.1,1
823.llvm_s-particle_handler_0018-5B,bw800_xpt_pythia,0.91396,40.78,0.45,1
823.llvm_s-particle_handler_0018-5B,bw1600_nopf,0.89747,0,0,1
823.llvm_s-particle_handler_0018-5B,bw1600_pythia,0.93832,0,0,1
823.llvm_s-particle_handler_0018-5B,bw1600_normal,0.94424,96.33,98.9,1
823.llvm_s-particle_handler_0018-5B,bw1600_normal_pythia,0.95522,78.85,82.0,1
823.llvm_s-particle_handler_0018-5B,bw1600_xpt,0.90354,98.58,12.1,1
823.llvm_s-particle_handler_0018-5B,bw1600_xpt_pythia,0.94219,33.64,0.28,1
823.llvm_s-particle_handler_0018-5B,bw3200_nopf,0.90065,0,0,1
823.llvm_s-particle_handler_0018-5B,bw3200_pythia,0.9452,0,0,1
823.llvm_s-particle_handler_0018-5B,bw3200_normal,0.94908,96.33,98.9,1
823.llvm_s-particle_handler_0018-5B,bw3200_normal_pythia,0.97011,78.96,71.55,1
823.llvm_s-particle_handler_0018-5B,bw3200_xpt,0.90671,98.6,12.1,1
823.llvm_s-particle_handler_0018-5B,bw3200_xpt_pythia,0.94534,33.72,0.27,1
823.llvm_s-particle_handler_0018-5B,bw6400_nopf,0.90168,0,0,1
823.llvm_s-particle_handler_0018-5B,bw6400_pythia,0.94276,0,0,1
823.llvm_s-particle_handler_0018-5B,bw6400_normal,0.95128,96.32,98.9,1
823.llvm_s-particle_handler_0018-5B,bw6400_normal_pythia,0.96916,78.83,71.21,1
823.llvm_s-particle_handler_0018-5B,bw6400_xpt,0.90773,98.58,12.09,1
823.llvm_s-particle_handler_0018-5B,bw6400_xpt_pythia,0.94641,34.22,0.23,1
823.llvm_s-particle_handler_0018-8B,bw200_nopf,0.38627,0,0,1
823.llvm_s-particle_handler_0018-8B,bw200_pythia,0.30441,0,0,1
823.llvm_s-particle_handler_0018-8B,bw200_normal,0.37942,93.01,98.2,1
823.llvm_s-particle_handler_0018-8B,bw200_normal_pythia,0.2801,80.15,89.2,1
823.llvm_s-particle_handler_0018-8B,bw200_xpt,0.38768,98.01,11.13,1
823.llvm_s-particle_handler_0018-8B,bw200_xpt_pythia,0.30225,78.44,2.37,1
823.llvm_s-particle_handler_0018-8B,bw400_nopf,0.51332,0,0,1
823.llvm_s-particle_handler_0018-8B,bw400_pythia,0.48018,0,0,1
823.llvm_s-particle_handler_0018-8B,bw400_normal,0.53781,92.99,98.21,1
823.llvm_s-particle_handler_0018-8B,bw400_normal_pythia,0.46567,80.08,86.85,1
823.llvm_s-particle_handler_0018-8B,bw400_xpt,0.51914,98.0,11.12,1
823.llvm_s-particle_handler_0018-8B,bw400_xpt_pythia,0.47961,77.34,2.42,1
823.llvm_s-particle_handler_0018-8B,bw800_nopf,0.56704,0,0,1
823.llvm_s-particle_handler_0018-8B,bw800_pythia,0.60776,0,0,1
823.llvm_s-particle_handler_0018-8B,bw800_normal,0.62404,92.98,98.21,1
823.llvm_s-particle_handler_0018-8B,bw800_normal_pythia,0.62195,79.47,83.13,1
823.llvm_s-particle_handler_0018-8B,bw800_xpt,0.57543,98.0,11.07,1
823.llvm_s-particle_handler_0018-8B,bw800_xpt_pythia,0.60716,87.75,1.86,1
823.llvm_s-particle_handler_0018-8B,bw1600_nopf,0.58491,0,0,1
823.llvm_s-particle_handler_0018-8B,bw1600_pythia,0.65234,0,0,1
823.llvm_s-particle_handler_0018-8B,bw1600_normal,0.65114,92.98,98.21,1
823.llvm_s-particle_handler_0018-8B,bw1600_normal_pythia,0.68643,78.91,80.82,1
823.llvm_s-particle_handler_0018-8B,bw1600_xpt,0.59402,98.0,11.02,1
823.llvm_s-particle_handler_0018-8B,bw1600_xpt_pythia,0.65538,93.2,1.8,1
823.llvm_s-particle_handler_0018-8B,bw3200_nopf,0.5906,0,0,1
823.llvm_s-particle_handler_0018-8B,bw3200_pythia,0.66188,0,0,1
823.llvm_s-particle_handler_0018-8B,bw3200_normal,0.65908,92.99,98.21,1
823.llvm_s-particle_handler_0018-8B,bw3200_normal_pythia,0.70173,79.27,78.51,1
823.llvm_s-particle_handler_0018-8B,bw3200_xpt,0.59996,98.0,10.95,1
823.llvm_s-particle_handler_0018-8B,bw3200_xpt_pythia,0.66444,93.37,1.72,1
823.llvm_s-particle_handler_0018-8B,bw6400_nopf,0.5919,0,0,1
823.llvm_s-particle_handler_0018-8B,bw6400_pythia,0.66695,0,0,1
823.llvm_s-particle_handler_0018-8B,bw6400_normal,0.66111,92.98,98.22,1
823.llvm_s-particle_handler_0018-8B,bw6400_normal_pythia,0.70254,79.06,78.12,1
823.llvm_s-particle_handler_0018-8B,bw6400_xpt,0.60127,98.0,11.01,1
823.llvm_s-particle_handler_0018-8B,bw6400_xpt_pythia,0.66697,94.68,1.75,1
823.llvm_s-passbuilderpipelines_0003-2B,bw200_nopf,0.5041,0,0,1
823.llvm_s-passbuilderpipelines_0003-2B,bw200_pythia,0.41778,0,0,1
823.llvm_s-passbuilderpipelines_0003-2B,bw200_normal,0.49618,90.95,91.64,1
823.llvm_s-passbuilderpipelines_0003-2B,bw200_normal_pythia,0.3949,78.17,82.69,1
823.llvm_s-passbuilderpipelines_0003-2B,bw200_xpt,0.50501,96.51,13.65,1
823.llvm_s-passbuilderpipelines_0003-2B,bw200_xpt_pythia,0.41833,79.55,4.24,1
823.llvm_s-passbuilderpipelines_0003-2B,bw400_nopf,0.66773,0,0,1
823.llvm_s-passbuilderpipelines_0003-2B,bw400_pythia,0.63696,0,0,1
823.llvm_s-passbuilderpipelines_0003-2B,bw400_normal,0.68393,91.0,91.62,1
823.llvm_s-passbuilderpipelines_0003-2B,bw400_normal_pythia,0.62325,77.91,82.72,1
823.llvm_s-passbuilderpipelines_0003-2B,bw400_xpt,0.67195,96.5,13.63,1
823.llvm_s-passbuilderpipelines_0003-2B,bw400_xpt_pythia,0.63804,81.09,4.07,1
823.llvm_s-passbuilderpipelines_0003-2B,bw800_nopf,0.7488,0,0,1
823.llvm_s-passbuilderpipelines_0003-2B,bw800_pythia,0.78939,0,0,1
823.llvm_s-passbuilderpipelines_0003-2B,bw800_normal,0.79053,90.99,91.63,1
823.llvm_s-passbuilderpipelines_0003-2B,bw800_normal_pythia,0.79994,77.41,77.64,1
823.llvm_s-passbuilderpipelines_0003-2B,bw800_xpt,0.75546,96.54,13.58,1
823.llvm_s-passbuilderpipelines_0003-2B,bw800_xpt_pythia,0.78973,87.04,3.75,1
823.llvm_s-passbuilderpipelines_0003-2B,bw1600_nopf,0.78361,0,0,1
823.llvm_s-passbuilderpipelines_0003-2B,bw1600_pythia,0.85156,0,0,1
823.llvm_s-passbuilderpipelines_0003-2B,bw1600_normal,0.83489,90.92,91.58,1
823.llvm_s-passbuilderpipelines_0003-2B,bw1600_normal_pythia,0.8749,77.53,75.38,1
823.llvm_s-passbuilderpipelines_0003-2B,bw1600_xpt,0.79129,96.58,13.52,1
823.llvm_s-passbuilderpipelines_0003-2B,bw1600_xpt_pythia,0.85306,91.58,3.28,1
823.llvm_s-passbuilderpipelines_0003-2B,bw3200_nopf,0.79766,0,0,1
823.llvm_s-passbuilderpipelines_0003-2B,bw3200_pythia,0.87239,0,0,1
823.llvm_s-passbuilderpipelines_0003-2B,bw3200_normal,0.8528,90.92,91.57,1
823.llvm_s-passbuilderpipelines_0003-2B,bw3200_normal_pythia,0.89998,77.7,75.04,1
823.llvm_s-passbuilderpipelines_0003-2B,bw3200_xpt,0.80583,96.62,13.42,1
823.llvm_s-passbuilderpipelines_0003-2B,bw3200_xpt_pythia,0.8741,83.37,3.72,1
823.llvm_s-passbuilderpipelines_0003-2B,bw6400_nopf,0.80043,0,0,1
823.llvm_s-passbuilderpipelines_0003-2B,bw6400_pythia,0.88394,0,0,1
823.llvm_s-passbuilderpipelines_0003-2B,bw6400_normal,0.85682,90.92,91.57,1
823.llvm_s-passbuilderpipelines_0003-2B,bw6400_normal_pythia,0.90455,78.56,74.36,1
823.llvm_s-passbuilderpipelines_0003-2B,bw6400_xpt,0.80882,96.63,13.45,1
823.llvm_s-passbuilderpipelines_0003-2B,bw6400_xpt_pythia,0.88178,84.07,3.65,1
823.llvm_s-selectiondagbuilder_0007-4B,bw200_nopf,0.4835,0,0,1
823.llvm_s-selectiondagbuilder_0007-4B,bw200_pythia,0.40236,0,0,1
823.llvm_s-selectiondagbuilder_0007-4B,bw200_normal,0.47493,91.41,92.33,1
823.llvm_s-selectiondagbuilder_0007-4B,bw200_normal_pythia,0.37792,77.5,76.47,1
823.llvm_s-selectiondagbuilder_0007-4B,bw200_xpt,0.48452,97.67,13.4,1
823.llvm_s-selectiondagbuilder_0007-4B,bw200_xpt_pythia,0.40153,68.52,3.46,1
823.llvm_s-selectiondagbuilder_0007-4B,bw400_nopf,0.59474,0,0,1
823.llvm_s-selectiondagbuilder_0007-4B,bw400_pythia,0.56455,0,0,1
823.llvm_s-selectiondagbuilder_0007-4B,bw400_normal,0.60709,91.42,92.35,1
823.llvm_s-selectiondagbuilder_0007-4B,bw400_normal_pythia,0.55195,77.36,77.78,1
823.llvm_s-selectiondagbuilder_0007-4B,bw400_xpt,0.59833,97.62,13.38,1
823.llvm_s-selectiondagbuilder_0007-4B,bw400_xpt_pythia,0.56498,72.96,2.36,1
823.llvm_s-selectiondagbuilder_0007-4B,bw800_nopf,0.6361,0,0,1
823.llvm_s-selectiondagbuilder_0007-4B,bw800_pythia,0.65138,0,0,1
823.llvm_s-selectiondagbuilder_0007-4B,bw800_normal,0.66718,91.43,92.23,1
823.llvm_s-selectiondagbuilder_0007-4B,bw800_normal_pythia,0.65643,76.64,70.41,1
823.llvm_s-selectiondagbuilder_0007-4B,bw800_xpt,0.64117,97.64,13.33,1
823.llvm_s-selectiondagbuilder_0007-4B,bw800_xpt_pythia,0.65123,77.75,1.96,1
823.llvm_s-selectiondagbuilder_0007-4B,bw1600_nopf,0.64983,0,0,1
823.llvm_s-selectiondagbuilder_0007-4B,bw1600_pythia,0.67651,0,0,1
823.llvm_s-selectiondagbuilder_0007-4B,bw1600_normal,0.68669,91.43,92.29,1
823.llvm_s-selectiondagbuilder_0007-4B,bw1600_normal_pythia,0.69439,76.83,63.56,1
823.llvm_s-selectiondagbuilder_0007-4B,bw1600_xpt,0.65561,97.65,13.28,1
823.llvm_s-selectiondagbuilder_0007-4B,bw1600_xpt_pythia,0.6739,81.7,1.81,1
823.llvm_s-selectiondagbuilder_0007-4B,bw3200_nopf,0.65467,0,0,1
823.llvm_s-selectiondagbuilder_0007-4B,bw3200_pythia,0.67926,0,0,1
823.llvm_s-selectiondagbuilder_0007-4B,bw3200_normal,0.69285,91.42,92.31,1
823.llvm_s-selectiondagbuilder_0007-4B,bw3200_normal_pythia,0.70016,76.25,63.66,1
823.llvm_s-selectiondagbuilder_0007-4B,bw3200_xpt,0.66045,97.65,13.21,1
823.llvm_s-selectiondagbuilder_0007-4B,bw3200_xpt_pythia,0.68698,89.16,1.69,1
823.llvm_s-selectiondagbuilder_0007-4B,bw6400_nopf,0.65591,0,0,1
823.llvm_s-selectiondagbuilder_0007-4B,bw6400_pythia,0.68502,0,0,1
823.llvm_s-selectiondagbuilder_0007-4B,bw6400_normal,0.6946,91.41,92.22,1
823.llvm_s-selectiondagbuilder_0007-4B,bw6400_normal_pythia,0.67249,77.25,58.6,1
823.llvm_s-selectiondagbuilder_0007-4B,bw6400_xpt,0.66234,97.64,13.24,1
823.llvm_s-selectiondagbuilder_0007-4B,bw6400_xpt_pythia,0.67345,86.4,1.55,1
823.llvm_s-standardinstrumentations_0014-2B,bw200_nopf,0.5424,0,0,1
823.llvm_s-standardinstrumentations_0014-2B,bw200_pythia,0.47141,0,0,1
823.llvm_s-standardinstrumentations_0014-2B,bw200_normal,0.54006,92.17,93.45,1
823.llvm_s-standardinstrumentations_0014-2B,bw200_normal_pythia,0.44794,78.12,81.94,1
823.llvm_s-standardinstrumentations_0014-2B,bw200_xpt,0.54403,97.23,17.97,1
823.llvm_s-standardinstrumentations_0014-2B,bw200_xpt_pythia,0.47021,77.08,3.86,1
823.llvm_s-standardinstrumentations_0014-2B,bw400_nopf,0.7124,0,0,1
823.llvm_s-standardinstrumentations_0014-2B,bw400_pythia,0.69877,0,0,1
823.llvm_s-standardinstrumentations_0014-2B,bw400_normal,0.73206,92.15,93.44,1
823.llvm_s-standardinstrumentations_0014-2B,bw400_normal_pythia,0.68665,77.9,80.69,1
823.llvm_s-standardinstrumentations_0014-2B,bw400_xpt,0.71796,97.24,17.95,1
823.llvm_s-standardinstrumentations_0014-2B,bw400_xpt_pythia,0.69572,77.31,4.18,1
823.llvm_s-standardinstrumentations_0014-2B,bw800_nopf,0.80293,0,0,1
823.llvm_s-standardinstrumentations_0014-2B,bw800_pythia,0.85448,0,0,1
823.llvm_s-standardinstrumentations_0014-2B,bw800_normal,0.84406,92.22,93.48,1
823.llvm_s-standardinstrumentations_0014-2B,bw800_normal_pythia,0.86651,77.77,75.63,1
823.llvm_s-standardinstrumentations_0014-2B,bw800_xpt,0.8116,97.25,17.87,1
823.llvm_s-standardinstrumentations_0014-2B,bw800_xpt_pythia,0.85292,82.15,3.91,1
823.llvm_s-standardinstrumentations_0014-2B,bw1600_nopf,0.84417,0,0,1
823.llvm_s-standardinstrumentations_0014-2B,bw1600_pythia,0.92492,0,0,1
823.llvm_s-standardinstrumentations_0014-2B,bw1600_normal,0.89468,92.2,93.47,1
823.llvm_s-standardinstrumentations_0014-2B,bw1600_normal_pythia,0.94873,77.42,76.15,1
823.llvm_s-standardinstrumentations_0014-2B,bw1600_xpt,0.85428,97.28,17.81,1
823.llvm_s-standardinstrumentations_0014-2B,bw1600_xpt_pythia,0.92475,84.9,3.63,1
823.llvm_s-standardinstrumentations_0014-2B,bw3200_nopf,0.86134,0,0,1
823.llvm_s-standardinstrumentations_0014-2B,bw3200_pythia,0.96122,0,0,1
823.llvm_s-standardinstrumentations_0014-2B,bw3200_normal,0.91618,92.2,93.5,1
823.llvm_s-standardinstrumentations_0014-2B,bw3200_normal_pythia,0.98029,78.07,74.26,1
823.llvm_s-standardinstrumentations_0014-2B,bw3200_xpt,0.87203,97.34,17.7,1
823.llvm_s-standardinstrumentations_0014-2B,bw3200_xpt_pythia,0.96078,80.59,3.73,1
823.llvm_s-standardinstrumentations_0014-2B,bw6400_nopf,0.86493,0,0,1
823.llvm_s-standardinstrumentations_0014-2B,bw6400_pythia,0.95115,0,0,1
823.llvm_s-standardinstrumentations_0014-2B,bw6400_normal,0.92122,92.18,93.5,1
823.llvm_s-standardinstrumentations_0014-2B,bw6400_normal_pythia,0.98606,78.44,74.2,1
823.llvm_s-standardinstrumentations_0014-2B,bw6400_xpt,0.87591,97.32,17.73,1
823.llvm_s-standardinstrumentations_0014-2B,bw6400_xpt_pythia,0.9555,80.74,3.94,1
829.abc_s-bitcoin-289B,bw200_nopf,0.95235,0,0,1
829.abc_s-bitcoin-289B,bw200_pythia,0.94973,0,0,1
829.abc_s-bitcoin-289B,bw200_normal,0.95736,100.0,100.0,1
829.abc_s-bitcoin-289B,bw200_normal_pythia,0.85701,85.83,93.0,1
829.abc_s-bitcoin-289B,bw200_xpt,0.95436,100.0,48.46,1
829.abc_s-bitcoin-289B,bw200_xpt_pythia,0.9019,82.33,36.58,1
829.abc_s-bitcoin-289B,bw400_nopf,1.54553,0,0,1
829.abc_s-bitcoin-289B,bw400_pythia,1.6022,0,0,1
829.abc_s-bitcoin-289B,bw400_normal,1.65053,100.0,100.0,1
829.abc_s-bitcoin-289B,bw400_normal_pythia,1.6006,83.37,84.15,1
829.abc_s-bitcoin-289B,bw400_xpt,1.5936,100.0,48.46,1
829.abc_s-bitcoin-289B,bw400_xpt_pythia,1.59578,76.95,13.31,1
829.abc_s-bitcoin-289B,bw800_nopf,1.61044,0,0,1
829.abc_s-bitcoin-289B,bw800_pythia,1.5639,0,0,1
829.abc_s-bitcoin-289B,bw800_normal,1.67631,100.0,100.0,1
829.abc_s-bitcoin-289B,bw800_normal_pythia,1.55768,84.79,68.11,1
829.abc_s-bitcoin-289B,bw800_xpt,1.63815,100.0,48.46,1
829.abc_s-bitcoin-289B,bw800_xpt_pythia,1.5639,NaN,0.0,1
829.abc_s-bitcoin-289B,bw1600_nopf,1.62466,0,0,1
829.abc_s-bitcoin-289B,bw1600_pythia,1.56332,0,0,1
829.abc_s-bitcoin-289B,bw1600_normal,1.6914,100.0,100.0,1
829.abc_s-bitcoin-289B,bw1600_normal_pythia,1.55356,88.66,59.37,1
829.abc_s-bitcoin-289B,bw1600_xpt,1.65291,100.0,48.46,1
829.abc_s-bitcoin-289B,bw1600_xpt_pythia,1.56332,NaN,0.0,1
829.abc_s-bitcoin-289B,bw3200_nopf,1.62994,0,0,1
829.abc_s-bitcoin-289B,bw3200_pythia,1.56396,0,0,1
829.abc_s-bitcoin-289B,bw3200_normal,1.6987,100.0,100.0,1
829.abc_s-bitcoin-289B,bw3200_normal_pythia,1.55349,88.74,60.01,1
829.abc_s-bitcoin-289B,bw3200_xpt,1.65872,100.0,48.46,1
829.abc_s-bitcoin-289B,bw3200_xpt_pythia,1.56396,NaN,0.0,1
829.abc_s-bitcoin-289B,bw6400_nopf,1.63342,0,0,1
829.abc_s-bitcoin-289B,bw6400_pythia,1.56399,0,0,1
829.abc_s-bitcoin-289B,bw6400_normal,1.69773,100.0,100.0,1
829.abc_s-bitcoin-289B,bw6400_normal_pythia,1.55348,88.74,60.08,1
829.abc_s-bitcoin-289B,bw6400_xpt,1.66055,100.0,48.46,1
829.abc_s-bitcoin-289B,bw6400_xpt_pythia,1.56399,NaN,0.0,1
829.abc_s-bitcoin-359B,bw200_nopf,0.1769,0,0,1
829.abc_s-bitcoin-359B,bw200_pythia,0.24476,0,0,1
829.abc_s-bitcoin-359B,bw200_normal,0.1933,100.0,100.0,1
829.abc_s-bitcoin-359B,bw200_normal_pythia,0.24415,90.9,27.05,1
829.abc_s-bitcoin-359B,bw200_xpt,0.1849,100.0,46.8,1
829.abc_s-bitcoin-359B,bw200_xpt_pythia,0.24516,45.53,0.1,1
829.abc_s-bitcoin-359B,bw400_nopf,0.19356,0,0,1
829.abc_s-bitcoin-359B,bw400_pythia,0.33644,0,0,1
829.abc_s-bitcoin-359B,bw400_normal,0.224,100.0,100.0,1
829.abc_s-bitcoin-359B,bw400_normal_pythia,0.33745,94.19,50.09,1
829.abc_s-bitcoin-359B,bw400_xpt,0.20707,100.0,46.8,1
829.abc_s-bitcoin-359B,bw400_xpt_pythia,0.33637,70.39,0.1,1
829.abc_s-bitcoin-359B,bw800_nopf,0.19725,0,0,1
829.abc_s-bitcoin-359B,bw800_pythia,0.35008,0,0,1
829.abc_s-bitcoin-359B,bw800_normal,0.23017,100.0,100.0,1
829.abc_s-bitcoin-359B,bw800_normal_pythia,0.35155,95.01,57.4,1
829.abc_s-bitcoin-359B,bw800_xpt,0.2123,100.0,46.8,1
829.abc_s-bitcoin-359B,bw800_xpt_pythia,0.35009,69.63,0.12,1
829.abc_s-bitcoin-359B,bw1600_nopf,0.19856,0,0,1
829.abc_s-bitcoin-359B,bw1600_pythia,0.35087,0,0,1
829.abc_s-bitcoin-359B,bw1600_normal,0.23205,100.0,100.0,1
829.abc_s-bitcoin-359B,bw1600_normal_pythia,0.35215,94.79,58.21,1
829.abc_s-bitcoin-359B,bw1600_xpt,0.21396,100.0,46.79,1
829.abc_s-bitcoin-359B,bw1600_xpt_pythia,0.3508,71.31,0.12,1
829.abc_s-bitcoin-359B,bw3200_nopf,0.19926,0,0,1
829.abc_s-bitcoin-359B,bw3200_pythia,0.35015,0,0,1
829.abc_s-bitcoin-359B,bw3200_normal,0.23303,100.0,100.0,1
829.abc_s-bitcoin-359B,bw3200_normal_pythia,0.35238,95.02,58.37,1
829.abc_s-bitcoin-359B,bw3200_xpt,0.2147,100.0,46.79,1
829.abc_s-bitcoin-359B,bw3200_xpt_pythia,0.35015,71.03,0.11,1
829.abc_s-bitcoin-359B,bw6400_nopf,0.19957,0,0,1
829.abc_s-bitcoin-359B,bw6400_pythia,0.35088,0,0,1
829.abc_s-bitcoin-359B,bw6400_normal,0.23349,100.0,100.0,1
829.abc_s-bitcoin-359B,bw6400_normal_pythia,0.352,94.45,57.62,1
829.abc_s-bitcoin-359B,bw6400_xpt,0.215,100.0,46.79,1
829.abc_s-bitcoin-359B,bw6400_xpt_pythia,0.35088,70.49,0.12,1
829.abc_s-bitcoin-645B,bw200_nopf,0.79491,0,0,1
829.abc_s-bitcoin-645B,bw200_pythia,0.6676,0,0,1
829.abc_s-bitcoin-645B,bw200_normal,0.79061,95.93,95.9,1
829.abc_s-bitcoin-645B,bw200_normal_pythia,0.64375,87.04,88.59,1
829.abc_s-bitcoin-645B,bw200_xpt,0.79606,98.72,7.64,1
829.abc_s-bitcoin-645B,bw200_xpt_pythia,0.6644,83.99,1.16,1
829.abc_s-bitcoin-645B,bw400_nopf,0.98874,0,0,1
829.abc_s-bitcoin-645B,bw400_pythia,0.93495,0,0,1
829.abc_s-bitcoin-645B,bw400_normal,1.00442,95.93,95.83,1
829.abc_s-bitcoin-645B,bw400_normal_pythia,0.92253,86.7,87.86,1
829.abc_s-bitcoin-645B,bw400_xpt,0.99151,98.69,7.64,1
829.abc_s-bitcoin-645B,bw400_xpt_pythia,0.93258,83.97,1.09,1
829.abc_s-bitcoin-645B,bw800_nopf,1.07888,0,0,1
829.abc_s-bitcoin-645B,bw800_pythia,1.09335,0,0,1
829.abc_s-bitcoin-645B,bw800_normal,1.11219,95.93,95.86,1
829.abc_s-bitcoin-645B,bw800_normal_pythia,1.10862,86.02,86.61,1
829.abc_s-bitcoin-645B,bw800_xpt,1.08448,98.67,7.64,1
829.abc_s-bitcoin-645B,bw800_xpt_pythia,1.09296,84.84,1.05,1
829.abc_s-bitcoin-645B,bw1600_nopf,1.10789,0,0,1
829.abc_s-bitcoin-645B,bw1600_pythia,1.15385,0,0,1
829.abc_s-bitcoin-645B,bw1600_normal,1.1484,95.94,95.88,1
829.abc_s-bitcoin-645B,bw1600_normal_pythia,1.17951,85.57,84.83,1
829.abc_s-bitcoin-645B,bw1600_xpt,1.11387,98.65,7.64,1
829.abc_s-bitcoin-645B,bw1600_xpt_pythia,1.15386,84.76,1.0,1
829.abc_s-bitcoin-645B,bw3200_nopf,1.11743,0,0,1
829.abc_s-bitcoin-645B,bw3200_pythia,1.16777,0,0,1
829.abc_s-bitcoin-645B,bw3200_normal,1.15994,95.92,95.88,1
829.abc_s-bitcoin-645B,bw3200_normal_pythia,1.19639,85.44,84.15,1
829.abc_s-bitcoin-645B,bw3200_xpt,1.1232,98.66,7.63,1
829.abc_s-bitcoin-645B,bw3200_xpt_pythia,1.16708,85.08,1.05,1
829.abc_s-bitcoin-645B,bw6400_nopf,1.12127,0,0,1
829.abc_s-bitcoin-645B,bw6400_pythia,1.17056,0,0,1
829.abc_s-bitcoin-645B,bw6400_normal,1.16462,95.91,95.9,1
829.abc_s-bitcoin-645B,bw6400_normal_pythia,1.19858,85.57,83.69,1
829.abc_s-bitcoin-645B,bw6400_xpt,1.12684,98.65,7.64,1
829.abc_s-bitcoin-645B,bw6400_xpt_pythia,1.17083,86.39,1.06,1
829.abc_s-bitcoin-750B,bw200_nopf,0.53013,0,0,1
829.abc_s-bitcoin-750B,bw200_pythia,0.4543,0,0,1
829.abc_s-bitcoin-750B,bw200_normal,0.5268,99.87,100.0,1
829.abc_s-bitcoin-750B,bw200_normal_pythia,0.45024,98.66,98.15,1
829.abc_s-bitcoin-750B,bw200_xpt,0.53022,100.0,6.56,1
829.abc_s-bitcoin-750B,bw200_xpt_pythia,0.4543,NaN,0.0,1
829.abc_s-bitcoin-750B,bw400_nopf,0.74235,0,0,1
829.abc_s-bitcoin-750B,bw400_pythia,0.74261,0,0,1
829.abc_s-bitcoin-750B,bw400_normal,0.76909,99.87,100.0,1
829.abc_s-bitcoin-750B,bw400_normal_pythia,0.74705,97.88,96.96,1
829.abc_s-bitcoin-750B,bw400_xpt,0.74621,100.0,6.56,1
829.abc_s-bitcoin-750B,bw400_xpt_pythia,0.74261,NaN,0.0,1
829.abc_s-bitcoin-750B,bw800_nopf,0.76328,0,0,1
829.abc_s-bitcoin-750B,bw800_pythia,0.79993,0,0,1
829.abc_s-bitcoin-750B,bw800_normal,0.80767,99.87,100.0,1
829.abc_s-bitcoin-750B,bw800_normal_pythia,0.84057,97.79,96.91,1
829.abc_s-bitcoin-750B,bw800_xpt,0.76792,100.0,6.56,1
829.abc_s-bitcoin-750B,bw800_xpt_pythia,0.79993,NaN,0.0,1
829.abc_s-bitcoin-750B,bw1600_nopf,0.77058,0,0,1
829.abc_s-bitcoin-750B,bw1600_pythia,0.80919,0,0,1
829.abc_s-bitcoin-750B,bw1600_normal,0.81543,99.87,100.0,1
829.abc_s-bitcoin-750B,bw1600_normal_pythia,0.84732,97.72,96.77,1
829.abc_s-bitcoin-750B,bw1600_xpt,0.77525,100.0,6.56,1
829.abc_s-bitcoin-750B,bw1600_xpt_pythia,0.80919,NaN,0.0,1
829.abc_s-bitcoin-750B,bw3200_nopf,0.77384,0,0,1
829.abc_s-bitcoin-750B,bw3200_pythia,0.81303,0,0,1
829.abc_s-bitcoin-750B,bw3200_normal,0.81844,99.87,100.0,1
829.abc_s-bitcoin-750B,bw3200_normal_pythia,0.84766,98.6,95.05,1
829.abc_s-bitcoin-750B,bw3200_xpt,0.77852,100.0,6.56,1
829.abc_s-bitcoin-750B,bw3200_xpt_pythia,0.81303,NaN,0.0,1
829.abc_s-bitcoin-750B,bw6400_nopf,0.77501,0,0,1
829.abc_s-bitcoin-750B,bw6400_pythia,0.81464,0,0,1
829.abc_s-bitcoin-750B,bw6400_normal,0.81881,99.87,100.0,1
829.abc_s-bitcoin-750B,bw6400_normal_pythia,0.84826,98.98,95.36,1
829.abc_s-bitcoin-750B,bw6400_xpt,0.77968,100.0,6.56,1
829.abc_s-bitcoin-750B,bw6400_xpt_pythia,0.81464,NaN,0.0,1
829.abc_s-ethernet_fraig-12B,bw200_nopf,0.68318,0,0,1
829.abc_s-ethernet_fraig-12B,bw200_pythia,0.63369,0,0,1
829.abc_s-ethernet_fraig-12B,bw200_normal,0.68261,96.22,97.46,1
829.abc_s-ethernet_fraig-12B,bw200_normal_pythia,0.6262,86.02,80.48,1
829.abc_s-ethernet_fraig-12B,bw200_xpt,0.68475,99.08,23.01,1
829.abc_s-ethernet_fraig-12B,bw200_xpt_pythia,0.63286,69.22,2.95,1
829.abc_s-ethernet_fraig-12B,bw400_nopf,0.94081,0,0,1
829.abc_s-ethernet_fraig-12B,bw400_pythia,0.93717,0,0,1
829.abc_s-ethernet_fraig-12B,bw400_normal,0.95108,96.23,97.43,1
829.abc_s-ethernet_fraig-12B,bw400_normal_pythia,0.93925,87.49,80.61,1
829.abc_s-ethernet_fraig-12B,bw400_xpt,0.94485,99.08,23.04,1
829.abc_s-ethernet_fraig-12B,bw400_xpt_pythia,0.9404,57.69,1.75,1
829.abc_s-ethernet_fraig-12B,bw800_nopf,1.08064,0,0,1
829.abc_s-ethernet_fraig-12B,bw800_pythia,1.17249,0,0,1
829.abc_s-ethernet_fraig-12B,bw800_normal,1.10579,96.26,97.47,1
829.abc_s-ethernet_fraig-12B,bw800_normal_pythia,1.18197,87.79,80.13,1
829.abc_s-ethernet_fraig-12B,bw800_xpt,1.09025,99.07,22.76,1
829.abc_s-ethernet_fraig-12B,bw800_xpt_pythia,1.16677,43.34,0.77,1
829.abc_s-ethernet_fraig-12B,bw1600_nopf,1.13483,0,0,1
829.abc_s-ethernet_fraig-12B,bw1600_pythia,1.28608,0,0,1
829.abc_s-ethernet_fraig-12B,bw1600_normal,1.1709,96.26,97.48,1
829.abc_s-ethernet_fraig-12B,bw1600_normal_pythia,1.28969,87.08,76.12,1
829.abc_s-ethernet_fraig-12B,bw1600_xpt,1.14724,99.07,22.7,1
829.abc_s-ethernet_fraig-12B,bw1600_xpt_pythia,1.28476,36.48,0.32,1
829.abc_s-ethernet_fraig-12B,bw3200_nopf,1.15324,0,0,1
829.abc_s-ethernet_fraig-12B,bw3200_pythia,1.30902,0,0,1
829.abc_s-ethernet_fraig-12B,bw3200_normal,1.19454,96.27,97.46,1
829.abc_s-ethernet_fraig-12B,bw3200_normal_pythia,1.3287,86.71,75.2,1
829.abc_s-ethernet_fraig-12B,bw3200_xpt,1.16598,99.06,22.67,1
829.abc_s-ethernet_fraig-12B,bw3200_xpt_pythia,1.31037,59.88,0.72,1
829.abc_s-ethernet_fraig-12B,bw6400_nopf,1.15924,0,0,1
829.abc_s-ethernet_fraig-12B,bw6400_pythia,1.32004,0,0,1
829.abc_s-ethernet_fraig-12B,bw6400_normal,1.20245,96.26,97.46,1
829.abc_s-ethernet_fraig-12B,bw6400_normal_pythia,1.33745,87.11,75.93,1
829.abc_s-ethernet_fraig-12B,bw6400_xpt,1.17204,99.06,22.68,1
829.abc_s-ethernet_fraig-12B,bw6400_xpt_pythia,1.32128,45.18,0.27,1
829.abc_s-ethernet_fraig-186B,bw200_nopf,0.52655,0,0,1
829.abc_s-ethernet_fraig-186B,bw200_pythia,0.47869,0,0,1
829.abc_s-ethernet_fraig-186B,bw200_normal,0.50685,87.53,85.88,1
829.abc_s-ethernet_fraig-186B,bw200_normal_pythia,0.45844,80.9,71.58,1
829.abc_s-ethernet_fraig-186B,bw200_xpt,0.5271,94.66,9.35,1
829.abc_s-ethernet_fraig-186B,bw200_xpt_pythia,0.47674,68.72,3.43,1
829.abc_s-ethernet_fraig-186B,bw400_nopf,0.74462,0,0,1
829.abc_s-ethernet_fraig-186B,bw400_pythia,0.75041,0,0,1
829.abc_s-ethernet_fraig-186B,bw400_normal,0.74059,87.49,85.74,1
829.abc_s-ethernet_fraig-186B,bw400_normal_pythia,0.73961,82.66,75.8,1
829.abc_s-ethernet_fraig-186B,bw400_xpt,0.74692,94.64,9.41,1
829.abc_s-ethernet_fraig-186B,bw400_xpt_pythia,0.74898,73.21,3.01,1
829.abc_s-ethernet_fraig-186B,bw800_nopf,0.83875,0,0,1
829.abc_s-ethernet_fraig-186B,bw800_pythia,0.87796,0,0,1
829.abc_s-ethernet_fraig-186B,bw800_normal,0.86129,87.47,85.73,1
829.abc_s-ethernet_fraig-186B,bw800_normal_pythia,0.8885,82.39,74.4,1
829.abc_s-ethernet_fraig-186B,bw800_xpt,0.84408,94.57,9.32,1
829.abc_s-ethernet_fraig-186B,bw800_xpt_pythia,0.87546,61.63,2.31,1
829.abc_s-ethernet_fraig-186B,bw1600_nopf,0.85955,0,0,1
829.abc_s-ethernet_fraig-186B,bw1600_pythia,0.91884,0,0,1
829.abc_s-ethernet_fraig-186B,bw1600_normal,0.89506,87.47,85.86,1
829.abc_s-ethernet_fraig-186B,bw1600_normal_pythia,0.93851,81.13,69.35,1
829.abc_s-ethernet_fraig-186B,bw1600_xpt,0.86559,94.66,9.28,1
829.abc_s-ethernet_fraig-186B,bw1600_xpt_pythia,0.91378,61.39,2.52,1
829.abc_s-ethernet_fraig-186B,bw3200_nopf,0.86486,0,0,1
829.abc_s-ethernet_fraig-186B,bw3200_pythia,0.9162,0,0,1
829.abc_s-ethernet_fraig-186B,bw3200_normal,0.90365,87.44,85.66,1
829.abc_s-ethernet_fraig-186B,bw3200_normal_pythia,0.93856,80.94,67.06,1
829.abc_s-ethernet_fraig-186B,bw3200_xpt,0.87089,94.49,9.22,1
829.abc_s-ethernet_fraig-186B,bw3200_xpt_pythia,0.91827,62.62,2.75,1
829.abc_s-ethernet_fraig-186B,bw6400_nopf,0.86646,0,0,1
829.abc_s-ethernet_fraig-186B,bw6400_pythia,0.91608,0,0,1
829.abc_s-ethernet_fraig-186B,bw6400_normal,0.90685,87.44,85.52,1
829.abc_s-ethernet_fraig-186B,bw6400_normal_pythia,0.9436,81.61,65.07,1
829.abc_s-ethernet_fraig-186B,bw6400_xpt,0.87252,94.59,9.27,1
829.abc_s-ethernet_fraig-186B,bw6400_xpt_pythia,0.91722,58.97,2.33,1
834.vpr_s-sparct1_place-411B,bw200_nopf,0.46775,0,0,1
834.vpr_s-sparct1_place-411B,bw200_pythia,0.4229,0,0,1
834.vpr_s-sparct1_place-411B,bw200_normal,0.47102,73.66,57.65,1
834.vpr_s-sparct1_place-411B,bw200_normal_pythia,0.40484,64.42,45.2,1
834.vpr_s-sparct1_place-411B,bw200_xpt,0.46815,97.14,0.06,1
834.vpr_s-sparct1_place-411B,bw200_xpt_pythia,0.42312,57.07,0.0,1
834.vpr_s-sparct1_place-411B,bw400_nopf,0.49543,0,0,1
834.vpr_s-sparct1_place-411B,bw400_pythia,0.50377,0,0,1
834.vpr_s-sparct1_place-411B,bw400_normal,0.51228,73.65,57.57,1
834.vpr_s-sparct1_place-411B,bw400_normal_pythia,0.51047,64.61,46.4,1
834.vpr_s-sparct1_place-411B,bw400_xpt,0.49576,96.96,0.07,1
834.vpr_s-sparct1_place-411B,bw400_xpt_pythia,0.50399,64.52,0.01,1
834.vpr_s-sparct1_place-411B,bw800_nopf,0.50217,0,0,1
834.vpr_s-sparct1_place-411B,bw800_pythia,0.52566,0,0,1
834.vpr_s-sparct1_place-411B,bw800_normal,0.52144,73.59,57.73,1
834.vpr_s-sparct1_place-411B,bw800_normal_pythia,0.53653,64.44,44.7,1
834.vpr_s-sparct1_place-411B,bw800_xpt,0.50248,96.96,0.07,1
834.vpr_s-sparct1_place-411B,bw800_xpt_pythia,0.52581,56.59,0.0,1
834.vpr_s-sparct1_place-411B,bw1600_nopf,0.50414,0,0,1
834.vpr_s-sparct1_place-411B,bw1600_pythia,0.53777,0,0,1
834.vpr_s-sparct1_place-411B,bw1600_normal,0.5236,73.64,57.67,1
834.vpr_s-sparct1_place-411B,bw1600_normal_pythia,0.54876,64.31,41.83,1
834.vpr_s-sparct1_place-411B,bw1600_xpt,0.50445,96.97,0.07,1
834.vpr_s-sparct1_place-411B,bw1600_xpt_pythia,0.53778,52.38,0.0,1
834.vpr_s-sparct1_place-411B,bw3200_nopf,0.50467,0,0,1
834.vpr_s-sparct1_place-411B,bw3200_pythia,0.54349,0,0,1
834.vpr_s-sparct1_place-411B,bw3200_normal,0.52421,73.64,57.65,1
834.vpr_s-sparct1_place-411B,bw3200_normal_pythia,0.5553,64.37,41.0,1
834.vpr_s-sparct1_place-411B,bw3200_xpt,0.50498,97.11,0.07,1
834.vpr_s-sparct1_place-411B,bw3200_xpt_pythia,0.54355,52.38,0.0,1
834.vpr_s-sparct1_place-411B,bw6400_nopf,0.50485,0,0,1
834.vpr_s-sparct1_place-411B,bw6400_pythia,0.54404,0,0,1
834.vpr_s-sparct1_place-411B,bw6400_normal,0.52444,73.63,57.66,1
834.vpr_s-sparct1_place-411B,bw6400_normal_pythia,0.55611,64.45,40.94,1
834.vpr_s-sparct1_place-411B,bw6400_xpt,0.50516,96.97,0.07,1
834.vpr_s-sparct1_place-411B,bw6400_xpt_pythia,0.54413,52.38,0.0,1
834.vpr_s-wb_conmax_place-461B,bw200_nopf,0.29686,0,0,1
834.vpr_s-wb_conmax_place-461B,bw200_pythia,0.29638,0,0,1
834.vpr_s-wb_conmax_place-461B,bw200_normal,0.29712,100.0,100.0,1
834.vpr_s-wb_conmax_place-461B,bw200_normal_pythia,0.26604,68.98,78.75,1
834.vpr_s-wb_conmax_place-461B,bw200_xpt,0.297,100.0,49.88,1
834.vpr_s-wb_conmax_place-461B,bw200_xpt_pythia,0.2839,65.34,25.05,1
834.vpr_s-wb_conmax_place-461B,bw400_nopf,0.55783,0,0,1
834.vpr_s-wb_conmax_place-461B,bw400_pythia,0.5654,0,0,1
834.vpr_s-wb_conmax_place-461B,bw400_normal,0.56159,100.0,100.0,1
834.vpr_s-wb_conmax_place-461B,bw400_normal_pythia,0.53095,70.14,57.18,1
834.vpr_s-wb_conmax_place-461B,bw400_xpt,0.55963,100.0,49.88,1
834.vpr_s-wb_conmax_place-461B,bw400_xpt_pythia,0.54874,60.38,16.98,1
834.vpr_s-wb_conmax_place-461B,bw800_nopf,0.81558,0,0,1
834.vpr_s-wb_conmax_place-461B,bw800_pythia,1.01999,0,0,1
834.vpr_s-wb_conmax_place-461B,bw800_normal,0.89131,100.0,100.0,1
834.vpr_s-wb_conmax_place-461B,bw800_normal_pythia,1.00722,76.9,33.94,1
834.vpr_s-wb_conmax_place-461B,bw800_xpt,0.85108,100.0,49.86,1
834.vpr_s-wb_conmax_place-461B,bw800_xpt_pythia,1.01691,56.4,3.2,1
834.vpr_s-wb_conmax_place-461B,bw1600_nopf,0.914,0,0,1
834.vpr_s-wb_conmax_place-461B,bw1600_pythia,1.30267,0,0,1
834.vpr_s-wb_conmax_place-461B,bw1600_normal,1.00799,100.0,100.0,1
834.vpr_s-wb_conmax_place-461B,bw1600_normal_pythia,1.30525,76.83,39.99,1
834.vpr_s-wb_conmax_place-461B,bw1600_xpt,0.95641,100.0,49.85,1
834.vpr_s-wb_conmax_place-461B,bw1600_xpt_pythia,1.30257,39.35,0.33,1
834.vpr_s-wb_conmax_place-461B,bw3200_nopf,0.96194,0,0,1
834.vpr_s-wb_conmax_place-461B,bw3200_pythia,1.32659,0,0,1
834.vpr_s-wb_conmax_place-461B,bw3200_normal,1.06329,100.0,100.0,1
834.vpr_s-wb_conmax_place-461B,bw3200_normal_pythia,1.33159,78.18,53.39,1
834.vpr_s-wb_conmax_place-461B,bw3200_xpt,1.0062,100.0,49.84,1
834.vpr_s-wb_conmax_place-461B,bw3200_xpt_pythia,1.32649,36.35,0.03,1
834.vpr_s-wb_conmax_place-461B,bw6400_nopf,0.98161,0,0,1
834.vpr_s-wb_conmax_place-461B,bw6400_pythia,1.32932,0,0,1
834.vpr_s-wb_conmax_place-461B,bw6400_normal,1.08948,100.0,100.0,1
834.vpr_s-wb_conmax_place-461B,bw6400_normal_pythia,1.33481,78.34,57.4,1
834.vpr_s-wb_conmax_place-461B,bw6400_xpt,1.0289,100.0,49.84,1
834.vpr_s-wb_conmax_place-461B,bw6400_xpt_pythia,1.3293,32.92,0.01,1
834.vpr_s-wb_conmax_route-461B,bw200_nopf,0.29689,0,0,1
834.vpr_s-wb_conmax_route-461B,bw200_pythia,0.29602,0,0,1
834.vpr_s-wb_conmax_route-461B,bw200_normal,0.29714,100.0,100.0,1
834.vpr_s-wb_conmax_route-461B,bw200_normal_pythia,0.26571,68.92,78.66,1
834.vpr_s-wb_conmax_route-461B,bw200_xpt,0.29702,100.0,49.88,1
834.vpr_s-wb_conmax_route-461B,bw200_xpt_pythia,0.28354,65.36,25.11,1
834.vpr_s-wb_conmax_route-461B,bw400_nopf,0.55795,0,0,1
834.vpr_s-wb_conmax_route-461B,bw400_pythia,0.56471,0,0,1
834.vpr_s-wb_conmax_route-461B,bw400_normal,0.56174,100.0,100.0,1
834.vpr_s-wb_conmax_route-461B,bw400_normal_pythia,0.5302,70.07,57.13,1
834.vpr_s-wb_conmax_route-461B,bw400_xpt,0.55979,100.0,49.88,1
834.vpr_s-wb_conmax_route-461B,bw400_xpt_pythia,0.54799,60.4,17.05,1
834.vpr_s-wb_conmax_route-461B,bw800_nopf,0.81601,0,0,1
834.vpr_s-wb_conmax_route-461B,bw800_pythia,1.01859,0,0,1
834.vpr_s-wb_conmax_route-461B,bw800_normal,0.89193,100.0,100.0,1
834.vpr_s-wb_conmax_route-461B,bw800_normal_pythia,1.00614,76.93,34.21,1
834.vpr_s-wb_conmax_route-461B,bw800_xpt,0.85163,100.0,49.86,1
834.vpr_s-wb_conmax_route-461B,bw800_xpt_pythia,1.01537,56.12,3.32,1
834.vpr_s-wb_conmax_route-461B,bw1600_nopf,0.91438,0,0,1
834.vpr_s-wb_conmax_route-461B,bw1600_pythia,1.30279,0,0,1
834.vpr_s-wb_conmax_route-461B,bw1600_normal,1.00872,100.0,100.0,1
834.vpr_s-wb_conmax_route-461B,bw1600_normal_pythia,1.30504,76.67,40.35,1
834.vpr_s-wb_conmax_route-461B,bw1600_xpt,0.95705,100.0,49.84,1
834.vpr_s-wb_conmax_route-461B,bw1600_xpt_pythia,1.30262,39.3,0.35,1
834.vpr_s-wb_conmax_route-461B,bw3200_nopf,0.96252,0,0,1
834.vpr_s-wb_conmax_route-461B,bw3200_pythia,1.32683,0,0,1
834.vpr_s-wb_conmax_route-461B,bw3200_normal,1.06396,100.0,100.0,1
834.vpr_s-wb_conmax_route-461B,bw3200_normal_pythia,1.33193,78.2,53.89,1
834.vpr_s-wb_conmax_route-461B,bw3200_xpt,1.00677,100.0,49.84,1
834.vpr_s-wb_conmax_route-461B,bw3200_xpt_pythia,1.32678,38.53,0.04,1
834.vpr_s-wb_conmax_route-461B,bw6400_nopf,0.98187,0,0,1
834.vpr_s-wb_conmax_route-461B,bw6400_pythia,1.3298,0,0,1
834.vpr_s-wb_conmax_route-461B,bw6400_normal,1.0903,100.0,100.0,1
834.vpr_s-wb_conmax_route-461B,bw6400_normal_pythia,1.33516,78.54,58.02,1
834.vpr_s-wb_conmax_route-461B,bw6400_xpt,1.02939,100.0,49.84,1
834.vpr_s-wb_conmax_route-461B,bw6400_xpt_pythia,1.32969,35.78,0.03,1
846.minizinc_s-yumi_dynamic-118B,bw200_nopf,0.26216,0,0,1
846.minizinc_s-yumi_dynamic-118B,bw200_pythia,0.22992,0,0,1
846.minizinc_s-yumi_dynamic-118B,bw200_normal,0.26002,92.64,90.86,1
846.minizinc_s-yumi_dynamic-118B,bw200_normal_pythia,0.22129,80.98,72.34,1
846.minizinc_s-yumi_dynamic-118B,bw200_xpt,0.26337,95.84,13.62,1
846.minizinc_s-yumi_dynamic-118B,bw200_xpt_pythia,0.22951,63.31,1.51,1
846.minizinc_s-yumi_dynamic-118B,bw400_nopf,0.37177,0,0,1
846.minizinc_s-yumi_dynamic-118B,bw400_pythia,0.36548,0,0,1
846.minizinc_s-yumi_dynamic-118B,bw400_normal,0.37385,92.61,90.71,1
846.minizinc_s-yumi_dynamic-118B,bw400_normal_pythia,0.35767,81.86,73.63,1
846.minizinc_s-yumi_dynamic-118B,bw400_xpt,0.37607,95.86,13.62,1
846.minizinc_s-yumi_dynamic-118B,bw400_xpt_pythia,0.36504,56.05,1.3,1
846.minizinc_s-yumi_dynamic-118B,bw800_nopf,0.43368,0,0,1
846.minizinc_s-yumi_dynamic-118B,bw800_pythia,0.47533,0,0,1
846.minizinc_s-yumi_dynamic-118B,bw800_normal,0.45452,92.69,90.76,1
846.minizinc_s-yumi_dynamic-118B,bw800_normal_pythia,0.47377,82.44,73.49,1
846.minizinc_s-yumi_dynamic-118B,bw800_xpt,0.44136,95.92,13.62,1
846.minizinc_s-yumi_dynamic-118B,bw800_xpt_pythia,0.47523,37.71,0.56,1
846.minizinc_s-yumi_dynamic-118B,bw1600_nopf,0.45312,0,0,1
846.minizinc_s-yumi_dynamic-118B,bw1600_pythia,0.522,0,0,1
846.minizinc_s-yumi_dynamic-118B,bw1600_normal,0.4797,92.67,90.77,1
846.minizinc_s-yumi_dynamic-118B,bw1600_normal_pythia,0.52637,82.52,73.26,1
846.minizinc_s-yumi_dynamic-118B,bw1600_xpt,0.46195,95.9,13.62,1
846.minizinc_s-yumi_dynamic-118B,bw1600_xpt_pythia,0.5214,33.68,0.36,1
846.minizinc_s-yumi_dynamic-118B,bw3200_nopf,0.45665,0,0,1
846.minizinc_s-yumi_dynamic-118B,bw3200_pythia,0.52681,0,0,1
846.minizinc_s-yumi_dynamic-118B,bw3200_normal,0.48417,92.65,90.73,1
846.minizinc_s-yumi_dynamic-118B,bw3200_normal_pythia,0.53381,81.8,72.27,1
846.minizinc_s-yumi_dynamic-118B,bw3200_xpt,0.46557,95.89,13.62,1
846.minizinc_s-yumi_dynamic-118B,bw3200_xpt_pythia,0.52782,42.02,0.52,1
846.minizinc_s-yumi_dynamic-118B,bw6400_nopf,0.45762,0,0,1
846.minizinc_s-yumi_dynamic-118B,bw6400_pythia,0.52542,0,0,1
846.minizinc_s-yumi_dynamic-118B,bw6400_normal,0.48593,92.64,90.69,1
846.minizinc_s-yumi_dynamic-118B,bw6400_normal_pythia,0.52916,79.67,67.31,1
846.minizinc_s-yumi_dynamic-118B,bw6400_xpt,0.46664,95.88,13.61,1
846.minizinc_s-yumi_dynamic-118B,bw6400_xpt_pythia,0.52573,46.17,0.56,1
846.minizinc_s-yumi_dynamic-119B,bw200_nopf,0.27305,0,0,1
846.minizinc_s-yumi_dynamic-119B,bw200_pythia,0.2383,0,0,1
846.minizinc_s-yumi_dynamic-119B,bw200_normal,0.27078,93.24,90.61,1
846.minizinc_s-yumi_dynamic-119B,bw200_normal_pythia,0.22934,81.84,72.71,1
846.minizinc_s-yumi_dynamic-119B,bw200_xpt,0.27422,96.28,13.08,1
846.minizinc_s-yumi_dynamic-119B,bw200_xpt_pythia,0.23812,64.52,1.63,1
846.minizinc_s-yumi_dynamic-119B,bw400_nopf,0.38107,0,0,1
846.minizinc_s-yumi_dynamic-119B,bw400_pythia,0.37158,0,0,1
846.minizinc_s-yumi_dynamic-119B,bw400_normal,0.38312,93.28,90.65,1
846.minizinc_s-yumi_dynamic-119B,bw400_normal_pythia,0.36443,82.38,73.29,1
846.minizinc_s-yumi_dynamic-119B,bw400_xpt,0.38468,96.29,13.09,1
846.minizinc_s-yumi_dynamic-119B,bw400_xpt_pythia,0.37099,58.66,1.39,1
846.minizinc_s-yumi_dynamic-119B,bw800_nopf,0.43989,0,0,1
846.minizinc_s-yumi_dynamic-119B,bw800_pythia,0.47411,0,0,1
846.minizinc_s-yumi_dynamic-119B,bw800_normal,0.45853,93.24,90.42,1
846.minizinc_s-yumi_dynamic-119B,bw800_normal_pythia,0.47344,82.83,73.46,1
846.minizinc_s-yumi_dynamic-119B,bw800_xpt,0.44643,96.27,13.09,1
846.minizinc_s-yumi_dynamic-119B,bw800_xpt_pythia,0.47481,39.76,0.61,1
846.minizinc_s-yumi_dynamic-119B,bw1600_nopf,0.45818,0,0,1
846.minizinc_s-yumi_dynamic-119B,bw1600_pythia,0.51646,0,0,1
846.minizinc_s-yumi_dynamic-119B,bw1600_normal,0.48265,93.27,90.52,1
846.minizinc_s-yumi_dynamic-119B,bw1600_normal_pythia,0.52088,82.66,72.64,1
846.minizinc_s-yumi_dynamic-119B,bw1600_xpt,0.46569,96.3,13.08,1
846.minizinc_s-yumi_dynamic-119B,bw1600_xpt_pythia,0.51609,33.18,0.37,1
846.minizinc_s-yumi_dynamic-119B,bw3200_nopf,0.46135,0,0,1
846.minizinc_s-yumi_dynamic-119B,bw3200_pythia,0.52085,0,0,1
846.minizinc_s-yumi_dynamic-119B,bw3200_normal,0.48691,93.25,90.54,1
846.minizinc_s-yumi_dynamic-119B,bw3200_normal_pythia,0.52632,81.87,71.28,1
846.minizinc_s-yumi_dynamic-119B,bw3200_xpt,0.46899,96.27,13.08,1
846.minizinc_s-yumi_dynamic-119B,bw3200_xpt_pythia,0.52169,38.35,0.45,1
846.minizinc_s-yumi_dynamic-119B,bw6400_nopf,0.46227,0,0,1
846.minizinc_s-yumi_dynamic-119B,bw6400_pythia,0.5192,0,0,1
846.minizinc_s-yumi_dynamic-119B,bw6400_normal,0.48769,93.25,90.49,1
846.minizinc_s-yumi_dynamic-119B,bw6400_normal_pythia,0.52529,80.22,66.99,1
846.minizinc_s-yumi_dynamic-119B,bw6400_xpt,0.46996,96.28,13.08,1
846.minizinc_s-yumi_dynamic-119B,bw6400_xpt_pythia,0.52035,35.74,0.36,1
846.minizinc_s-yumi_dynamic-256B,bw200_nopf,0.24301,0,0,1
846.minizinc_s-yumi_dynamic-256B,bw200_pythia,0.2216,0,0,1
846.minizinc_s-yumi_dynamic-256B,bw200_normal,0.24431,92.44,85.22,1
846.minizinc_s-yumi_dynamic-256B,bw200_normal_pythia,0.21711,82.24,59.58,1
846.minizinc_s-yumi_dynamic-256B,bw200_xpt,0.24506,94.31,20.97,1
846.minizinc_s-yumi_dynamic-256B,bw200_xpt_pythia,0.22182,29.88,0.3,1
846.minizinc_s-yumi_dynamic-256B,bw400_nopf,0.29032,0,0,1
846.minizinc_s-yumi_dynamic-256B,bw400_pythia,0.30053,0,0,1
846.minizinc_s-yumi_dynamic-256B,bw400_normal,0.30074,92.37,85.6,1
846.minizinc_s-yumi_dynamic-256B,bw400_normal_pythia,0.29967,82.94,60.45,1
846.minizinc_s-yumi_dynamic-256B,bw400_xpt,0.29602,94.36,20.95,1
846.minizinc_s-yumi_dynamic-256B,bw400_xpt_pythia,0.30048,29.24,0.3,1
846.minizinc_s-yumi_dynamic-256B,bw800_nopf,0.30818,0,0,1
846.minizinc_s-yumi_dynamic-256B,bw800_pythia,0.34168,0,0,1
846.minizinc_s-yumi_dynamic-256B,bw800_normal,0.32619,92.36,85.2,1
846.minizinc_s-yumi_dynamic-256B,bw800_normal_pythia,0.34485,83.47,60.38,1
846.minizinc_s-yumi_dynamic-256B,bw800_xpt,0.31549,94.36,20.95,1
846.minizinc_s-yumi_dynamic-256B,bw800_xpt_pythia,0.34195,27.19,0.27,1
846.minizinc_s-yumi_dynamic-256B,bw1600_nopf,0.31287,0,0,1
846.minizinc_s-yumi_dynamic-256B,bw1600_pythia,0.3544,0,0,1
846.minizinc_s-yumi_dynamic-256B,bw1600_normal,0.33315,92.32,85.19,1
846.minizinc_s-yumi_dynamic-256B,bw1600_normal_pythia,0.35898,83.18,59.75,1
846.minizinc_s-yumi_dynamic-256B,bw1600_xpt,0.32058,94.35,20.96,1
846.minizinc_s-yumi_dynamic-256B,bw1600_xpt_pythia,0.35449,27.02,0.24,1
846.minizinc_s-yumi_dynamic-256B,bw3200_nopf,0.31361,0,0,1
846.minizinc_s-yumi_dynamic-256B,bw3200_pythia,0.35549,0,0,1
846.minizinc_s-yumi_dynamic-256B,bw3200_normal,0.33383,92.39,85.29,1
846.minizinc_s-yumi_dynamic-256B,bw3200_normal_pythia,0.3606,82.51,58.81,1
846.minizinc_s-yumi_dynamic-256B,bw3200_xpt,0.3214,94.35,20.95,1
846.minizinc_s-yumi_dynamic-256B,bw3200_xpt_pythia,0.3555,29.15,0.27,1
846.minizinc_s-yumi_dynamic-256B,bw6400_nopf,0.31388,0,0,1
846.minizinc_s-yumi_dynamic-256B,bw6400_pythia,0.35547,0,0,1
846.minizinc_s-yumi_dynamic-256B,bw6400_normal,0.33405,92.43,85.3,1
846.minizinc_s-yumi_dynamic-256B,bw6400_normal_pythia,0.36049,80.97,54.7,1
846.minizinc_s-yumi_dynamic-256B,bw6400_xpt,0.32165,94.35,20.96,1
846.minizinc_s-yumi_dynamic-256B,bw6400_xpt_pythia,0.35561,26.21,0.25,1
846.minizinc_s-yumi_dynamic-40B,bw200_nopf,0.44387,0,0,1
846.minizinc_s-yumi_dynamic-40B,bw200_pythia,0.3376,0,0,1
846.minizinc_s-yumi_dynamic-40B,bw200_normal,0.4295,81.18,71.19,1
846.minizinc_s-yumi_dynamic-40B,bw200_normal_pythia,0.32406,73.72,55.75,1
846.minizinc_s-yumi_dynamic-40B,bw200_xpt,0.44502,89.32,1.58,1
846.minizinc_s-yumi_dynamic-40B,bw200_xpt_pythia,0.33774,49.57,0.29,1
846.minizinc_s-yumi_dynamic-40B,bw400_nopf,0.53304,0,0,1
846.minizinc_s-yumi_dynamic-40B,bw400_pythia,0.47307,0,0,1
846.minizinc_s-yumi_dynamic-40B,bw400_normal,0.53106,81.18,71.23,1
846.minizinc_s-yumi_dynamic-40B,bw400_normal_pythia,0.46595,74.35,57.69,1
846.minizinc_s-yumi_dynamic-40B,bw400_xpt,0.53396,89.27,1.57,1
846.minizinc_s-yumi_dynamic-40B,bw400_xpt_pythia,0.47357,46.12,0.2,1
846.minizinc_s-yumi_dynamic-40B,bw800_nopf,0.57006,0,0,1
846.minizinc_s-yumi_dynamic-40B,bw800_pythia,0.54028,0,0,1
846.minizinc_s-yumi_dynamic-40B,bw800_normal,0.57792,81.17,71.12,1
846.minizinc_s-yumi_dynamic-40B,bw800_normal_pythia,0.54299,74.28,56.66,1
846.minizinc_s-yumi_dynamic-40B,bw800_xpt,0.57069,89.39,1.57,1
846.minizinc_s-yumi_dynamic-40B,bw800_xpt_pythia,0.5408,44.69,0.13,1
846.minizinc_s-yumi_dynamic-40B,bw1600_nopf,0.57943,0,0,1
846.minizinc_s-yumi_dynamic-40B,bw1600_pythia,0.55661,0,0,1
846.minizinc_s-yumi_dynamic-40B,bw1600_normal,0.58994,81.09,70.98,1
846.minizinc_s-yumi_dynamic-40B,bw1600_normal_pythia,0.56461,73.74,55.07,1
846.minizinc_s-yumi_dynamic-40B,bw1600_xpt,0.58002,89.35,1.58,1
846.minizinc_s-yumi_dynamic-40B,bw1600_xpt_pythia,0.55727,54.3,0.1,1
846.minizinc_s-yumi_dynamic-40B,bw3200_nopf,0.58093,0,0,1
846.minizinc_s-yumi_dynamic-40B,bw3200_pythia,0.55237,0,0,1
846.minizinc_s-yumi_dynamic-40B,bw3200_normal,0.59159,81.09,70.93,1
846.minizinc_s-yumi_dynamic-40B,bw3200_normal_pythia,0.56136,73.65,53.49,1
846.minizinc_s-yumi_dynamic-40B,bw3200_xpt,0.58155,89.41,1.57,1
846.minizinc_s-yumi_dynamic-40B,bw3200_xpt_pythia,0.55234,53.11,0.12,1
846.minizinc_s-yumi_dynamic-40B,bw6400_nopf,0.58135,0,0,1
846.minizinc_s-yumi_dynamic-40B,bw6400_pythia,0.55024,0,0,1
846.minizinc_s-yumi_dynamic-40B,bw6400_normal,0.59249,81.11,70.94,1
846.minizinc_s-yumi_dynamic-40B,bw6400_normal_pythia,0.55821,73.29,50.33,1
846.minizinc_s-yumi_dynamic-40B,bw6400_xpt,0.58196,89.34,1.57,1
846.minizinc_s-yumi_dynamic-40B,bw6400_xpt_pythia,0.55076,68.55,0.24,1
849.fotonik3d_s-default-11846B,bw200_nopf,0.14173,0,0,1
849.fotonik3d_s-default-11846B,bw200_pythia,0.13779,0,0,1
849.fotonik3d_s-default-11846B,bw200_normal,0.14177,100.0,100.0,1
849.fotonik3d_s-default-11846B,bw200_normal_pythia,0.13465,81.28,44.66,1
849.fotonik3d_s-default-11846B,bw200_xpt,0.14175,100.0,47.18,1
849.fotonik3d_s-default-11846B,bw200_xpt_pythia,0.13778,21.4,0.01,1
849.fotonik3d_s-default-11846B,bw400_nopf,0.26921,0,0,1
849.fotonik3d_s-default-11846B,bw400_pythia,0.26135,0,0,1
849.fotonik3d_s-default-11846B,bw400_normal,0.26935,100.0,100.0,1
849.fotonik3d_s-default-11846B,bw400_normal_pythia,0.25627,81.84,45.16,1
849.fotonik3d_s-default-11846B,bw400_xpt,0.2693,100.0,47.21,1
849.fotonik3d_s-default-11846B,bw400_xpt_pythia,0.26134,21.14,0.0,1
849.fotonik3d_s-default-11846B,bw800_nopf,0.46908,0,0,1
849.fotonik3d_s-default-11846B,bw800_pythia,0.47816,0,0,1
849.fotonik3d_s-default-11846B,bw800_normal,0.47534,100.0,100.0,1
849.fotonik3d_s-default-11846B,bw800_normal_pythia,0.4717,83.66,45.8,1
849.fotonik3d_s-default-11846B,bw800_xpt,0.47181,100.0,47.21,1
849.fotonik3d_s-default-11846B,bw800_xpt_pythia,0.47817,15.24,0.0,1
849.fotonik3d_s-default-11846B,bw1600_nopf,0.60046,0,0,1
849.fotonik3d_s-default-11846B,bw1600_pythia,0.77138,0,0,1
849.fotonik3d_s-default-11846B,bw1600_normal,0.62538,100.0,100.0,1
849.fotonik3d_s-default-11846B,bw1600_normal_pythia,0.76683,83.35,47.22,1
849.fotonik3d_s-default-11846B,bw1600_xpt,0.6107,100.0,47.2,1
849.fotonik3d_s-default-11846B,bw1600_xpt_pythia,0.77137,14.53,0.0,1
849.fotonik3d_s-default-11846B,bw3200_nopf,0.65142,0,0,1
849.fotonik3d_s-default-11846B,bw3200_pythia,0.96675,0,0,1
849.fotonik3d_s-default-11846B,bw3200_normal,0.68419,100.0,100.0,1
849.fotonik3d_s-default-11846B,bw3200_normal_pythia,0.96647,82.27,51.2,1
849.fotonik3d_s-default-11846B,bw3200_xpt,0.66459,100.0,47.2,1
849.fotonik3d_s-default-11846B,bw3200_xpt_pythia,0.96675,NaN,0.0,1
849.fotonik3d_s-default-11846B,bw6400_nopf,0.66849,0,0,1
849.fotonik3d_s-default-11846B,bw6400_pythia,1.02171,0,0,1
849.fotonik3d_s-default-11846B,bw6400_normal,0.70359,100.0,100.0,1
849.fotonik3d_s-default-11846B,bw6400_normal_pythia,1.02303,82.03,53.29,1
849.fotonik3d_s-default-11846B,bw6400_xpt,0.68249,100.0,47.2,1
849.fotonik3d_s-default-11846B,bw6400_xpt_pythia,1.02171,NaN,0.0,1
849.fotonik3d_s-default-1927B,bw200_nopf,0.07366,0,0,1
849.fotonik3d_s-default-1927B,bw200_pythia,0.07353,0,0,1
849.fotonik3d_s-default-1927B,bw200_normal,0.07366,100.0,100.0,1
849.fotonik3d_s-default-1927B,bw200_normal_pythia,0.07079,92.05,99.37,1
849.fotonik3d_s-default-1927B,bw200_xpt,0.07366,100.0,48.72,1
849.fotonik3d_s-default-1927B,bw200_xpt_pythia,0.07203,90.49,43.74,1
849.fotonik3d_s-default-1927B,bw400_nopf,0.1342,0,0,1
849.fotonik3d_s-default-1927B,bw400_pythia,0.13495,0,0,1
849.fotonik3d_s-default-1927B,bw400_normal,0.1342,100.0,100.0,1
849.fotonik3d_s-default-1927B,bw400_normal_pythia,0.1304,92.2,99.63,1
849.fotonik3d_s-default-1927B,bw400_xpt,0.13421,100.0,48.72,1
849.fotonik3d_s-default-1927B,bw400_xpt_pythia,0.13251,90.86,44.07,1
849.fotonik3d_s-default-1927B,bw800_nopf,0.23947,0,0,1
849.fotonik3d_s-default-1927B,bw800_pythia,0.23953,0,0,1
849.fotonik3d_s-default-1927B,bw800_normal,0.23768,100.0,100.0,1
849.fotonik3d_s-default-1927B,bw800_normal_pythia,0.23197,92.34,99.63,1
849.fotonik3d_s-default-1927B,bw800_xpt,0.23781,100.0,48.62,1
849.fotonik3d_s-default-1927B,bw800_xpt_pythia,0.23524,90.38,43.6,1
849.fotonik3d_s-default-1927B,bw1600_nopf,0.3852,0,0,1
849.fotonik3d_s-default-1927B,bw1600_pythia,0.39309,0,0,1
849.fotonik3d_s-default-1927B,bw1600_normal,0.38461,100.0,100.0,1
849.fotonik3d_s-default-1927B,bw1600_normal_pythia,0.3849,93.51,99.72,1
849.fotonik3d_s-default-1927B,bw1600_xpt,0.38474,100.0,48.05,1
849.fotonik3d_s-default-1927B,bw1600_xpt_pythia,0.38808,92.09,43.65,1
849.fotonik3d_s-default-1927B,bw3200_nopf,0.58702,0,0,1
849.fotonik3d_s-default-1927B,bw3200_pythia,0.58998,0,0,1
849.fotonik3d_s-default-1927B,bw3200_normal,0.58599,100.0,100.0,1
849.fotonik3d_s-default-1927B,bw3200_normal_pythia,0.58942,99.46,99.91,1
849.fotonik3d_s-default-1927B,bw3200_xpt,0.58681,100.0,46.26,1
849.fotonik3d_s-default-1927B,bw3200_xpt_pythia,0.58963,99.39,45.54,1
849.fotonik3d_s-default-1927B,bw6400_nopf,0.79611,0,0,1
849.fotonik3d_s-default-1927B,bw6400_pythia,0.76848,0,0,1
849.fotonik3d_s-default-1927B,bw6400_normal,0.79452,100.0,100.0,1
849.fotonik3d_s-default-1927B,bw6400_normal_pythia,0.7708,99.47,99.91,1
849.fotonik3d_s-default-1927B,bw6400_xpt,0.79422,100.0,47.08,1
849.fotonik3d_s-default-1927B,bw6400_xpt_pythia,0.77107,99.22,45.57,1
849.fotonik3d_s-default-2571B,bw200_nopf,0.17805,0,0,1
849.fotonik3d_s-default-2571B,bw200_pythia,0.17559,0,0,1
849.fotonik3d_s-default-2571B,bw200_normal,0.17816,100.0,100.0,1
849.fotonik3d_s-default-2571B,bw200_normal_pythia,0.17347,77.6,41.92,1
849.fotonik3d_s-default-2571B,bw200_xpt,0.17811,100.0,48.43,1
849.fotonik3d_s-default-2571B,bw400_nopf,0.32571,0,0,1
849.fotonik3d_s-default-2571B,bw400_pythia,0.33232,0,0,1
849.fotonik3d_s-default-2571B,bw400_normal,0.32798,100.0,100.0,1
849.fotonik3d_s-default-2571B,bw400_normal_pythia,0.32908,77.15,39.24,1
849.fotonik3d_s-default-2571B,bw400_xpt,0.32674,100.0,48.44,1
849.fotonik3d_s-default-2571B,bw400_xpt_pythia,0.33232,NaN,0.0,1
849.fotonik3d_s-default-2571B,bw800_nopf,0.47278,0,0,1
849.fotonik3d_s-default-2571B,bw800_pythia,0.60067,0,0,1
849.fotonik3d_s-default-2571B,bw800_normal,0.48817,100.0,100.0,1
849.fotonik3d_s-default-2571B,bw800_normal_pythia,0.59939,86.81,32.15,1
849.fotonik3d_s-default-2571B,bw800_xpt,0.47961,100.0,48.44,1
849.fotonik3d_s-default-2571B,bw800_xpt_pythia,0.60067,NaN,0.0,1
849.fotonik3d_s-default-2571B,bw1600_nopf,0.53334,0,0,1
849.fotonik3d_s-default-2571B,bw1600_pythia,0.89563,0,0,1
849.fotonik3d_s-default-2571B,bw1600_normal,0.56443,100.0,100.0,1
849.fotonik3d_s-default-2571B,bw1600_normal_pythia,0.89897,97.83,44.85,1
849.fotonik3d_s-default-2571B,bw1600_xpt,0.54645,100.0,48.44,1
849.fotonik3d_s-default-2571B,bw1600_xpt_pythia,0.89563,NaN,0.0,1
849.fotonik3d_s-default-2571B,bw3200_nopf,0.55038,0,0,1
849.fotonik3d_s-default-2571B,bw3200_pythia,0.97387,0,0,1
849.fotonik3d_s-default-2571B,bw3200_normal,0.58833,100.0,100.0,1
849.fotonik3d_s-default-2571B,bw3200_normal_pythia,0.97817,98.31,62.69,1
849.fotonik3d_s-default-2571B,bw3200_xpt,0.56752,100.0,48.44,1
849.fotonik3d_s-default-2571B,bw3200_xpt_pythia,0.97387,NaN,0.0,1
849.fotonik3d_s-default-2571B,bw6400_nopf,0.55825,0,0,1
849.fotonik3d_s-default-2571B,bw6400_pythia,0.98474,0,0,1
849.fotonik3d_s-default-2571B,bw6400_normal,0.59988,100.0,100.0,1
849.fotonik3d_s-default-2571B,bw6400_normal_pythia,0.9891,98.31,67.87,1
849.fotonik3d_s-default-2571B,bw6400_xpt,0.57754,100.0,48.44,1
849.fotonik3d_s-default-2571B,bw6400_xpt_pythia,0.98474,NaN,0.0,1
849.fotonik3d_s-default-7623B,bw200_nopf,0.07367,0,0,1
849.fotonik3d_s-default-7623B,bw200_pythia,0.07355,0,0,1
849.fotonik3d_s-default-7623B,bw200_normal,0.07366,100.0,100.0,1
849.fotonik3d_s-default-7623B,bw200_normal_pythia,0.07083,92.11,99.36,1
849.fotonik3d_s-default-7623B,bw200_xpt,0.07366,100.0,48.71,1
849.fotonik3d_s-default-7623B,bw200_xpt_pythia,0.07206,90.57,43.79,1
849.fotonik3d_s-default-7623B,bw400_nopf,0.13418,0,0,1
849.fotonik3d_s-default-7623B,bw400_pythia,0.13497,0,0,1
849.fotonik3d_s-default-7623B,bw400_normal,0.13419,100.0,100.0,1
849.fotonik3d_s-default-7623B,bw400_normal_pythia,0.13043,92.23,99.62,1
849.fotonik3d_s-default-7623B,bw400_xpt,0.13419,100.0,48.71,1
849.fotonik3d_s-default-7623B,bw400_xpt_pythia,0.13253,90.88,44.12,1
849.fotonik3d_s-default-7623B,bw800_nopf,0.23953,0,0,1
849.fotonik3d_s-default-7623B,bw800_pythia,0.23958,0,0,1
849.fotonik3d_s-default-7623B,bw800_normal,0.23766,100.0,100.0,1
849.fotonik3d_s-default-7623B,bw800_normal_pythia,0.2321,92.4,99.58,1
849.fotonik3d_s-default-7623B,bw800_xpt,0.23778,100.0,48.62,1
849.fotonik3d_s-default-7623B,bw800_xpt_pythia,0.23531,90.39,43.6,1
849.fotonik3d_s-default-7623B,bw1600_nopf,0.38497,0,0,1
849.fotonik3d_s-default-7623B,bw1600_pythia,0.39329,0,0,1
849.fotonik3d_s-default-7623B,bw1600_normal,0.38421,100.0,100.0,1
849.fotonik3d_s-default-7623B,bw1600_normal_pythia,0.38514,93.57,99.69,1
849.fotonik3d_s-default-7623B,bw1600_xpt,0.38442,100.0,48.05,1
849.fotonik3d_s-default-7623B,bw1600_xpt_pythia,0.3882,92.28,43.66,1
849.fotonik3d_s-default-7623B,bw3200_nopf,0.58644,0,0,1
849.fotonik3d_s-default-7623B,bw3200_pythia,0.58934,0,0,1
849.fotonik3d_s-default-7623B,bw3200_normal,0.58552,100.0,100.0,1
849.fotonik3d_s-default-7623B,bw3200_normal_pythia,0.58892,99.48,99.91,1
849.fotonik3d_s-default-7623B,bw3200_xpt,0.58627,100.0,46.3,1
849.fotonik3d_s-default-7623B,bw3200_xpt_pythia,0.58896,99.42,45.56,1
849.fotonik3d_s-default-7623B,bw6400_nopf,0.79859,0,0,1
849.fotonik3d_s-default-7623B,bw6400_pythia,0.77045,0,0,1
849.fotonik3d_s-default-7623B,bw6400_normal,0.79555,100.0,100.0,1
849.fotonik3d_s-default-7623B,bw6400_normal_pythia,0.77167,99.49,99.91,1
849.fotonik3d_s-default-7623B,bw6400_xpt,0.79669,100.0,47.48,1
849.fotonik3d_s-default-7623B,bw6400_xpt_pythia,0.77284,99.25,45.95,1
853.ns3_s-tcp_validation-187B,bw200_xpt,0.04829,76.55,19.59,1
853.ns3_s-tcp_validation-187B,bw200_xpt_pythia,0.04016,46.08,10.71,1
853.ns3_s-tcp_validation-187B,bw400_nopf,0.07465,0,0,1
853.ns3_s-tcp_validation-187B,bw400_pythia,0.06435,0,0,1
853.ns3_s-tcp_validation-187B,bw400_normal,0.07267,72.47,52.22,1
853.ns3_s-tcp_validation-187B,bw400_normal_pythia,0.06277,71.24,58.69,1
853.ns3_s-tcp_validation-187B,bw400_xpt,0.07412,76.61,19.55,1
853.ns3_s-tcp_validation-187B,bw400_xpt_pythia,0.06362,63.83,16.15,1
853.ns3_s-tcp_validation-187B,bw800_nopf,0.10223,0,0,1
853.ns3_s-tcp_validation-187B,bw800_pythia,0.09148,0,0,1
853.ns3_s-tcp_validation-187B,bw800_normal,0.10035,72.53,52.06,1
853.ns3_s-tcp_validation-187B,bw800_normal_pythia,0.08973,71.42,54.62,1
853.ns3_s-tcp_validation-187B,bw800_xpt,0.10175,76.7,19.18,1
853.ns3_s-tcp_validation-187B,bw800_xpt_pythia,0.09062,58.07,15.24,1
853.ns3_s-tcp_validation-187B,bw1600_nopf,0.12405,0,0,1
853.ns3_s-tcp_validation-187B,bw1600_pythia,0.11443,0,0,1
853.ns3_s-tcp_validation-187B,bw1600_normal,0.12286,72.42,51.91,1
853.ns3_s-tcp_validation-187B,bw1600_normal_pythia,0.11333,70.13,52.07,1
853.ns3_s-tcp_validation-187B,bw1600_xpt,0.12382,76.85,18.97,1
853.ns3_s-tcp_validation-187B,bw1600_xpt_pythia,0.11396,62.59,13.29,1
853.ns3_s-tcp_validation-187B,bw3200_nopf,0.1333,0,0,1
853.ns3_s-tcp_validation-187B,bw3200_pythia,0.12636,0,0,1
853.ns3_s-tcp_validation-187B,bw3200_normal,0.13303,72.32,51.71,1
853.ns3_s-tcp_validation-187B,bw3200_normal_pythia,0.12641,74.51,39.11,1
853.ns3_s-tcp_validation-187B,bw3200_xpt,0.13334,76.93,18.62,1
853.ns3_s-tcp_validation-187B,bw3200_xpt_pythia,0.12601,58.75,14.24,1
853.ns3_s-tcp_validation-187B,bw6400_nopf,0.13567,0,0,1
853.ns3_s-tcp_validation-187B,bw6400_pythia,0.12935,0,0,1
853.ns3_s-tcp_validation-187B,bw6400_normal,0.13557,72.3,51.6,1
853.ns3_s-tcp_validation-187B,bw6400_normal_pythia,0.12947,74.48,38.34,1
853.ns3_s-tcp_validation-187B,bw6400_xpt,0.13576,76.95,18.62,1
853.ns3_s-tcp_validation-187B,bw6400_xpt_pythia,0.12904,55.92,12.42,1
854.graph500_s-bfs-1217B,bw200_nopf,0.05547,0,0,1
854.graph500_s-bfs-1217B,bw200_pythia,0.0512,0,0,1
854.graph500_s-bfs-1217B,bw200_normal,0.05009,86.4,99.5,1
854.graph500_s-bfs-1217B,bw200_normal_pythia,0.04817,92.86,99.47,1
854.graph500_s-bfs-1217B,bw200_xpt,0.05615,100.0,3.57,1
854.graph500_s-bfs-1217B,bw200_xpt_pythia,0.0512,100.0,0.0,1
854.graph500_s-bfs-1217B,bw400_nopf,0.07467,0,0,1
854.graph500_s-bfs-1217B,bw400_pythia,0.07927,0,0,1
854.graph500_s-bfs-1217B,bw400_normal,0.07458,86.36,99.57,1
854.graph500_s-bfs-1217B,bw400_normal_pythia,0.07966,92.65,99.71,1
854.graph500_s-bfs-1217B,bw400_xpt,0.0756,100.0,3.58,1
854.graph500_s-bfs-1217B,bw400_xpt_pythia,0.07928,100.0,0.0,1
854.graph500_s-bfs-1217B,bw800_nopf,0.08001,0,0,1
854.graph500_s-bfs-1217B,bw800_pythia,0.08088,0,0,1
854.graph500_s-bfs-1217B,bw800_normal,0.0813,86.39,99.6,1
854.graph500_s-bfs-1217B,bw800_normal_pythia,0.08195,92.71,99.73,1
854.graph500_s-bfs-1217B,bw800_xpt,0.08037,100.0,3.58,1
854.graph500_s-bfs-1217B,bw800_xpt_pythia,0.0809,100.0,0.0,1
854.graph500_s-bfs-1217B,bw1600_nopf,0.08097,0,0,1
854.graph500_s-bfs-1217B,bw1600_pythia,0.08088,0,0,1
854.graph500_s-bfs-1217B,bw1600_normal,0.08219,86.41,99.65,1
854.graph500_s-bfs-1217B,bw1600_normal_pythia,0.08205,93.17,99.84,1
854.graph500_s-bfs-1217B,bw1600_xpt,0.08109,100.0,3.58,1
854.graph500_s-bfs-1217B,bw1600_xpt_pythia,0.08088,100.0,0.0,1
854.graph500_s-bfs-1217B,bw3200_nopf,0.08107,0,0,1
854.graph500_s-bfs-1217B,bw3200_pythia,0.08085,0,0,1
854.graph500_s-bfs-1217B,bw3200_normal,0.08215,86.34,99.65,1
854.graph500_s-bfs-1217B,bw3200_normal_pythia,0.08198,93.75,99.82,1
854.graph500_s-bfs-1217B,bw3200_xpt,0.08118,100.0,3.58,1
854.graph500_s-bfs-1217B,bw3200_xpt_pythia,0.08085,100.0,0.0,1
854.graph500_s-bfs-1217B,bw6400_nopf,0.0811,0,0,1
854.graph500_s-bfs-1217B,bw6400_pythia,0.08077,0,0,1
854.graph500_s-bfs-1217B,bw6400_normal,0.08217,86.33,99.64,1
854.graph500_s-bfs-1217B,bw6400_normal_pythia,0.08187,94.16,99.8,1
854.graph500_s-bfs-1217B,bw6400_xpt,0.08119,100.0,3.58,1
854.graph500_s-bfs-1217B,bw6400_xpt_pythia,0.08077,100.0,0.0,1
854.graph500_s-bfs-3313B,bw200_nopf,0.14627,0,0,1
854.graph500_s-bfs-3313B,bw200_pythia,0.09194,0,0,1
854.graph500_s-bfs-3313B,bw200_normal,0.12875,83.17,73.79,1
854.graph500_s-bfs-3313B,bw200_normal_pythia,0.07994,78.61,91.87,1
854.graph500_s-bfs-3313B,bw200_xpt,0.14624,100.0,12.99,1
854.graph500_s-bfs-3313B,bw200_xpt_pythia,0.09195,24.14,0.0,1
854.graph500_s-bfs-3313B,bw400_nopf,0.28419,0,0,1
854.graph500_s-bfs-3313B,bw400_pythia,0.19255,0,0,1
854.graph500_s-bfs-3313B,bw400_normal,0.25197,83.14,73.72,1
854.graph500_s-bfs-3313B,bw400_normal_pythia,0.1681,80.05,92.8,1
854.graph500_s-bfs-3313B,bw400_xpt,0.28442,100.0,13.0,1
854.graph500_s-bfs-3313B,bw400_xpt_pythia,0.19258,25.0,0.0,1
854.graph500_s-bfs-3313B,bw800_nopf,0.45619,0,0,1
854.graph500_s-bfs-3313B,bw800_pythia,0.36391,0,0,1
854.graph500_s-bfs-3313B,bw800_normal,0.43655,83.05,73.73,1
854.graph500_s-bfs-3313B,bw800_normal_pythia,0.32684,80.67,92.63,1
854.graph500_s-bfs-3313B,bw800_xpt,0.46004,100.0,13.0,1
854.graph500_s-bfs-3313B,bw800_xpt_pythia,0.3639,0.0,0.0,1
854.graph500_s-bfs-3313B,bw1600_nopf,0.52159,0,0,1
854.graph500_s-bfs-3313B,bw1600_pythia,0.51164,0,0,1
854.graph500_s-bfs-3313B,bw1600_normal,0.52687,83.03,73.82,1
854.graph500_s-bfs-3313B,bw1600_normal_pythia,0.49342,81.5,91.92,1
854.graph500_s-bfs-3313B,bw1600_xpt,0.52797,100.0,12.99,1
854.graph500_s-bfs-3313B,bw1600_xpt_pythia,0.51164,0.0,0.0,1
854.graph500_s-bfs-3313B,bw3200_nopf,0.54037,0,0,1
854.graph500_s-bfs-3313B,bw3200_pythia,0.5414,0,0,1
854.graph500_s-bfs-3313B,bw3200_normal,0.54608,83.02,73.89,1
854.graph500_s-bfs-3313B,bw3200_normal_pythia,0.52695,81.47,91.65,1
854.graph500_s-bfs-3313B,bw3200_xpt,0.54704,100.0,12.99,1
854.graph500_s-bfs-3313B,bw3200_xpt_pythia,0.5414,NaN,0.0,1
854.graph500_s-bfs-3313B,bw6400_nopf,0.54807,0,0,1
854.graph500_s-bfs-3313B,bw6400_pythia,0.52643,0,0,1
854.graph500_s-bfs-3313B,bw6400_normal,0.55286,83.04,73.88,1
854.graph500_s-bfs-3313B,bw6400_normal_pythia,0.51372,79.88,90.7,1
854.graph500_s-bfs-3313B,bw6400_xpt,0.55462,100.0,12.99,1
854.graph500_s-bfs-3313B,bw6400_xpt_pythia,0.52643,NaN,0.0,1
865.roms_s-benchmark3-2365B,bw200_nopf,0.07966,0,0,1
865.roms_s-benchmark3-2365B,bw200_pythia,0.07001,0,0,1
865.roms_s-benchmark3-2365B,bw200_normal,0.07971,98.9,98.13,1
865.roms_s-benchmark3-2365B,bw200_normal_pythia,0.06831,88.89,76.02,1
865.roms_s-benchmark3-2365B,bw200_xpt,0.08005,99.3,42.72,1
865.roms_s-benchmark3-2365B,bw200_xpt_pythia,0.06918,77.91,21.22,1
865.roms_s-benchmark3-2365B,bw400_nopf,0.13641,0,0,1
865.roms_s-benchmark3-2365B,bw400_pythia,0.12201,0,0,1
865.roms_s-benchmark3-2365B,bw400_normal,0.13649,98.85,98.08,1
865.roms_s-benchmark3-2365B,bw400_normal_pythia,0.11951,89.1,76.02,1
865.roms_s-benchmark3-2365B,bw400_xpt,0.1368,99.29,42.73,1
865.roms_s-benchmark3-2365B,bw400_xpt_pythia,0.12082,75.55,19.54,1
865.roms_s-benchmark3-2365B,bw800_nopf,0.21226,0,0,1
865.roms_s-benchmark3-2365B,bw800_pythia,0.19518,0,0,1
865.roms_s-benchmark3-2365B,bw800_normal,0.21296,98.83,98.09,1
865.roms_s-benchmark3-2365B,bw800_normal_pythia,0.19208,89.49,75.84,1
865.roms_s-benchmark3-2365B,bw800_xpt,0.21318,99.3,42.64,1
865.roms_s-benchmark3-2365B,bw800_xpt_pythia,0.19377,65.3,13.98,1
865.roms_s-benchmark3-2365B,bw1600_nopf,0.28316,0,0,1
865.roms_s-benchmark3-2365B,bw1600_pythia,0.27767,0,0,1
865.roms_s-benchmark3-2365B,bw1600_normal,0.28669,98.84,98.09,1
865.roms_s-benchmark3-2365B,bw1600_normal_pythia,0.27488,90.2,75.0,1
865.roms_s-benchmark3-2365B,bw1600_xpt,0.28533,99.29,42.74,1
865.roms_s-benchmark3-2365B,bw1600_xpt_pythia,0.27653,60.04,10.89,1
865.roms_s-benchmark3-2365B,bw3200_nopf,0.31332,0,0,1
865.roms_s-benchmark3-2365B,bw3200_pythia,0.32519,0,0,1
865.roms_s-benchmark3-2365B,bw3200_normal,0.31854,98.84,98.05,1
865.roms_s-benchmark3-2365B,bw3200_normal_pythia,0.32322,89.4,72.68,1
865.roms_s-benchmark3-2365B,bw3200_xpt,0.31623,99.31,43.35,1
865.roms_s-benchmark3-2365B,bw3200_xpt_pythia,0.32441,59.81,10.03,1
865.roms_s-benchmark3-2365B,bw6400_nopf,0.32341,0,0,1
865.roms_s-benchmark3-2365B,bw6400_pythia,0.33866,0,0,1
865.roms_s-benchmark3-2365B,bw6400_normal,0.32901,98.83,97.97,1
865.roms_s-benchmark3-2365B,bw6400_normal_pythia,0.33662,88.32,69.92,1
865.roms_s-benchmark3-2365B,bw6400_xpt,0.32647,99.31,43.54,1
865.roms_s-benchmark3-2365B,bw6400_xpt_pythia,0.3378,58.65,9.51,1
865.roms_s-benchmark3-2540B,bw200_normal,0.02956,99.16,98.82,1
865.roms_s-benchmark3-2540B,bw400_pythia,0.05509,0,0,1
865.roms_s-benchmark3-2540B,bw400_normal_pythia,0.05169,82.86,86.85,1
865.roms_s-benchmark3-2540B,bw400_xpt,0.05623,99.6,44.77,1
865.roms_s-benchmark3-2540B,bw400_xpt_pythia,0.0534,76.25,27.75,1
865.roms_s-benchmark3-2540B,bw800_nopf,0.10408,0,0,1
865.roms_s-benchmark3-2540B,bw800_pythia,0.10213,0,0,1
865.roms_s-benchmark3-2540B,bw800_normal,0.10414,99.16,98.88,1
865.roms_s-benchmark3-2540B,bw800_normal_pythia,0.09583,82.34,87.77,1
865.roms_s-benchmark3-2540B,bw800_xpt,0.10425,99.6,44.47,1
865.roms_s-benchmark3-2540B,bw800_xpt_pythia,0.09885,74.64,27.42,1
865.roms_s-benchmark3-2540B,bw1600_nopf,0.17407,0,0,1
865.roms_s-benchmark3-2540B,bw1600_pythia,0.17614,0,0,1
865.roms_s-benchmark3-2540B,bw1600_normal,0.17637,99.13,98.87,1
865.roms_s-benchmark3-2540B,bw1600_normal_pythia,0.16647,81.08,85.57,1
865.roms_s-benchmark3-2540B,bw1600_xpt,0.17549,99.62,44.2,1
865.roms_s-benchmark3-2540B,bw1600_xpt_pythia,0.17121,73.61,26.99,1
865.roms_s-benchmark3-2540B,bw3200_nopf,0.21339,0,0,1
865.roms_s-benchmark3-2540B,bw3200_pythia,0.23047,0,0,1
865.roms_s-benchmark3-2540B,bw3200_normal,0.21935,99.27,99.05,1
865.roms_s-benchmark3-2540B,bw3200_normal_pythia,0.22239,79.08,83.99,1
865.roms_s-benchmark3-2540B,bw3200_xpt,0.2164,99.59,43.95,1
865.roms_s-benchmark3-2540B,bw3200_xpt_pythia,0.22717,69.79,24.25,1
865.roms_s-benchmark3-2540B,bw6400_nopf,0.22869,0,0,1
865.roms_s-benchmark3-2540B,bw6400_pythia,0.25046,0,0,1
865.roms_s-benchmark3-2540B,bw6400_normal,0.23601,99.28,99.07,1
865.roms_s-benchmark3-2540B,bw6400_normal_pythia,0.24114,77.81,82.25,1
865.roms_s-benchmark3-2540B,bw6400_xpt,0.23243,99.59,43.78,1
865.roms_s-benchmark3-2540B,bw6400_xpt_pythia,0.24521,69.88,24.35,1
865.roms_s-benchmark3-3753B,bw200_nopf,0.31853,0,0,1
865.roms_s-benchmark3-3753B,bw200_pythia,0.32876,0,0,1
865.roms_s-benchmark3-3753B,bw200_normal,0.32105,99.98,99.98,1
865.roms_s-benchmark3-3753B,bw200_normal_pythia,0.31859,84.63,67.83,1
865.roms_s-benchmark3-3753B,bw200_xpt,0.32001,99.98,45.91,1
865.roms_s-benchmark3-3753B,bw200_xpt_pythia,0.32476,79.03,17.8,1
865.roms_s-benchmark3-3753B,bw400_nopf,0.52367,0,0,1
865.roms_s-benchmark3-3753B,bw400_pythia,0.55603,0,0,1
865.roms_s-benchmark3-3753B,bw400_normal,0.53217,99.98,99.97,1
865.roms_s-benchmark3-3753B,bw400_normal_pythia,0.54248,85.26,68.25,1
865.roms_s-benchmark3-3753B,bw400_xpt,0.52793,99.97,45.93,1
865.roms_s-benchmark3-3753B,bw400_xpt_pythia,0.55091,80.83,18.08,1
865.roms_s-benchmark3-3753B,bw800_nopf,0.76877,0,0,1
865.roms_s-benchmark3-3753B,bw800_pythia,0.84544,0,0,1
865.roms_s-benchmark3-3753B,bw800_normal,0.78989,99.98,99.98,1
865.roms_s-benchmark3-3753B,bw800_normal_pythia,0.82981,84.32,66.95,1
865.roms_s-benchmark3-3753B,bw800_xpt,0.77846,99.98,45.65,1
865.roms_s-benchmark3-3753B,bw800_xpt_pythia,0.83984,80.04,16.65,1
865.roms_s-benchmark3-3753B,bw1600_nopf,0.96428,0,0,1
865.roms_s-benchmark3-3753B,bw1600_pythia,1.12348,0,0,1
865.roms_s-benchmark3-3753B,bw1600_normal,1.00132,99.98,99.98,1
865.roms_s-benchmark3-3753B,bw1600_normal_pythia,1.11158,82.61,62.55,1
865.roms_s-benchmark3-3753B,bw1600_xpt,0.98167,99.99,45.51,1
865.roms_s-benchmark3-3753B,bw1600_xpt_pythia,1.11885,72.96,12.81,1
865.roms_s-benchmark3-3753B,bw3200_nopf,1.03634,0,0,1
865.roms_s-benchmark3-3753B,bw3200_pythia,1.28085,0,0,1
865.roms_s-benchmark3-3753B,bw3200_normal,1.08468,99.98,99.97,1
865.roms_s-benchmark3-3753B,bw3200_normal_pythia,1.27536,81.8,63.04,1
865.roms_s-benchmark3-3753B,bw3200_xpt,1.05939,99.98,45.41,1
865.roms_s-benchmark3-3753B,bw3200_xpt_pythia,1.27763,71.18,12.59,1
865.roms_s-benchmark3-3753B,bw6400_nopf,1.05563,0,0,1
865.roms_s-benchmark3-3753B,bw6400_pythia,1.31926,0,0,1
865.roms_s-benchmark3-3753B,bw6400_normal,1.10767,99.98,99.98,1
865.roms_s-benchmark3-3753B,bw6400_normal_pythia,1.3151,81.33,62.49,1
865.roms_s-benchmark3-3753B,bw6400_xpt,1.08081,99.98,45.41,1
865.roms_s-benchmark3-3753B,bw6400_xpt_pythia,1.31654,69.65,12.27,1
865.roms_s-benchmark3-7363B,bw200_nopf,0.07488,0,0,1
865.roms_s-benchmark3-7363B,bw200_pythia,0.05666,0,0,1
865.roms_s-benchmark3-7363B,bw200_normal,0.07257,94.12,86.32,1
865.roms_s-benchmark3-7363B,bw200_xpt,0.07418,95.81,38.6,1
865.roms_s-benchmark3-7363B,bw200_xpt_pythia,0.05539,73.79,21.67,1
865.roms_s-benchmark3-7363B,bw400_nopf,0.1405,0,0,1
865.roms_s-benchmark3-7363B,bw400_pythia,0.10642,0,0,1
865.roms_s-benchmark3-7363B,bw400_normal_pythia,0.10192,80.41,62.99,1
865.roms_s-benchmark3-7363B,bw400_xpt,0.13925,95.84,38.52,1
865.roms_s-benchmark3-7363B,bw400_xpt_pythia,0.10417,73.3,21.15,1
865.roms_s-benchmark3-7363B,bw800_nopf,0.24994,0,0,1
865.roms_s-benchmark3-7363B,bw800_pythia,0.19179,0,0,1
865.roms_s-benchmark3-7363B,bw800_normal,0.24348,93.94,86.28,1
865.roms_s-benchmark3-7363B,bw800_normal_pythia,0.18493,80.16,62.02,1
865.roms_s-benchmark3-7363B,bw800_xpt,0.24768,95.81,38.44,1
865.roms_s-benchmark3-7363B,bw800_xpt_pythia,0.18831,72.84,20.32,1
865.roms_s-benchmark3-7363B,bw1600_nopf,0.38866,0,0,1
865.roms_s-benchmark3-7363B,bw1600_pythia,0.31492,0,0,1
865.roms_s-benchmark3-7363B,bw1600_normal,0.3848,93.97,86.56,1
865.roms_s-benchmark3-7363B,bw1600_normal_pythia,0.30622,79.31,59.21,1
865.roms_s-benchmark3-7363B,bw1600_xpt,0.39032,95.96,38.17,1
865.roms_s-benchmark3-7363B,bw1600_xpt_pythia,0.31072,70.8,19.09,1
865.roms_s-benchmark3-7363B,bw3200_nopf,0.46728,0,0,1
865.roms_s-benchmark3-7363B,bw3200_pythia,0.39292,0,0,1
865.roms_s-benchmark3-7363B,bw3200_normal,0.46675,93.69,86.68,1
865.roms_s-benchmark3-7363B,bw3200_normal_pythia,0.38685,77.17,55.57,1
865.roms_s-benchmark3-7363B,bw3200_xpt,0.47125,95.99,37.94,1
865.roms_s-benchmark3-7363B,bw3200_xpt_pythia,0.38992,68.05,17.35,1
865.roms_s-benchmark3-7363B,bw6400_nopf,0.49227,0,0,1
865.roms_s-benchmark3-7363B,bw6400_pythia,0.41912,0,0,1
865.roms_s-benchmark3-7363B,bw6400_normal,0.49326,93.86,86.64,1
865.roms_s-benchmark3-7363B,bw6400_normal_pythia,0.41276,75.57,53.45,1
865.roms_s-benchmark3-7363B,bw6400_xpt,0.49686,95.96,37.89,1
865.roms_s-benchmark3-7363B,bw6400_xpt_pythia,0.41619,66.35,16.37,1
867.nest_s-microcircuit-2574B,bw200_nopf,0.10227,0,0,1
867.nest_s-microcircuit-2574B,bw200_pythia,0.10038,0,0,1
867.nest_s-microcircuit-2574B,bw200_normal,0.10464,97.99,99.75,1
867.nest_s-microcircuit-2574B,bw200_normal_pythia,0.10009,97.02,96.34,1
867.nest_s-microcircuit-2574B,bw200_xpt,0.10138,100.0,4.96,1
867.nest_s-microcircuit-2574B,bw200_xpt_pythia,0.10039,62.86,0.0,1
867.nest_s-microcircuit-2574B,bw400_nopf,0.12392,0,0,1
867.nest_s-microcircuit-2574B,bw400_pythia,0.12639,0,0,1
867.nest_s-microcircuit-2574B,bw400_normal,0.13524,97.99,99.75,1
867.nest_s-microcircuit-2574B,bw400_normal_pythia,0.13609,97.38,96.09,1
867.nest_s-microcircuit-2574B,bw400_xpt,0.12328,100.0,4.96,1
867.nest_s-microcircuit-2574B,bw400_xpt_pythia,0.12639,62.86,0.0,1
867.nest_s-microcircuit-2574B,bw800_nopf,0.13443,0,0,1
867.nest_s-microcircuit-2574B,bw800_pythia,0.14119,0,0,1
867.nest_s-microcircuit-2574B,bw800_normal,0.14894,97.99,99.75,1
867.nest_s-microcircuit-2574B,bw800_normal_pythia,0.15481,97.78,96.39,1
867.nest_s-microcircuit-2574B,bw800_xpt,0.13426,100.0,4.96,1
867.nest_s-microcircuit-2574B,bw800_xpt_pythia,0.14118,62.86,0.0,1
867.nest_s-microcircuit-2574B,bw1600_nopf,0.13797,0,0,1
867.nest_s-microcircuit-2574B,bw1600_pythia,0.14913,0,0,1
867.nest_s-microcircuit-2574B,bw1600_normal,0.15347,97.98,99.74,1
867.nest_s-microcircuit-2574B,bw1600_normal_pythia,0.16508,97.8,96.39,1
867.nest_s-microcircuit-2574B,bw1600_xpt,0.13786,100.0,4.96,1
867.nest_s-microcircuit-2574B,bw1600_xpt_pythia,0.14913,48.04,0.0,1
867.nest_s-microcircuit-2574B,bw3200_nopf,0.13912,0,0,1
867.nest_s-microcircuit-2574B,bw3200_pythia,0.15137,0,0,1
867.nest_s-microcircuit-2574B,bw3200_normal,0.15519,97.98,99.75,1
867.nest_s-microcircuit-2574B,bw3200_normal_pythia,0.16759,98.04,96.71,1
867.nest_s-microcircuit-2574B,bw3200_xpt,0.13906,100.0,4.96,1
867.nest_s-microcircuit-2574B,bw3200_xpt_pythia,0.15137,48.04,0.0,1
867.nest_s-microcircuit-2574B,bw6400_nopf,0.13942,0,0,1
867.nest_s-microcircuit-2574B,bw6400_pythia,0.15201,0,0,1
867.nest_s-microcircuit-2574B,bw6400_normal,0.156,97.98,99.75,1
867.nest_s-microcircuit-2574B,bw6400_normal_pythia,0.16849,98.03,96.73,1
867.nest_s-microcircuit-2574B,bw6400_xpt,0.13936,100.0,4.96,1
867.nest_s-microcircuit-2574B,bw6400_xpt_pythia,0.15201,48.04,0.0,1
867.nest_s-microcircuit-9846B,bw200_nopf,0.12595,0,0,1
867.nest_s-microcircuit-9846B,bw200_pythia,0.12561,0,0,1
867.nest_s-microcircuit-9846B,bw200_normal,0.12798,98.9,99.55,1
867.nest_s-microcircuit-9846B,bw200_normal_pythia,0.12427,95.9,94.34,1
867.nest_s-microcircuit-9846B,bw200_xpt,0.12586,100.0,3.77,1
867.nest_s-microcircuit-9846B,bw200_xpt_pythia,0.12563,66.13,0.0,1
867.nest_s-microcircuit-9846B,bw400_nopf,0.17788,0,0,1
867.nest_s-microcircuit-9846B,bw400_pythia,0.18729,0,0,1
867.nest_s-microcircuit-9846B,bw400_normal,0.18928,98.9,99.55,1
867.nest_s-microcircuit-9846B,bw400_normal_pythia,0.1955,96.8,94.05,1
867.nest_s-microcircuit-9846B,bw400_xpt,0.17814,100.0,3.77,1
867.nest_s-microcircuit-9846B,bw400_xpt_pythia,0.18731,66.13,0.0,1
867.nest_s-microcircuit-9846B,bw800_nopf,0.21247,0,0,1
867.nest_s-microcircuit-9846B,bw800_pythia,0.23565,0,0,1
867.nest_s-microcircuit-9846B,bw800_normal,0.23158,98.9,99.55,1
867.nest_s-microcircuit-9846B,bw800_normal_pythia,0.25125,97.14,94.48,1
867.nest_s-microcircuit-9846B,bw800_xpt,0.21281,100.0,3.77,1
867.nest_s-microcircuit-9846B,bw800_xpt_pythia,0.23568,66.13,0.0,1
867.nest_s-microcircuit-9846B,bw1600_nopf,0.22565,0,0,1
867.nest_s-microcircuit-9846B,bw1600_pythia,0.25554,0,0,1
867.nest_s-microcircuit-9846B,bw1600_normal,0.24791,98.91,99.55,1
867.nest_s-microcircuit-9846B,bw1600_normal_pythia,0.27852,97.17,93.86,1
867.nest_s-microcircuit-9846B,bw1600_xpt,0.22593,100.0,3.77,1
867.nest_s-microcircuit-9846B,bw1600_xpt_pythia,0.25555,66.13,0.0,1
867.nest_s-microcircuit-9846B,bw3200_nopf,0.23029,0,0,1
867.nest_s-microcircuit-9846B,bw3200_pythia,0.26507,0,0,1
867.nest_s-microcircuit-9846B,bw3200_normal,0.25436,98.91,99.55,1
867.nest_s-microcircuit-9846B,bw3200_normal_pythia,0.28848,97.51,94.74,1
867.nest_s-microcircuit-9846B,bw3200_xpt,0.23085,100.0,3.77,1
867.nest_s-microcircuit-9846B,bw3200_xpt_pythia,0.26505,66.13,0.0,1
867.nest_s-microcircuit-9846B,bw6400_nopf,0.23149,0,0,1
867.nest_s-microcircuit-9846B,bw6400_pythia,0.26829,0,0,1
867.nest_s-microcircuit-9846B,bw6400_normal,0.25759,98.91,99.55,1
867.nest_s-microcircuit-9846B,bw6400_normal_pythia,0.29265,97.53,94.84,1
867.nest_s-microcircuit-9846B,bw6400_xpt,0.2321,100.0,3.77,1
867.nest_s-microcircuit-9846B,bw6400_xpt_pythia,0.26827,66.13,0.0,1
881.neutron_s-rsbench_history-421B,bw200_nopf,0.49502,0,0,1
881.neutron_s-rsbench_history-421B,bw200_pythia,0.46618,0,0,1
881.neutron_s-rsbench_history-421B,bw200_normal,0.50805,99.95,99.99,1
881.neutron_s-rsbench_history-421B,bw200_normal_pythia,0.47485,99.89,99.99,1
881.neutron_s-rsbench_history-421B,bw200_xpt,0.49502,100.0,0.0,1
881.neutron_s-rsbench_history-421B,bw200_xpt_pythia,0.46618,NaN,0.0,1
881.neutron_s-rsbench_history-421B,bw400_nopf,0.67546,0,0,1
881.neutron_s-rsbench_history-421B,bw400_pythia,0.66503,0,0,1
881.neutron_s-rsbench_history-421B,bw400_normal,0.70551,99.95,99.99,1
881.neutron_s-rsbench_history-421B,bw400_normal_pythia,0.69375,99.55,99.89,1
881.neutron_s-rsbench_history-421B,bw400_xpt,0.67546,100.0,0.0,1
881.neutron_s-rsbench_history-421B,bw400_xpt_pythia,0.66503,NaN,0.0,1
881.neutron_s-rsbench_history-421B,bw800_nopf,0.82024,0,0,1
881.neutron_s-rsbench_history-421B,bw800_pythia,0.80919,0,0,1
881.neutron_s-rsbench_history-421B,bw800_normal,0.86498,99.95,99.99,1
881.neutron_s-rsbench_history-421B,bw800_normal_pythia,0.8527,98.55,99.03,1
881.neutron_s-rsbench_history-421B,bw800_xpt,0.82024,100.0,0.0,1
881.neutron_s-rsbench_history-421B,bw800_xpt_pythia,0.80919,NaN,0.0,1
881.neutron_s-rsbench_history-421B,bw1600_nopf,0.9167,0,0,1
881.neutron_s-rsbench_history-421B,bw1600_pythia,0.90775,0,0,1
881.neutron_s-rsbench_history-421B,bw1600_normal,0.97293,99.95,99.99,1
881.neutron_s-rsbench_history-421B,bw1600_normal_pythia,0.96286,98.55,99.03,1
881.neutron_s-rsbench_history-421B,bw1600_xpt,0.9167,100.0,0.0,1
881.neutron_s-rsbench_history-421B,bw1600_xpt_pythia,0.90775,NaN,0.0,1
881.neutron_s-rsbench_history-421B,bw3200_nopf,0.95743,0,0,1
881.neutron_s-rsbench_history-421B,bw3200_pythia,0.95261,0,0,1
881.neutron_s-rsbench_history-421B,bw3200_normal,1.01841,99.95,99.99,1
881.neutron_s-rsbench_history-421B,bw3200_normal_pythia,1.01322,98.55,99.03,1
881.neutron_s-rsbench_history-421B,bw3200_xpt,0.95743,100.0,0.0,1
881.neutron_s-rsbench_history-421B,bw3200_xpt_pythia,0.95261,NaN,0.0,1
881.neutron_s-rsbench_history-421B,bw6400_nopf,0.96324,0,0,1
881.neutron_s-rsbench_history-421B,bw6400_pythia,0.96111,0,0,1
881.neutron_s-rsbench_history-421B,bw6400_normal,1.02486,99.95,99.99,1
881.neutron_s-rsbench_history-421B,bw6400_normal_pythia,1.02271,98.55,99.03,1
881.neutron_s-rsbench_history-421B,bw6400_xpt,0.96324,100.0,0.0,1
881.neutron_s-rsbench_history-421B,bw6400_xpt_pythia,0.96111,NaN,0.0,1
881.neutron_s-xsbench_event_unionized-1137B,bw200_nopf,0.88141,0,0,1
881.neutron_s-xsbench_event_unionized-1137B,bw200_pythia,0.88248,0,0,1
881.neutron_s-xsbench_event_unionized-1137B,bw200_normal,0.8812,99.7,98.93,1
881.neutron_s-xsbench_event_unionized-1137B,bw200_normal_pythia,0.86357,76.61,44.92,1
881.neutron_s-xsbench_event_unionized-1137B,bw200_xpt,0.88107,98.21,49.46,1
881.neutron_s-xsbench_event_unionized-1137B,bw200_xpt_pythia,0.87371,56.62,9.53,1
881.neutron_s-xsbench_event_unionized-1137B,bw400_nopf,1.30763,0,0,1
881.neutron_s-xsbench_event_unionized-1137B,bw400_pythia,1.29249,0,0,1
881.neutron_s-xsbench_event_unionized-1137B,bw400_normal,1.30689,99.7,98.92,1
881.neutron_s-xsbench_event_unionized-1137B,bw400_normal_pythia,1.27586,78.81,43.74,1
881.neutron_s-xsbench_event_unionized-1137B,bw400_xpt,1.30806,98.22,49.49,1
881.neutron_s-xsbench_event_unionized-1137B,bw400_xpt_pythia,1.28573,61.1,8.08,1
881.neutron_s-xsbench_event_unionized-1137B,bw800_nopf,1.68506,0,0,1
881.neutron_s-xsbench_event_unionized-1137B,bw800_pythia,1.68767,0,0,1
881.neutron_s-xsbench_event_unionized-1137B,bw800_normal,1.68839,99.71,98.9,1
881.neutron_s-xsbench_event_unionized-1137B,bw800_normal_pythia,1.67604,81.38,44.07,1
881.neutron_s-xsbench_event_unionized-1137B,bw800_xpt,1.68556,98.21,49.49,1
881.neutron_s-xsbench_event_unionized-1137B,bw800_xpt_pythia,1.68429,65.48,6.32,1
881.neutron_s-xsbench_event_unionized-1137B,bw1600_nopf,1.88055,0,0,1
881.neutron_s-xsbench_event_unionized-1137B,bw1600_pythia,1.95848,0,0,1
881.neutron_s-xsbench_event_unionized-1137B,bw1600_normal,1.88802,99.7,98.91,1
881.neutron_s-xsbench_event_unionized-1137B,bw1600_normal_pythia,1.95073,81.17,46.28,1
881.neutron_s-xsbench_event_unionized-1137B,bw1600_xpt,1.87762,98.17,49.49,1
881.neutron_s-xsbench_event_unionized-1137B,bw1600_xpt_pythia,1.95717,74.65,5.51,1
881.neutron_s-xsbench_event_unionized-1137B,bw3200_nopf,1.94605,0,0,1
881.neutron_s-xsbench_event_unionized-1137B,bw3200_pythia,2.0694,0,0,1
881.neutron_s-xsbench_event_unionized-1137B,bw3200_normal,1.96143,99.7,98.92,1
881.neutron_s-xsbench_event_unionized-1137B,bw3200_normal_pythia,2.06593,83.47,45.4,1
881.neutron_s-xsbench_event_unionized-1137B,bw3200_xpt,1.94961,98.16,49.49,1
881.neutron_s-xsbench_event_unionized-1137B,bw3200_xpt_pythia,2.0694,84.79,5.21,1
881.neutron_s-xsbench_event_unionized-1137B,bw6400_nopf,1.96584,0,0,1
881.neutron_s-xsbench_event_unionized-1137B,bw6400_pythia,2.10302,0,0,1
881.neutron_s-xsbench_event_unionized-1137B,bw6400_normal,1.98253,99.7,98.91,1
881.neutron_s-xsbench_event_unionized-1137B,bw6400_normal_pythia,2.10036,84.26,46.72,1
881.neutron_s-xsbench_event_unionized-1137B,bw6400_xpt,1.96916,98.17,49.49,1
881.neutron_s-xsbench_event_unionized-1137B,bw6400_xpt_pythia,2.10263,88.88,5.25,1
